Loan_ID,Gender,Marital_Status,Dependents,Education,Employment_Status,Job_Tenure,Industry,Applicant_Annual_Income,CoApplicant_Annual_Income,Other_Income,Monthly_Debt_Obligations,Credit_Tier,Credit_Score,Bankruptcy_History,Late_Payments_2yr,Credit_Utilization_Pct,Loan_Type,Loan_Purpose,Loan_Amount_K,Loan_Term_Months,Down_Payment_Pct,Property_Area,Collateral,Loan_Status
NV0000001,Male,Single,1,Bachelor's Degree,Business Owner,2-5 years,Manufacturing,40155,0,0,3000,Fair (580-669),625,None,3,65,Home Purchase,Vacation Home,10,60,20.0,Rural,Vehicle,Rejected
NV0000002,Non-binary,Single,2,High School,Independent Contractor,2-5 years,Education,34404,0,0,2000,Very Good (740-799),770,None,0,20,Home Purchase,Home Improvement,800,360,10.0,Semiurban,Real Estate,Rejected
NV0000003,Female,Divorced,2,Master's Degree,Full-time Employee,1-2 years,Government,44772,0,0,7500,Exceptional (800-850),825,Discharged 7+ years ago,0,45,Personal Loan,Business Capital,100,360,20.0,Suburban,Real Estate,Rejected
NV0000004,Female,Single,0,Bachelor's Degree,Retired,5-10 years,Finance,51547,0,0,800,Fair (580-669),625,Discharged 7+ years ago,0,5,Home Purchase,Investment Property,50,360,20.0,Rural,Vehicle,Approved
NV0000005,Male,Single,0,High School,Self-Employed,2-5 years,Retail,94188,0,8000,2000,Exceptional (800-850),825,Discharged 7+ years ago,1,45,Debt Consolidation,Medical,15,120,20.0,Urban,Business Assets,Approved
NV0000006,Male,Married,0,Doctoral Degree,Full-time Employee,10+ years,Technology,165834,42000,0,1000,Good (670-739),705,Discharged 7+ years ago,3,20,Home Purchase,Primary Residence,150,360,0.0,Rural,Vehicle,Manual Review
NV0000007,Male,Married,0,Bachelor's Degree,Business Owner,<6 months,Other,96091,28000,3000,0,Exceptional (800-850),825,None,1,20,Auto Loan,Primary Residence,30,360,0.0,Urban,Vehicle,Approved
NV0000008,Female,Married,1,High School,Full-time Employee,5-10 years,Finance,75757,28000,0,0,Very Good (740-799),770,None,1,5,Personal Loan,Investment Property,800,120,20.0,Semiurban,None (Unsecured),Rejected
NV0000009,Female,Single,2,Bachelor's Degree,Independent Contractor,5-10 years,Construction,98104,0,0,0,Good (670-739),705,None,0,5,Home Purchase,Primary Residence,500,360,5.0,Rural,Real Estate,Approved
NV0000010,Female,Married,0,Associate Degree,Full-time Employee,5-10 years,Legal,100477,42000,5000,500,Good (670-739),705,None,0,5,Personal Loan,Major Purchase,150,360,20.0,Suburban,Investment Portfolio,Approved
NV0000011,Male,Single,0,Master's Degree,Government/Military,10+ years,Legal,60813,0,0,200,Very Good (740-799),770,None,1,20,Personal Loan,Medical,600,240,20.0,Semiurban,None (Unsecured),Rejected
NV0000012,Prefer not to say,Single,1,Master's Degree,Part-time Employee,5-10 years,Other,42482,0,0,2000,Very Good (740-799),770,None,1,65,HELOC,Investment Property,20,360,30.0,Suburban,Real Estate,Manual Review
NV0000013,Female,Divorced,2,No Formal Education,Independent Contractor,10+ years,Healthcare,38743,0,0,2000,Very Good (740-799),770,None,1,20,HELOC,Major Purchase,30,480,25.0,Rural,Real Estate,Rejected
NV0000014,Male,Single,0,Bachelor's Degree,Full-time Employee,2-5 years,Education,85015,0,0,5000,Good (670-739),705,None,2,45,Home Purchase,Home Improvement,30,60,10.0,Semiurban,None (Unsecured),Rejected
NV0000015,Male,Married,2,Bachelor's Degree,Independent Contractor,2-5 years,Retail,224136,0,0,500,Very Poor (300-499),420,None,2,5,Home Refinance,Debt Consolidation,15,360,20.0,Semiurban,None (Unsecured),Rejected
NV0000016,Male,Married,0,Master's Degree,Freelancer,<6 months,Finance,67423,42000,0,5000,Fair (580-669),625,None,2,20,Debt Consolidation,Medical,600,360,3.5,Rural,Real Estate,Rejected
NV0000017,Male,Married,3,High School,Part-time Employee,<6 months,Technology,159143,28000,0,1500,Exceptional (800-850),825,None,3,20,Personal Loan,Vacation Home,15,360,10.0,Urban,Real Estate,Approved
NV0000018,Male,Divorced,3,Bachelor's Degree,Self-Employed,1-2 years,Manufacturing,17294,0,0,800,Exceptional (800-850),825,None,4,85,Personal Loan,Home Improvement,250,360,20.0,Suburban,Real Estate,Rejected
NV0000019,Male,Single,0,Bachelor's Degree,Part-time Employee,6-12 months,Other,129882,0,0,1500,Poor (500-579),540,None,0,65,HELOC,Major Purchase,200,360,20.0,Rural,Real Estate,Approved
NV0000020,Male,Married,0,High School,Government/Military,1-2 years,Healthcare,133635,0,0,2000,Good (670-739),705,None,0,20,Personal Loan,Vacation Home,40,84,20.0,Urban,Vehicle,Approved
NV0000021,Female,Divorced,1,Bachelor's Degree,Part-time Employee,1-2 years,Legal,75629,0,5000,200,Good (670-739),705,None,0,45,Education Loan,Vacation Home,10,360,3.5,Suburban,Investment Portfolio,Approved
NV0000022,Male,Married,0,Master's Degree,Government/Military,<6 months,Technology,208851,15000,0,2000,Fair (580-669),625,None,2,5,HELOC,Major Purchase,10,360,25.0,Urban,None (Unsecured),Approved
NV0000023,Male,Divorced,2,Master's Degree,Freelancer,10+ years,Legal,63078,0,3000,2000,Very Good (740-799),770,None,0,20,Home Refinance,Major Purchase,25,120,5.0,Suburban,Real Estate,Approved
NV0000024,Male,Single,2,High School,Full-time Employee,<6 months,Government,41037,0,8000,10000,Good (670-739),705,None,0,5,Home Purchase,Medical,75,60,25.0,Urban,Business Assets,Rejected
NV0000025,Male,Married,2,High School,Full-time Employee,5-10 years,Other,31517,42000,0,4000,Very Poor (300-499),420,None,0,20,Home Refinance,Investment Property,50,360,20.0,Rural,Real Estate,Rejected
NV0000026,Female,Single,2,Associate Degree,Full-time Employee,1-2 years,Healthcare,69698,0,0,1500,Good (670-739),705,None,1,5,Personal Loan,Debt Consolidation,100,360,10.0,Semiurban,Real Estate,Approved
NV0000027,Male,Married,1,Master's Degree,Freelancer,10+ years,Manufacturing,153821,28000,0,2000,Exceptional (800-850),825,Discharged 2-7 years ago,0,45,Business Loan,Medical,200,360,0.0,Rural,Vehicle,Approved
NV0000028,Male,Widowed,0,High School,Full-time Employee,10+ years,Construction,24970,0,0,5000,Exceptional (800-850),825,None,0,20,HELOC,Major Purchase,40,360,5.0,Urban,Real Estate,Rejected
NV0000029,Female,Single,2,Bachelor's Degree,Self-Employed,5-10 years,Healthcare,85779,0,3000,5000,Very Good (740-799),770,None,0,45,Home Purchase,Vacation Home,25,360,25.0,Urban,Real Estate,Rejected
NV0000030,Male,Married,0,High School,Freelancer,5-10 years,Retail,99616,15000,0,3000,Fair (580-669),625,None,1,20,Home Refinance,Vacation Home,200,480,25.0,Urban,None (Unsecured),Approved
NV0000031,Female,Single,2,Bachelor's Degree,Full-time Employee,<6 months,Manufacturing,26454,0,0,2500,Very Good (740-799),770,None,0,5,Personal Loan,Home Improvement,40,360,20.0,Suburban,Real Estate,Rejected
NV0000032,Male,Married,0,Bachelor's Degree,Independent Contractor,10+ years,Finance,23235,80000,0,0,Exceptional (800-850),825,None,0,45,Personal Loan,Debt Consolidation,30,360,20.0,Urban,Investment Portfolio,Approved
NV0000033,Male,Married,0,Master's Degree,Full-time Employee,10+ years,Healthcare,55769,15000,5000,3000,Very Poor (300-499),420,None,1,65,HELOC,Debt Consolidation,200,360,20.0,Rural,Real Estate,Rejected
NV0000034,Non-binary,Divorced,4,Associate Degree,Full-time Employee,10+ years,Manufacturing,39900,0,0,200,Exceptional (800-850),825,None,0,65,HELOC,Business Capital,500,360,20.0,Suburban,Real Estate,Manual Review
NV0000035,Prefer not to say,Married,0,Bachelor's Degree,Freelancer,5-10 years,Finance,34457,15000,5000,1000,Exceptional (800-850),825,None,0,20,HELOC,Business Capital,400,360,20.0,Suburban,Vehicle,Approved
NV0000036,Female,Married,4,Associate Degree,Full-time Employee,2-5 years,Healthcare,30338,0,5000,500,Very Good (740-799),770,None,1,45,Home Purchase,Vacation Home,20,360,10.0,Urban,Business Assets,Approved
NV0000037,Male,Single,4,Bachelor's Degree,Full-time Employee,10+ years,Technology,24777,0,0,500,Very Good (740-799),770,None,0,45,HELOC,Debt Consolidation,75,120,25.0,Suburban,Vehicle,Manual Review
NV0000038,Male,Single,2,Master's Degree,Government/Military,2-5 years,Construction,77550,0,0,500,Very Good (740-799),770,None,2,5,Personal Loan,Home Improvement,15,180,20.0,Urban,Investment Portfolio,Approved
NV0000039,Female,Single,2,High School,Full-time Employee,2-5 years,Technology,79145,0,0,3000,Poor (500-579),540,None,0,5,HELOC,Investment Property,600,180,10.0,Rural,None (Unsecured),Rejected
NV0000040,Male,Single,1,Master's Degree,Unemployed,6-12 months,Retail,96008,0,0,2500,Poor (500-579),540,None,0,5,Home Refinance,Vacation Home,25,360,25.0,Rural,Business Assets,Approved
NV0000041,Male,Domestic Partnership,3,Bachelor's Degree,Unemployed,10+ years,Manufacturing,69839,0,5000,1000,Good (670-739),705,None,2,20,HELOC,Primary Residence,25,360,20.0,Urban,Real Estate,Approved
NV0000042,Male,Married,0,High School,Full-time Employee,1-2 years,Finance,203472,58000,0,1500,Very Good (740-799),770,None,1,20,Debt Consolidation,Vacation Home,300,360,3.5,Urban,Investment Portfolio,Approved
NV0000043,Male,Married,1,Bachelor's Degree,Full-time Employee,1-2 years,Government,163923,58000,0,7500,Good (670-739),705,None,0,85,Debt Consolidation,Vacation Home,600,360,0.0,Semiurban,Vehicle,Rejected
NV0000044,Female,Single,1,High School,Business Owner,2-5 years,Healthcare,197818,0,0,500,Very Good (740-799),770,None,0,20,Education Loan,Investment Property,150,360,20.0,Semiurban,Investment Portfolio,Approved
NV0000045,Male,Domestic Partnership,1,Bachelor's Degree,Part-time Employee,5-10 years,Government,54698,80000,0,1000,Exceptional (800-850),825,None,2,45,Education Loan,Major Purchase,20,240,25.0,Suburban,Vehicle,Approved
NV0000046,Female,Married,1,Master's Degree,Full-time Employee,5-10 years,Healthcare,161088,42000,0,1000,Poor (500-579),540,None,1,45,Auto Loan,Business Capital,75,84,25.0,Semiurban,Real Estate,Approved
NV0000047,Male,Single,0,High School,Business Owner,1-2 years,Retail,107671,0,0,4000,Exceptional (800-850),825,None,0,5,Business Loan,Major Purchase,250,360,20.0,Suburban,Vehicle,Manual Review
NV0000048,Male,Married,1,Bachelor's Degree,Full-time Employee,<6 months,Government,41485,15000,0,500,Exceptional (800-850),825,Discharged 2-7 years ago,1,5,Debt Consolidation,Primary Residence,100,360,3.5,Semiurban,Vehicle,Approved
NV0000049,Male,Married,3,Master's Degree,Government/Military,5-10 years,Finance,23781,58000,0,7500,Good (670-739),705,None,0,20,Auto Loan,Business Capital,20,360,0.0,Suburban,Vehicle,Rejected
NV0000050,Male,Single,0,Doctoral Degree,Full-time Employee,10+ years,Education,78029,0,0,500,Good (670-739),705,None,0,45,Personal Loan,Primary Residence,25,240,10.0,Rural,None (Unsecured),Approved
NV0000051,Prefer not to say,Married,3,Bachelor's Degree,Full-time Employee,5-10 years,Technology,25947,15000,0,0,Exceptional (800-850),825,None,0,85,Personal Loan,Primary Residence,300,84,25.0,Suburban,None (Unsecured),Rejected
NV0000052,Female,Married,2,Doctoral Degree,Full-time Employee,2-5 years,Finance,43069,42000,0,200,Exceptional (800-850),825,None,0,20,Debt Consolidation,Business Capital,75,360,30.0,Urban,Vehicle,Approved
NV0000053,Non-binary,Single,2,Bachelor's Degree,Unemployed,10+ years,Legal,67894,0,0,800,Very Good (740-799),770,None,0,65,Home Refinance,Major Purchase,150,360,5.0,Semiurban,Vehicle,Approved
NV0000054,Female,Divorced,1,Bachelor's Degree,Independent Contractor,2-5 years,Other,74540,0,0,1500,Good (670-739),705,None,0,20,Debt Consolidation,Medical,40,360,20.0,Urban,Vehicle,Approved
NV0000055,Female,Domestic Partnership,2,Master's Degree,Freelancer,2-5 years,Retail,212700,28000,0,1000,Very Good (740-799),770,None,0,45,Home Purchase,Investment Property,75,360,20.0,Urban,Vehicle,Approved
NV0000056,Non-binary,Married,0,Bachelor's Degree,Full-time Employee,2-5 years,Construction,85531,0,0,500,Very Good (740-799),770,None,0,20,Home Purchase,Debt Consolidation,600,120,0.0,Rural,None (Unsecured),Rejected
NV0000057,Male,Married,2,Bachelor's Degree,Full-time Employee,2-5 years,Healthcare,74981,15000,0,1000,Good (670-739),705,None,0,5,Auto Loan,Primary Residence,40,360,20.0,Rural,Investment Portfolio,Approved
NV0000058,Male,Married,0,Bachelor's Degree,Full-time Employee,5-10 years,Finance,39273,0,0,3000,Poor (500-579),540,None,0,5,Business Loan,Business Capital,150,180,25.0,Urban,Real Estate,Rejected
NV0000059,Male,Married,3,Master's Degree,Part-time Employee,2-5 years,Government,82772,42000,0,3000,Very Good (740-799),770,None,1,5,Personal Loan,Debt Consolidation,25,180,5.0,Semiurban,Vehicle,Approved
NV0000060,Male,Married,4,Master's Degree,Self-Employed,2-5 years,Other,50462,42000,0,2000,Exceptional (800-850),825,None,0,20,Debt Consolidation,Home Improvement,20,360,25.0,Semiurban,Investment Portfolio,Approved
NV0000061,Male,Single,0,Bachelor's Degree,Independent Contractor,1-2 years,Education,128171,0,0,5000,Good (670-739),705,None,1,45,Auto Loan,Business Capital,200,480,5.0,Urban,Investment Portfolio,Rejected
NV0000062,Male,Married,0,Bachelor's Degree,Full-time Employee,<6 months,Legal,52377,42000,0,1000,Fair (580-669),625,None,0,5,Home Purchase,Investment Property,250,360,0.0,Semiurban,Vehicle,Approved
NV0000063,Female,Domestic Partnership,2,Bachelor's Degree,Retired,5-10 years,Government,56044,15000,0,0,Exceptional (800-850),825,None,0,45,Home Purchase,Debt Consolidation,150,360,3.5,Rural,Real Estate,Approved
NV0000064,Male,Married,0,Bachelor's Degree,Full-time Employee,1-2 years,Technology,55236,0,3000,500,Very Good (740-799),770,None,0,20,Personal Loan,Major Purchase,20,240,25.0,Urban,Real Estate,Approved
NV0000065,Male,Single,3,Associate Degree,Unemployed,1-2 years,Education,128561,0,0,500,Exceptional (800-850),825,Active/Pending,3,45,Personal Loan,Medical,30,60,10.0,Rural,Real Estate,Rejected
NV0000066,Male,Married,0,Master's Degree,Full-time Employee,5-10 years,Other,201992,28000,0,1000,Exceptional (800-850),825,None,0,45,Home Refinance,Major Purchase,400,180,20.0,Semiurban,Vehicle,Approved
NV0000067,Male,Single,0,Bachelor's Degree,Part-time Employee,5-10 years,Manufacturing,40400,0,0,4000,Good (670-739),705,None,0,45,Personal Loan,Primary Residence,30,360,20.0,Suburban,Real Estate,Rejected
NV0000068,Female,Single,4,Bachelor's Degree,Full-time Employee,5-10 years,Manufacturing,68975,0,0,3000,Very Good (740-799),770,None,1,20,Home Purchase,Medical,250,120,20.0,Urban,Business Assets,Rejected
NV0000069,Male,Single,2,High School,Part-time Employee,2-5 years,Other,101365,0,0,200,Fair (580-669),625,None,3,20,Debt Consolidation,Primary Residence,30,360,25.0,Suburban,Real Estate,Approved
NV0000070,Prefer not to say,Married,3,Associate Degree,Self-Employed,10+ years,Manufacturing,167405,28000,0,1000,Good (670-739),705,None,4,45,Home Refinance,Medical,500,180,10.0,Urban,None (Unsecured),Rejected
NV0000071,Female,Married,0,Doctoral Degree,Part-time Employee,10+ years,Retail,64478,0,0,1500,Good (670-739),705,None,0,5,HELOC,Debt Consolidation,400,360,25.0,Semiurban,Real Estate,Approved
NV0000072,Male,Married,2,Associate Degree,Full-time Employee,5-10 years,Finance,23412,58000,8000,7500,Very Good (740-799),770,None,0,20,Home Purchase,Major Purchase,10,360,3.5,Urban,Real Estate,Rejected
NV0000073,Male,Single,1,High School,Business Owner,5-10 years,Healthcare,50607,0,0,0,Good (670-739),705,None,1,5,Debt Consolidation,Debt Consolidation,200,360,20.0,Suburban,Vehicle,Approved
NV0000074,Female,Domestic Partnership,1,Bachelor's Degree,Independent Contractor,2-5 years,Finance,61475,28000,8000,800,Exceptional (800-850),825,None,0,45,Debt Consolidation,Home Improvement,25,240,20.0,Rural,Real Estate,Approved
NV0000075,Female,Domestic Partnership,2,Associate Degree,Government/Military,10+ years,Legal,54344,58000,5000,7500,Poor (500-579),540,Discharged 7+ years ago,1,45,Home Refinance,Business Capital,25,360,25.0,Urban,None (Unsecured),Rejected
NV0000076,Female,Domestic Partnership,1,High School,Full-time Employee,1-2 years,Finance,33026,28000,5000,7500,No History,300,None,2,45,Business Loan,Investment Property,50,360,5.0,Urban,Real Estate,Rejected
NV0000077,Female,Single,1,Bachelor's Degree,Self-Employed,1-2 years,Finance,16814,0,5000,500,Exceptional (800-850),825,None,1,20,Debt Consolidation,Major Purchase,100,360,20.0,Urban,Vehicle,Approved
NV0000078,Male,Married,0,Bachelor's Degree,Self-Employed,2-5 years,Technology,81553,80000,0,0,Exceptional (800-850),825,None,0,5,Auto Loan,Vacation Home,40,360,10.0,Urban,None (Unsecured),Approved
NV0000079,Male,Widowed,2,Bachelor's Degree,Full-time Employee,<6 months,Healthcare,423944,0,0,1000,Exceptional (800-850),825,Discharged under 2 years,0,65,Auto Loan,Major Purchase,100,120,10.0,Rural,Real Estate,Approved
NV0000080,Male,Married,0,Bachelor's Degree,Part-time Employee,10+ years,Finance,165052,58000,0,3500,Good (670-739),705,None,1,20,Personal Loan,Home Improvement,25,360,3.5,Rural,Real Estate,Approved
NV0000081,Female,Single,2,Bachelor's Degree,Full-time Employee,5-10 years,Healthcare,80142,0,0,500,Good (670-739),705,None,0,20,Home Purchase,Major Purchase,10,360,3.5,Suburban,Real Estate,Approved
NV0000082,Female,Single,0,Doctoral Degree,Full-time Employee,2-5 years,Construction,121237,0,0,4000,Fair (580-669),625,None,0,20,Personal Loan,Home Improvement,100,360,25.0,Suburban,Vehicle,Approved
NV0000083,Male,Married,2,Bachelor's Degree,Full-time Employee,5-10 years,Manufacturing,44601,28000,5000,500,Fair (580-669),625,None,0,5,Personal Loan,Major Purchase,75,360,20.0,Rural,Real Estate,Approved
NV0000084,Male,Divorced,2,Associate Degree,Full-time Employee,2-5 years,Government,79011,0,0,1500,Good (670-739),705,None,0,5,Personal Loan,Home Improvement,150,120,10.0,Urban,Vehicle,Approved
NV0000085,Male,Married,0,Associate Degree,Independent Contractor,<6 months,Technology,26421,28000,0,2000,Good (670-739),705,None,0,20,Debt Consolidation,Medical,100,84,25.0,Semiurban,Business Assets,Rejected
NV0000086,Male,Married,0,Bachelor's Degree,Independent Contractor,5-10 years,Manufacturing,104527,58000,3000,500,Good (670-739),705,None,2,5,Home Purchase,Primary Residence,300,240,0.0,Semiurban,None (Unsecured),Approved
NV0000087,Female,Single,0,Master's Degree,Unemployed,5-10 years,Healthcare,294166,0,0,500,Good (670-739),705,None,0,5,Education Loan,Debt Consolidation,50,480,20.0,Semiurban,Real Estate,Approved
NV0000088,Female,Married,1,Associate Degree,Business Owner,2-5 years,Manufacturing,172538,0,0,800,Good (670-739),705,None,0,65,HELOC,Business Capital,10,60,25.0,Rural,Real Estate,Approved
NV0000089,Female,Domestic Partnership,3,Bachelor's Degree,Full-time Employee,5-10 years,Finance,67587,42000,0,3000,Good (670-739),705,Discharged 7+ years ago,0,20,Home Purchase,Major Purchase,100,360,25.0,Suburban,Real Estate,Approved
NV0000090,Male,Married,0,High School,Government/Military,1-2 years,Government,92544,42000,5000,0,Good (670-739),705,None,0,20,Home Refinance,Investment Property,150,360,10.0,Suburban,Vehicle,Approved
NV0000091,Male,Married,2,Bachelor's Degree,Government/Military,1-2 years,Finance,200102,42000,0,1500,Good (670-739),705,None,3,45,Home Purchase,Primary Residence,75,360,20.0,Urban,Real Estate,Approved
NV0000092,Female,Divorced,0,Master's Degree,Part-time Employee,1-2 years,Legal,29620,0,3000,1500,Good (670-739),705,Discharged 2-7 years ago,2,85,Education Loan,Home Improvement,150,180,10.0,Urban,Business Assets,Rejected
NV0000093,Female,Single,1,Bachelor's Degree,Self-Employed,2-5 years,Finance,118798,0,0,1000,Fair (580-669),625,None,0,5,Debt Consolidation,Investment Property,40,180,25.0,Suburban,Investment Portfolio,Approved
NV0000094,Female,Married,3,Bachelor's Degree,Unemployed,10+ years,Government,39052,58000,8000,4000,Good (670-739),705,None,1,65,Personal Loan,Primary Residence,20,360,20.0,Suburban,Real Estate,Rejected
NV0000095,Female,Single,0,Associate Degree,Self-Employed,10+ years,Education,160041,0,0,1500,Good (670-739),705,None,0,20,Business Loan,Business Capital,150,120,20.0,Urban,Investment Portfolio,Approved
NV0000096,Male,Married,1,Master's Degree,Retired,2-5 years,Construction,23112,42000,3000,1500,Good (670-739),705,None,4,5,Auto Loan,Vacation Home,30,84,0.0,Rural,Real Estate,Manual Review
NV0000097,Male,Married,0,High School,Full-time Employee,5-10 years,Healthcare,31859,28000,12000,1000,Good (670-739),705,None,0,20,Personal Loan,Major Purchase,50,84,20.0,Rural,Real Estate,Approved
NV0000098,Male,Married,0,Master's Degree,Full-time Employee,5-10 years,Construction,106381,80000,0,2000,Very Good (740-799),770,None,0,20,Auto Loan,Major Purchase,75,360,20.0,Semiurban,Real Estate,Approved
NV0000099,Male,Married,0,Associate Degree,Part-time Employee,1-2 years,Legal,33272,28000,0,0,Exceptional (800-850),825,None,0,45,HELOC,Home Improvement,50,360,20.0,Urban,Real Estate,Approved
NV0000100,Male,Married,0,Master's Degree,Self-Employed,1-2 years,Construction,34273,80000,0,3500,Good (670-739),705,None,2,5,Home Purchase,Primary Residence,100,240,20.0,Suburban,Investment Portfolio,Manual Review
NV0000101,Male,Divorced,2,Bachelor's Degree,Freelancer,10+ years,Manufacturing,62157,0,0,0,Good (670-739),705,None,0,20,Auto Loan,Business Capital,10,240,25.0,Rural,Vehicle,Approved
NV0000102,Female,Married,1,Master's Degree,Unemployed,5-10 years,Other,125621,42000,5000,1500,Very Poor (300-499),420,None,1,45,Personal Loan,Primary Residence,800,180,20.0,Urban,Real Estate,Rejected
NV0000103,Male,Single,1,Associate Degree,Full-time Employee,10+ years,Technology,40780,0,0,1500,Very Good (740-799),770,None,0,20,Home Refinance,Home Improvement,150,360,5.0,Rural,None (Unsecured),Manual Review
NV0000104,Male,Married,0,Master's Degree,Full-time Employee,2-5 years,Government,124876,28000,8000,200,Very Good (740-799),770,Discharged under 2 years,3,65,Personal Loan,Vacation Home,50,180,25.0,Rural,Vehicle,Rejected
NV0000105,Female,Married,0,High School,Freelancer,5-10 years,Technology,126141,42000,3000,0,Very Good (740-799),770,None,0,65,Education Loan,Major Purchase,25,360,3.5,Suburban,Real Estate,Approved
NV0000106,Male,Married,2,High School,Self-Employed,1-2 years,Government,60176,15000,0,0,Exceptional (800-850),825,None,3,20,Auto Loan,Debt Consolidation,15,120,20.0,Urban,Real Estate,Approved
NV0000107,Male,Domestic Partnership,4,Bachelor's Degree,Full-time Employee,1-2 years,Healthcare,76585,80000,0,200,Fair (580-669),625,None,0,85,Personal Loan,Vacation Home,150,360,25.0,Suburban,Vehicle,Approved
NV0000108,Female,Divorced,0,High School,Part-time Employee,2-5 years,Construction,18589,0,0,3500,Very Good (740-799),770,None,0,5,Home Purchase,Home Improvement,40,84,3.5,Urban,None (Unsecured),Rejected
NV0000109,Male,Single,3,Associate Degree,Business Owner,2-5 years,Healthcare,54270,0,0,3000,Good (670-739),705,None,4,5,Personal Loan,Debt Consolidation,25,360,25.0,Rural,Vehicle,Rejected
NV0000110,Male,Widowed,1,Doctoral Degree,Freelancer,1-2 years,Finance,42466,0,0,0,Good (670-739),705,None,4,20,Auto Loan,Primary Residence,40,360,20.0,Rural,None (Unsecured),Manual Review
NV0000111,Male,Single,1,No Formal Education,Part-time Employee,1-2 years,Finance,30826,0,0,500,Good (670-739),705,None,1,45,Personal Loan,Medical,100,360,20.0,Semiurban,Vehicle,Approved
NV0000112,Male,Single,1,Bachelor's Degree,Full-time Employee,<6 months,Technology,51210,0,8000,3500,Poor (500-579),540,None,0,45,Debt Consolidation,Business Capital,150,360,10.0,Semiurban,Vehicle,Rejected
NV0000113,Non-binary,Single,0,Doctoral Degree,Unemployed,5-10 years,Retail,48639,0,0,200,Good (670-739),705,None,0,20,Business Loan,Medical,100,120,10.0,Suburban,Vehicle,Approved
NV0000114,Female,Divorced,0,Bachelor's Degree,Independent Contractor,2-5 years,Retail,107250,0,0,10000,Very Good (740-799),770,None,0,5,Auto Loan,Business Capital,300,180,30.0,Rural,Investment Portfolio,Rejected
NV0000115,Female,Married,1,Associate Degree,Full-time Employee,6-12 months,Other,84719,58000,0,200,Poor (500-579),540,None,0,5,Home Purchase,Vacation Home,25,180,5.0,Semiurban,Real Estate,Approved
NV0000116,Female,Single,0,Bachelor's Degree,Full-time Employee,1-2 years,Retail,148879,0,3000,2000,Poor (500-579),540,None,0,65,Home Purchase,Medical,100,180,20.0,Urban,None (Unsecured),Approved
NV0000117,Female,Married,3,Bachelor's Degree,Business Owner,6-12 months,Legal,30292,42000,0,800,Exceptional (800-850),825,None,0,65,Home Refinance,Vacation Home,20,240,0.0,Urban,Real Estate,Approved
NV0000118,Male,Married,1,No Formal Education,Full-time Employee,5-10 years,Manufacturing,18233,42000,0,0,Exceptional (800-850),825,None,1,45,HELOC,Medical,75,360,5.0,Urban,Vehicle,Approved
NV0000119,Female,Single,0,Associate Degree,Full-time Employee,6-12 months,Manufacturing,62217,0,8000,200,Exceptional (800-850),825,None,1,45,Auto Loan,Business Capital,100,60,20.0,Suburban,Vehicle,Approved
NV0000120,Male,Divorced,2,Bachelor's Degree,Self-Employed,5-10 years,Finance,19251,0,8000,1500,Very Good (740-799),770,None,0,20,Home Refinance,Major Purchase,25,360,10.0,Rural,Investment Portfolio,Rejected
NV0000121,Female,Domestic Partnership,0,High School,Full-time Employee,<6 months,Retail,104089,15000,3000,500,Very Poor (300-499),420,Discharged 7+ years ago,0,5,Home Purchase,Medical,50,180,30.0,Suburban,Real Estate,Manual Review
NV0000122,Female,Married,1,High School,Independent Contractor,1-2 years,Other,62642,15000,8000,1500,Good (670-739),705,None,0,20,Debt Consolidation,Business Capital,250,360,20.0,Urban,Vehicle,Approved
NV0000123,Male,Divorced,2,High School,Full-time Employee,10+ years,Government,59863,0,0,200,Very Good (740-799),770,None,1,45,Personal Loan,Major Purchase,20,480,20.0,Rural,Vehicle,Approved
NV0000124,Male,Married,3,No Formal Education,Independent Contractor,5-10 years,Finance,54491,0,5000,800,Poor (500-579),540,None,0,20,Home Refinance,Debt Consolidation,50,360,0.0,Urban,Investment Portfolio,Approved
NV0000125,Male,Widowed,2,Master's Degree,Full-time Employee,6-12 months,Healthcare,51368,0,0,1000,Good (670-739),705,Discharged 7+ years ago,1,5,Auto Loan,Primary Residence,500,360,30.0,Rural,Business Assets,Rejected
NV0000126,Male,Married,2,Master's Degree,Full-time Employee,10+ years,Retail,53184,42000,0,800,Very Good (740-799),770,None,0,85,Personal Loan,Vacation Home,75,240,3.5,Semiurban,Investment Portfolio,Approved
NV0000127,Female,Married,2,Bachelor's Degree,Full-time Employee,2-5 years,Finance,17386,80000,12000,200,Very Poor (300-499),420,None,0,65,Auto Loan,Debt Consolidation,150,360,20.0,Urban,Real Estate,Manual Review
NV0000128,Female,Single,3,Associate Degree,Retired,10+ years,Retail,23571,0,0,800,Fair (580-669),625,None,1,20,Debt Consolidation,Vacation Home,250,84,10.0,Semiurban,None (Unsecured),Rejected
NV0000129,Male,Divorced,0,High School,Government/Military,5-10 years,Legal,66823,0,0,2000,Fair (580-669),625,None,1,45,Auto Loan,Medical,25,480,10.0,Urban,Business Assets,Approved
NV0000130,Male,Married,0,Associate Degree,Full-time Employee,5-10 years,Other,31745,28000,0,5000,Good (670-739),705,None,0,65,Personal Loan,Major Purchase,25,360,20.0,Rural,Real Estate,Rejected
NV0000131,Male,Single,0,Bachelor's Degree,Freelancer,10+ years,Technology,95762,0,0,2500,Fair (580-669),625,None,0,5,Home Purchase,Primary Residence,200,240,20.0,Rural,Real Estate,Approved
NV0000132,Male,Single,0,Master's Degree,Self-Employed,1-2 years,Education,39564,0,0,0,Exceptional (800-850),825,None,3,20,Home Purchase,Medical,200,480,3.5,Rural,Real Estate,Approved
NV0000133,Male,Married,2,Bachelor's Degree,Unemployed,5-10 years,Other,25321,0,3000,200,Good (670-739),705,Discharged 2-7 years ago,0,20,Home Purchase,Primary Residence,15,360,20.0,Suburban,Vehicle,Approved
NV0000134,Male,Married,2,High School,Full-time Employee,2-5 years,Retail,33154,42000,12000,0,No History,300,None,2,20,Education Loan,Investment Property,40,360,20.0,Semiurban,None (Unsecured),Rejected
NV0000135,Non-binary,Married,1,High School,Independent Contractor,<6 months,Healthcare,50201,58000,0,0,Very Good (740-799),770,None,1,65,HELOC,Debt Consolidation,50,60,10.0,Semiurban,Business Assets,Approved
NV0000136,Male,Divorced,0,High School,Full-time Employee,<6 months,Healthcare,18677,0,5000,200,Fair (580-669),625,Discharged 7+ years ago,1,20,Home Purchase,Major Purchase,250,360,3.5,Suburban,None (Unsecured),Rejected
NV0000137,Male,Single,2,Bachelor's Degree,Full-time Employee,6-12 months,Technology,30377,0,0,200,Good (670-739),705,None,0,5,Business Loan,Major Purchase,50,240,10.0,Semiurban,Real Estate,Approved
NV0000138,Female,Married,0,Doctoral Degree,Unemployed,5-10 years,Construction,40914,42000,0,200,Exceptional (800-850),825,None,0,5,Auto Loan,Major Purchase,400,360,5.0,Urban,Vehicle,Approved
NV0000139,Male,Single,2,Bachelor's Degree,Self-Employed,2-5 years,Healthcare,43645,0,3000,200,Fair (580-669),625,None,3,5,Home Purchase,Medical,1000,120,3.5,Suburban,Real Estate,Rejected
NV0000140,Prefer not to say,Domestic Partnership,1,Master's Degree,Full-time Employee,2-5 years,Finance,128202,0,8000,500,Exceptional (800-850),825,None,0,20,Home Purchase,Home Improvement,200,360,10.0,Urban,Real Estate,Approved
NV0000141,Prefer not to say,Domestic Partnership,0,Bachelor's Degree,Full-time Employee,<6 months,Healthcare,120410,15000,0,0,Good (670-739),705,None,0,45,Home Purchase,Vacation Home,150,360,20.0,Urban,Investment Portfolio,Approved
NV0000142,Male,Married,0,Bachelor's Degree,Business Owner,2-5 years,Education,30065,80000,0,200,Exceptional (800-850),825,None,1,5,Education Loan,Primary Residence,50,180,0.0,Urban,Real Estate,Approved
NV0000143,Male,Married,0,High School,Independent Contractor,10+ years,Technology,23169,0,0,1500,Very Poor (300-499),420,None,0,45,Home Refinance,Vacation Home,15,360,20.0,Urban,Investment Portfolio,Rejected
NV0000144,Male,Married,2,Master's Degree,Full-time Employee,2-5 years,Finance,84325,42000,8000,200,Very Good (740-799),770,None,2,45,Debt Consolidation,Vacation Home,100,180,30.0,Urban,Investment Portfolio,Approved
NV0000145,Male,Married,3,Master's Degree,Unemployed,5-10 years,Retail,116502,42000,0,200,Very Good (740-799),770,None,1,20,Home Purchase,Home Improvement,40,84,30.0,Urban,Business Assets,Approved
NV0000146,Male,Domestic Partnership,2,High School,Full-time Employee,5-10 years,Other,262745,28000,0,0,Exceptional (800-850),825,None,2,45,Debt Consolidation,Primary Residence,40,360,25.0,Semiurban,Real Estate,Approved
NV0000147,Female,Married,0,Bachelor's Degree,Full-time Employee,5-10 years,Technology,17244,28000,8000,800,Very Poor (300-499),420,None,2,45,Personal Loan,Investment Property,150,360,5.0,Urban,Business Assets,Rejected
NV0000148,Male,Married,1,Bachelor's Degree,Retired,2-5 years,Education,51547,58000,0,3000,Fair (580-669),625,None,0,20,Education Loan,Major Purchase,50,480,0.0,Urban,None (Unsecured),Approved
NV0000149,Male,Married,2,Bachelor's Degree,Full-time Employee,10+ years,Manufacturing,104636,15000,8000,0,Fair (580-669),625,None,0,20,Business Loan,Debt Consolidation,200,360,25.0,Rural,None (Unsecured),Approved
NV0000150,Male,Domestic Partnership,2,Doctoral Degree,Full-time Employee,2-5 years,Education,119949,15000,8000,1000,Good (670-739),705,None,1,45,Home Purchase,Vacation Home,50,180,0.0,Urban,Business Assets,Approved
NV0000151,Female,Married,0,Bachelor's Degree,Self-Employed,10+ years,Government,25174,42000,0,1500,Good (670-739),705,None,0,85,Auto Loan,Home Improvement,20,480,5.0,Urban,Investment Portfolio,Approved
NV0000152,Male,Single,0,Bachelor's Degree,Freelancer,1-2 years,Government,74756,0,0,1000,Exceptional (800-850),825,None,4,20,Auto Loan,Home Improvement,50,360,20.0,Semiurban,Vehicle,Approved
NV0000153,Male,Married,2,High School,Full-time Employee,1-2 years,Manufacturing,41761,42000,0,3500,Good (670-739),705,None,1,20,Business Loan,Debt Consolidation,500,120,3.5,Urban,Investment Portfolio,Rejected
NV0000154,Male,Domestic Partnership,0,High School,Retired,<6 months,Legal,23710,80000,12000,3500,Very Good (740-799),770,None,0,20,Home Purchase,Debt Consolidation,200,360,25.0,Urban,Investment Portfolio,Approved
NV0000155,Prefer not to say,Single,0,Associate Degree,Freelancer,5-10 years,Healthcare,61996,0,0,0,Very Poor (300-499),420,None,2,5,Home Refinance,Medical,25,360,20.0,Semiurban,Investment Portfolio,Rejected
NV0000156,Male,Single,0,High School,Full-time Employee,2-5 years,Other,31318,0,5000,500,Fair (580-669),625,None,0,20,Debt Consolidation,Business Capital,50,360,20.0,Rural,Business Assets,Approved
NV0000157,Female,Single,1,Master's Degree,Business Owner,1-2 years,Construction,104181,0,0,1500,Very Good (740-799),770,None,0,20,Auto Loan,Primary Residence,400,480,25.0,Rural,Vehicle,Approved
NV0000158,Female,Married,3,Master's Degree,Full-time Employee,1-2 years,Construction,103903,15000,0,5000,Exceptional (800-850),825,Discharged 2-7 years ago,1,5,Home Purchase,Vacation Home,20,84,5.0,Suburban,Real Estate,Rejected
NV0000159,Male,Married,3,High School,Full-time Employee,10+ years,Other,123299,80000,0,2500,Fair (580-669),625,None,2,20,Debt Consolidation,Vacation Home,30,360,20.0,Semiurban,Vehicle,Approved
NV0000160,Female,Married,1,Master's Degree,Freelancer,10+ years,Education,48827,28000,0,200,Exceptional (800-850),825,None,0,5,Personal Loan,Debt Consolidation,30,180,10.0,Semiurban,Real Estate,Approved
NV0000161,Male,Married,1,High School,Unemployed,2-5 years,Manufacturing,17368,28000,0,200,Exceptional (800-850),825,None,0,20,Auto Loan,Business Capital,100,360,20.0,Urban,Real Estate,Approved
NV0000162,Female,Married,0,Associate Degree,Full-time Employee,5-10 years,Manufacturing,42035,58000,0,2000,Very Good (740-799),770,Discharged 7+ years ago,0,5,Home Purchase,Major Purchase,50,360,3.5,Rural,Real Estate,Approved
NV0000163,Female,Married,1,Associate Degree,Part-time Employee,2-5 years,Retail,55073,42000,0,800,Good (670-739),705,None,0,5,Home Purchase,Medical,15,180,20.0,Urban,Real Estate,Approved
NV0000164,Male,Domestic Partnership,0,Bachelor's Degree,Part-time Employee,2-5 years,Technology,85993,0,0,1000,Fair (580-669),625,None,0,65,Home Refinance,Investment Property,100,360,30.0,Semiurban,Business Assets,Approved
NV0000165,Male,Married,1,Associate Degree,Full-time Employee,10+ years,Finance,53143,28000,0,1500,Very Good (740-799),770,None,0,65,Home Purchase,Vacation Home,15,480,0.0,Semiurban,Vehicle,Approved
NV0000166,Female,Divorced,1,Bachelor's Degree,Full-time Employee,6-12 months,Government,63447,0,0,0,Exceptional (800-850),825,None,1,5,Home Refinance,Home Improvement,100,360,0.0,Rural,Real Estate,Approved
NV0000167,Male,Married,0,Bachelor's Degree,Full-time Employee,2-5 years,Construction,67011,42000,0,3000,Good (670-739),705,None,3,20,Home Refinance,Major Purchase,75,360,3.5,Suburban,Vehicle,Manual Review
NV0000168,Male,Single,0,No Formal Education,Independent Contractor,2-5 years,Healthcare,31161,0,0,3000,Fair (580-669),625,None,0,20,Home Purchase,Debt Consolidation,75,180,10.0,Suburban,Real Estate,Rejected
NV0000169,Male,Married,0,High School,Part-time Employee,2-5 years,Finance,81606,0,5000,800,Very Good (740-799),770,None,0,20,Personal Loan,Vacation Home,15,360,5.0,Urban,Vehicle,Approved
NV0000170,Female,Married,0,High School,Full-time Employee,2-5 years,Education,49868,28000,0,1500,Very Good (740-799),770,None,2,20,Auto Loan,Primary Residence,100,360,25.0,Urban,Vehicle,Approved
NV0000171,Female,Married,0,High School,Freelancer,2-5 years,Retail,120339,58000,12000,1500,Very Poor (300-499),420,Discharged 7+ years ago,1,20,Home Purchase,Debt Consolidation,50,360,20.0,Suburban,None (Unsecured),Rejected
NV0000172,Male,Single,4,Bachelor's Degree,Freelancer,6-12 months,Finance,74562,0,0,200,Very Poor (300-499),420,None,3,45,Home Refinance,Home Improvement,50,180,20.0,Semiurban,Real Estate,Rejected
NV0000173,Male,Single,1,High School,Part-time Employee,2-5 years,Retail,24680,0,5000,0,No History,300,None,0,5,HELOC,Primary Residence,100,360,20.0,Semiurban,Investment Portfolio,Rejected
NV0000174,Male,Domestic Partnership,1,Master's Degree,Full-time Employee,1-2 years,Construction,66229,0,0,0,Fair (580-669),625,None,0,5,Business Loan,Medical,100,120,10.0,Rural,None (Unsecured),Approved
NV0000175,Female,Single,3,Bachelor's Degree,Independent Contractor,1-2 years,Construction,104620,0,0,4000,Exceptional (800-850),825,None,0,45,Auto Loan,Debt Consolidation,10,60,10.0,Rural,None (Unsecured),Manual Review
NV0000176,Male,Domestic Partnership,4,Bachelor's Degree,Full-time Employee,6-12 months,Healthcare,26241,42000,0,500,Very Good (740-799),770,None,1,45,Personal Loan,Debt Consolidation,20,360,20.0,Suburban,Real Estate,Approved
NV0000177,Female,Single,1,Bachelor's Degree,Full-time Employee,5-10 years,Manufacturing,134848,0,0,0,Very Good (740-799),770,None,0,20,Debt Consolidation,Vacation Home,30,180,20.0,Semiurban,Vehicle,Approved
NV0000178,Male,Married,2,High School,Business Owner,2-5 years,Education,29889,42000,0,800,Very Good (740-799),770,None,0,20,Education Loan,Primary Residence,150,84,0.0,Semiurban,Real Estate,Approved
NV0000179,Non-binary,Married,0,Associate Degree,Full-time Employee,5-10 years,Legal,64928,80000,3000,0,Very Poor (300-499),420,Discharged 7+ years ago,0,20,Home Refinance,Business Capital,100,360,3.5,Semiurban,Vehicle,Rejected
NV0000180,Male,Married,0,Associate Degree,Full-time Employee,5-10 years,Other,210718,42000,0,0,Fair (580-669),625,None,0,20,Education Loan,Medical,200,360,5.0,Suburban,Real Estate,Approved
NV0000181,Male,Married,1,Bachelor's Degree,Full-time Employee,5-10 years,Healthcare,68167,28000,0,800,Fair (580-669),625,None,1,20,Home Refinance,Business Capital,200,360,10.0,Rural,Business Assets,Approved
NV0000182,Male,Single,2,Associate Degree,Full-time Employee,2-5 years,Construction,50056,0,3000,1000,Exceptional (800-850),825,None,0,20,Home Purchase,Debt Consolidation,250,360,5.0,Rural,Real Estate,Approved
NV0000183,Non-binary,Single,2,High School,Full-time Employee,2-5 years,Technology,16759,0,0,1000,Poor (500-579),540,None,1,20,Home Purchase,Major Purchase,40,360,20.0,Suburban,Vehicle,Rejected
NV0000184,Female,Married,0,No Formal Education,Unemployed,2-5 years,Manufacturing,24255,28000,0,1500,Fair (580-669),625,None,0,45,HELOC,Business Capital,40,240,25.0,Rural,Vehicle,Approved
NV0000185,Male,Married,0,High School,Full-time Employee,5-10 years,Other,70032,42000,0,1500,Exceptional (800-850),825,None,0,45,Home Purchase,Home Improvement,250,180,5.0,Semiurban,None (Unsecured),Approved
NV0000186,Female,Divorced,2,Master's Degree,Full-time Employee,2-5 years,Technology,69154,0,0,800,Poor (500-579),540,None,0,20,Personal Loan,Primary Residence,30,360,20.0,Rural,Investment Portfolio,Approved
NV0000187,Female,Domestic Partnership,0,Master's Degree,Full-time Employee,10+ years,Healthcare,51128,80000,0,1500,Very Good (740-799),770,None,0,20,Personal Loan,Major Purchase,50,180,10.0,Rural,Real Estate,Approved
NV0000188,Female,Married,1,Associate Degree,Retired,10+ years,Finance,222642,15000,0,500,Exceptional (800-850),825,None,0,20,Home Purchase,Vacation Home,25,360,20.0,Urban,Real Estate,Approved
NV0000189,Male,Married,2,High School,Self-Employed,1-2 years,Legal,38860,0,0,800,Good (670-739),705,Discharged 7+ years ago,1,20,Home Purchase,Investment Property,400,360,20.0,Semiurban,Real Estate,Rejected
NV0000190,Male,Married,2,High School,Full-time Employee,6-12 months,Retail,63067,80000,0,500,Good (670-739),705,None,2,20,Home Refinance,Medical,50,180,25.0,Rural,Business Assets,Approved
NV0000191,Male,Single,2,Bachelor's Degree,Government/Military,5-10 years,Other,67358,0,0,500,Exceptional (800-850),825,None,0,65,Home Purchase,Debt Consolidation,25,360,5.0,Semiurban,Investment Portfolio,Approved
NV0000192,Female,Divorced,3,Bachelor's Degree,Full-time Employee,2-5 years,Other,62103,0,12000,200,Very Good (740-799),770,None,0,45,Education Loan,Investment Property,150,360,0.0,Rural,Investment Portfolio,Approved
NV0000193,Female,Married,1,Master's Degree,Full-time Employee,<6 months,Healthcare,61863,42000,12000,0,No History,300,None,4,65,Home Purchase,Debt Consolidation,30,84,20.0,Semiurban,Real Estate,Rejected
NV0000194,Female,Married,2,Doctoral Degree,Full-time Employee,10+ years,Other,44431,80000,0,1000,Good (670-739),705,None,0,45,Home Purchase,Business Capital,500,120,10.0,Suburban,Business Assets,Rejected
NV0000195,Male,Single,1,Bachelor's Degree,Full-time Employee,1-2 years,Retail,162968,0,0,1000,Fair (580-669),625,None,0,85,Personal Loan,Major Purchase,40,360,3.5,Urban,Investment Portfolio,Approved
NV0000196,Male,Married,0,High School,Full-time Employee,10+ years,Retail,56068,28000,0,500,Very Good (740-799),770,None,0,45,Home Purchase,Vacation Home,150,120,3.5,Urban,None (Unsecured),Approved
NV0000197,Female,Married,0,Associate Degree,Independent Contractor,5-10 years,Technology,61200,42000,0,7500,Exceptional (800-850),825,None,1,85,Personal Loan,Business Capital,40,60,20.0,Semiurban,Vehicle,Rejected
NV0000198,Female,Domestic Partnership,0,Master's Degree,Full-time Employee,5-10 years,Finance,78158,80000,0,1000,Very Good (740-799),770,None,0,5,Home Refinance,Vacation Home,200,240,10.0,Semiurban,Real Estate,Approved
NV0000199,Female,Married,1,Associate Degree,Self-Employed,1-2 years,Retail,24244,58000,0,3500,Very Good (740-799),770,None,0,5,Auto Loan,Business Capital,300,360,30.0,Urban,Real Estate,Rejected
NV0000200,Female,Married,1,High School,Full-time Employee,1-2 years,Legal,106082,15000,0,1000,Very Good (740-799),770,None,0,20,Home Purchase,Vacation Home,200,360,10.0,Urban,Real Estate,Approved
NV0000201,Female,Divorced,3,Bachelor's Degree,Full-time Employee,2-5 years,Other,62455,0,5000,200,Exceptional (800-850),825,Discharged 7+ years ago,0,85,Home Purchase,Vacation Home,250,360,5.0,Rural,Investment Portfolio,Approved
NV0000202,Male,Single,0,Bachelor's Degree,Full-time Employee,1-2 years,Technology,78124,0,5000,7500,Good (670-739),705,None,0,20,Personal Loan,Primary Residence,20,360,20.0,Semiurban,Investment Portfolio,Rejected
NV0000203,Male,Married,0,Doctoral Degree,Retired,2-5 years,Construction,94285,42000,12000,3500,Very Good (740-799),770,None,1,5,Debt Consolidation,Business Capital,400,360,5.0,Rural,Real Estate,Approved
NV0000204,Female,Single,4,Bachelor's Degree,Full-time Employee,2-5 years,Technology,167050,0,0,800,Fair (580-669),625,None,1,20,Auto Loan,Primary Residence,100,480,20.0,Rural,Real Estate,Approved
NV0000205,Female,Married,0,High School,Independent Contractor,1-2 years,Legal,49817,28000,8000,200,Exceptional (800-850),825,None,0,45,Personal Loan,Debt Consolidation,300,360,20.0,Rural,Real Estate,Approved
NV0000206,Male,Divorced,1,Doctoral Degree,Full-time Employee,1-2 years,Manufacturing,116366,0,0,200,Good (670-739),705,None,0,20,Home Purchase,Primary Residence,150,84,20.0,Semiurban,None (Unsecured),Approved
NV0000207,Male,Single,1,Associate Degree,Full-time Employee,5-10 years,Technology,41563,0,0,2500,Exceptional (800-850),825,None,1,45,Business Loan,Debt Consolidation,25,480,20.0,Semiurban,Real Estate,Rejected
NV0000208,Female,Domestic Partnership,1,Bachelor's Degree,Full-time Employee,1-2 years,Construction,78610,0,8000,0,Good (670-739),705,None,2,85,Home Purchase,Medical,100,60,5.0,Semiurban,Real Estate,Approved
NV0000209,Male,Single,0,Bachelor's Degree,Full-time Employee,<6 months,Retail,23710,0,8000,1500,Exceptional (800-850),825,None,0,65,Home Refinance,Primary Residence,15,360,25.0,Suburban,Real Estate,Approved
NV0000210,Male,Divorced,0,High School,Full-time Employee,5-10 years,Government,16944,0,3000,1500,Very Poor (300-499),420,None,0,20,Home Purchase,Primary Residence,150,60,20.0,Suburban,Vehicle,Rejected
NV0000211,Male,Married,0,Bachelor's Degree,Full-time Employee,10+ years,Government,26586,58000,0,200,Fair (580-669),625,None,0,20,HELOC,Primary Residence,50,360,10.0,Urban,Investment Portfolio,Approved
NV0000212,Female,Domestic Partnership,1,High School,Business Owner,2-5 years,Government,39095,42000,0,2000,Good (670-739),705,None,0,20,Education Loan,Medical,20,360,5.0,Urban,None (Unsecured),Approved
NV0000213,Female,Single,1,Bachelor's Degree,Full-time Employee,6-12 months,Manufacturing,16846,0,3000,2000,Exceptional (800-850),825,None,0,20,Education Loan,Home Improvement,600,360,5.0,Urban,Real Estate,Rejected
NV0000214,Male,Divorced,0,Bachelor's Degree,Self-Employed,5-10 years,Construction,76736,0,5000,500,Good (670-739),705,None,1,5,Auto Loan,Medical,400,180,10.0,Semiurban,Investment Portfolio,Manual Review
NV0000215,Female,Married,2,Master's Degree,Full-time Employee,10+ years,Legal,45043,42000,3000,800,Fair (580-669),625,None,0,45,Home Purchase,Vacation Home,300,180,20.0,Semiurban,Real Estate,Approved
NV0000216,Male,Married,2,Master's Degree,Self-Employed,5-10 years,Healthcare,93366,80000,0,3000,Exceptional (800-850),825,None,2,20,Home Refinance,Medical,200,360,0.0,Rural,None (Unsecured),Approved
NV0000217,Male,Domestic Partnership,0,High School,Self-Employed,5-10 years,Government,18910,0,0,1000,Good (670-739),705,None,1,65,Home Purchase,Home Improvement,150,180,25.0,Urban,Real Estate,Rejected
NV0000218,Female,Single,1,Bachelor's Degree,Full-time Employee,2-5 years,Healthcare,34007,0,0,1500,Fair (580-669),625,None,2,65,Education Loan,Primary Residence,100,360,0.0,Rural,Real Estate,Rejected
NV0000219,Female,Domestic Partnership,2,Bachelor's Degree,Full-time Employee,2-5 years,Manufacturing,50983,42000,8000,800,Fair (580-669),625,None,0,5,Auto Loan,Primary Residence,20,240,5.0,Suburban,Vehicle,Approved
NV0000220,Female,Single,0,High School,Business Owner,6-12 months,Healthcare,50285,0,0,0,Fair (580-669),625,Discharged 7+ years ago,0,85,Home Purchase,Home Improvement,400,240,3.5,Rural,Real Estate,Rejected
NV0000221,Female,Married,0,Master's Degree,Government/Military,5-10 years,Other,25709,28000,0,10000,Poor (500-579),540,Discharged under 2 years,4,45,Personal Loan,Business Capital,300,360,5.0,Urban,Real Estate,Rejected
NV0000222,Female,Married,1,Bachelor's Degree,Full-time Employee,5-10 years,Manufacturing,412968,28000,8000,1000,Poor (500-579),540,None,1,20,Home Refinance,Major Purchase,200,360,25.0,Semiurban,Investment Portfolio,Approved
NV0000223,Male,Single,3,Associate Degree,Full-time Employee,10+ years,Healthcare,43881,0,0,500,Very Good (740-799),770,Discharged 7+ years ago,2,20,Education Loan,Debt Consolidation,400,120,20.0,Semiurban,Investment Portfolio,Rejected
NV0000224,Male,Single,2,Bachelor's Degree,Government/Military,1-2 years,Technology,105289,0,5000,2000,Good (670-739),705,None,0,20,Home Refinance,Vacation Home,75,360,5.0,Suburban,Vehicle,Approved
NV0000225,Male,Single,1,High School,Full-time Employee,<6 months,Government,30814,0,5000,1500,Fair (580-669),625,None,0,20,Home Purchase,Medical,50,360,25.0,Semiurban,Investment Portfolio,Approved
NV0000226,Male,Married,2,Bachelor's Degree,Self-Employed,2-5 years,Finance,164786,28000,0,200,Fair (580-669),625,Active/Pending,1,45,Personal Loan,Debt Consolidation,600,180,25.0,Semiurban,Vehicle,Rejected
NV0000227,Prefer not to say,Married,0,High School,Full-time Employee,5-10 years,Education,48962,15000,0,3500,No History,300,None,0,5,Home Purchase,Business Capital,50,180,20.0,Semiurban,Investment Portfolio,Rejected
NV0000228,Male,Married,2,No Formal Education,Full-time Employee,5-10 years,Manufacturing,160274,80000,3000,0,Exceptional (800-850),825,None,0,45,Business Loan,Major Purchase,100,360,25.0,Semiurban,Vehicle,Approved
NV0000229,Female,Single,1,Master's Degree,Self-Employed,1-2 years,Retail,42758,0,0,1500,Very Good (740-799),770,None,0,20,Education Loan,Vacation Home,40,180,20.0,Rural,Investment Portfolio,Approved
NV0000230,Female,Single,0,Bachelor's Degree,Self-Employed,1-2 years,Education,17025,0,0,800,Very Good (740-799),770,None,0,5,Business Loan,Investment Property,100,60,20.0,Urban,Real Estate,Rejected
NV0000231,Female,Married,2,Bachelor's Degree,Full-time Employee,2-5 years,Legal,60595,0,0,500,Very Good (740-799),770,None,0,20,Auto Loan,Vacation Home,150,360,10.0,Semiurban,Real Estate,Approved
NV0000232,Male,Single,1,Master's Degree,Part-time Employee,2-5 years,Manufacturing,61825,0,0,3000,Very Good (740-799),770,None,0,20,Home Refinance,Medical,100,180,5.0,Urban,Vehicle,Rejected
NV0000233,Female,Divorced,0,Bachelor's Degree,Freelancer,10+ years,Manufacturing,24682,0,0,1500,Fair (580-669),625,None,0,20,HELOC,Debt Consolidation,75,180,20.0,Urban,Vehicle,Rejected
NV0000234,Male,Domestic Partnership,3,High School,Self-Employed,2-5 years,Healthcare,33985,80000,0,2000,Exceptional (800-850),825,None,1,5,Home Refinance,Vacation Home,30,480,25.0,Rural,Business Assets,Approved
NV0000235,Male,Married,0,Bachelor's Degree,Full-time Employee,5-10 years,Manufacturing,100510,28000,0,800,Fair (580-669),625,None,0,65,Auto Loan,Investment Property,100,240,20.0,Urban,Real Estate,Approved
NV0000236,Female,Married,0,Master's Degree,Self-Employed,5-10 years,Government,18715,15000,0,5000,Fair (580-669),625,Discharged 2-7 years ago,0,45,Home Purchase,Investment Property,400,360,25.0,Urban,Real Estate,Rejected
NV0000237,Male,Divorced,0,Bachelor's Degree,Business Owner,5-10 years,Construction,61611,0,0,500,Very Good (740-799),770,None,2,5,Auto Loan,Primary Residence,10,180,10.0,Rural,Real Estate,Approved
NV0000238,Male,Single,2,Bachelor's Degree,Freelancer,2-5 years,Construction,60902,0,0,1000,Very Good (740-799),770,None,0,20,Personal Loan,Medical,20,360,20.0,Rural,Real Estate,Approved
NV0000239,Female,Single,2,Master's Degree,Independent Contractor,10+ years,Legal,76667,0,5000,4000,Good (670-739),705,None,0,20,Home Purchase,Investment Property,20,360,20.0,Urban,Investment Portfolio,Rejected
NV0000240,Male,Single,0,Master's Degree,Full-time Employee,1-2 years,Other,17463,0,0,0,Fair (580-669),625,None,1,5,Debt Consolidation,Home Improvement,400,84,20.0,Semiurban,Vehicle,Rejected
NV0000241,Non-binary,Married,2,Master's Degree,Business Owner,2-5 years,Finance,65500,58000,8000,0,Poor (500-579),540,None,3,45,Business Loan,Debt Consolidation,150,360,20.0,Urban,Investment Portfolio,Manual Review
NV0000242,Non-binary,Single,1,High School,Independent Contractor,1-2 years,Other,19097,0,0,10000,Fair (580-669),625,None,0,45,Home Refinance,Home Improvement,500,360,5.0,Urban,Vehicle,Rejected
NV0000243,Non-binary,Married,2,Bachelor's Degree,Full-time Employee,2-5 years,Government,41503,15000,0,5000,Very Poor (300-499),420,None,0,45,Personal Loan,Major Purchase,100,120,3.5,Semiurban,None (Unsecured),Rejected
NV0000244,Male,Widowed,1,Master's Degree,Full-time Employee,2-5 years,Government,65195,0,5000,2500,Good (670-739),705,Discharged 7+ years ago,1,5,Business Loan,Home Improvement,50,360,30.0,Urban,None (Unsecured),Manual Review
NV0000245,Male,Domestic Partnership,1,Master's Degree,Full-time Employee,1-2 years,Technology,147318,58000,0,800,Poor (500-579),540,None,0,65,Auto Loan,Debt Consolidation,200,360,0.0,Suburban,Investment Portfolio,Approved
NV0000246,Non-binary,Married,3,Bachelor's Degree,Independent Contractor,10+ years,Construction,23133,42000,0,1000,Fair (580-669),625,None,1,20,Home Purchase,Business Capital,25,360,20.0,Urban,None (Unsecured),Approved
NV0000247,Male,Single,0,High School,Full-time Employee,1-2 years,Education,29868,0,0,200,Poor (500-579),540,None,4,85,HELOC,Major Purchase,40,360,10.0,Rural,Vehicle,Rejected
NV0000248,Prefer not to say,Domestic Partnership,0,Master's Degree,Self-Employed,5-10 years,Retail,82547,58000,0,800,Exceptional (800-850),825,None,3,5,Home Purchase,Home Improvement,50,60,10.0,Suburban,None (Unsecured),Approved
NV0000249,Prefer not to say,Married,1,Master's Degree,Retired,10+ years,Manufacturing,51885,42000,0,800,Very Poor (300-499),420,None,0,20,Home Refinance,Business Capital,30,180,20.0,Suburban,Business Assets,Manual Review
NV0000250,Female,Single,4,High School,Freelancer,<6 months,Finance,76069,0,0,0,Good (670-739),705,None,0,20,Debt Consolidation,Home Improvement,40,360,20.0,Semiurban,None (Unsecured),Approved
NV0000251,Male,Single,0,Bachelor's Degree,Retired,5-10 years,Retail,405926,0,0,800,Fair (580-669),625,None,3,5,Personal Loan,Medical,15,360,25.0,Suburban,Investment Portfolio,Approved
NV0000252,Male,Divorced,0,High School,Unemployed,1-2 years,Other,281998,0,8000,800,Exceptional (800-850),825,None,0,45,Personal Loan,Major Purchase,25,240,10.0,Suburban,Business Assets,Approved
NV0000253,Female,Married,0,Bachelor's Degree,Full-time Employee,<6 months,Retail,48578,28000,5000,1500,Very Good (740-799),770,None,0,45,Personal Loan,Home Improvement,40,360,20.0,Urban,Vehicle,Approved
NV0000254,Male,Domestic Partnership,1,High School,Independent Contractor,2-5 years,Technology,66460,58000,0,1000,Very Good (740-799),770,None,1,5,Home Purchase,Investment Property,200,60,25.0,Semiurban,Real Estate,Approved
NV0000255,Male,Domestic Partnership,0,Bachelor's Degree,Full-time Employee,10+ years,Finance,166839,0,8000,3000,Very Good (740-799),770,Discharged 7+ years ago,0,45,Personal Loan,Business Capital,25,360,30.0,Urban,Real Estate,Approved
NV0000256,Female,Married,2,Bachelor's Degree,Government/Military,<6 months,Finance,24146,28000,0,500,Exceptional (800-850),825,None,0,20,Home Purchase,Debt Consolidation,40,360,30.0,Rural,None (Unsecured),Approved
NV0000257,Non-binary,Married,4,Bachelor's Degree,Full-time Employee,5-10 years,Technology,53559,42000,0,800,Fair (580-669),625,None,2,5,Personal Loan,Debt Consolidation,15,360,20.0,Semiurban,Real Estate,Approved
NV0000258,Female,Married,1,Bachelor's Degree,Unemployed,2-5 years,Government,49501,42000,5000,1000,Exceptional (800-850),825,None,0,85,Home Purchase,Debt Consolidation,75,360,3.5,Urban,Vehicle,Approved
NV0000259,Female,Married,0,Master's Degree,Self-Employed,10+ years,Technology,43725,42000,0,200,Very Good (740-799),770,None,0,65,Home Purchase,Home Improvement,100,120,0.0,Rural,Real Estate,Approved
NV0000260,Male,Married,1,Associate Degree,Freelancer,6-12 months,Government,426353,42000,0,500,Exceptional (800-850),825,None,0,20,Personal Loan,Investment Property,300,180,25.0,Urban,Real Estate,Approved
NV0000261,Female,Married,0,High School,Full-time Employee,5-10 years,Education,99069,15000,0,1500,Good (670-739),705,None,1,20,HELOC,Debt Consolidation,250,480,25.0,Suburban,None (Unsecured),Approved
NV0000262,Prefer not to say,Married,3,Master's Degree,Full-time Employee,5-10 years,Legal,49875,58000,0,800,Very Good (740-799),770,None,0,20,Home Refinance,Vacation Home,30,120,20.0,Urban,None (Unsecured),Approved
NV0000263,Male,Divorced,1,High School,Business Owner,5-10 years,Government,122983,0,0,4000,Very Good (740-799),770,None,0,45,Personal Loan,Debt Consolidation,20,360,5.0,Rural,Vehicle,Approved
NV0000264,Male,Married,1,No Formal Education,Full-time Employee,10+ years,Retail,62400,58000,5000,1500,Good (670-739),705,Discharged 2-7 years ago,1,65,HELOC,Primary Residence,20,360,20.0,Urban,Real Estate,Approved
NV0000265,Female,Married,2,Master's Degree,Freelancer,10+ years,Government,147231,15000,0,0,Good (670-739),705,None,2,20,Education Loan,Vacation Home,600,360,10.0,Urban,Vehicle,Approved
NV0000266,Female,Married,1,Bachelor's Degree,Full-time Employee,<6 months,Legal,43011,42000,0,800,Exceptional (800-850),825,None,0,45,Business Loan,Debt Consolidation,150,180,20.0,Rural,Vehicle,Approved
NV0000267,Female,Married,2,No Formal Education,Independent Contractor,2-5 years,Other,29657,42000,0,2500,Exceptional (800-850),825,None,2,20,Personal Loan,Home Improvement,10,180,10.0,Urban,Real Estate,Approved
NV0000268,Female,Married,0,High School,Full-time Employee,2-5 years,Manufacturing,40053,28000,5000,1500,Very Good (740-799),770,None,0,20,Auto Loan,Business Capital,20,360,25.0,Semiurban,Real Estate,Approved
NV0000269,Male,Single,2,Associate Degree,Self-Employed,2-5 years,Technology,67313,0,0,3500,Very Poor (300-499),420,None,1,65,Home Purchase,Debt Consolidation,75,180,5.0,Suburban,Vehicle,Rejected
NV0000270,Male,Married,3,Bachelor's Degree,Independent Contractor,2-5 years,Manufacturing,43113,0,0,2000,Very Good (740-799),770,None,0,20,Personal Loan,Investment Property,25,360,20.0,Urban,Real Estate,Approved
NV0000271,Female,Single,2,Bachelor's Degree,Full-time Employee,2-5 years,Technology,29815,0,5000,0,Good (670-739),705,None,0,20,Home Purchase,Investment Property,200,360,10.0,Suburban,Investment Portfolio,Approved
NV0000272,Female,Married,3,Doctoral Degree,Full-time Employee,2-5 years,Education,410243,42000,0,0,Very Good (740-799),770,None,1,45,Home Purchase,Debt Consolidation,100,360,20.0,Urban,Real Estate,Approved
NV0000273,Female,Married,0,High School,Full-time Employee,10+ years,Construction,171022,42000,0,1500,Good (670-739),705,None,0,20,Home Refinance,Medical,100,240,20.0,Urban,Vehicle,Approved
NV0000274,Non-binary,Married,1,Bachelor's Degree,Self-Employed,6-12 months,Retail,74553,42000,0,200,Exceptional (800-850),825,None,0,20,Auto Loan,Home Improvement,50,360,30.0,Urban,Real Estate,Approved
NV0000275,Male,Divorced,1,Bachelor's Degree,Self-Employed,10+ years,Retail,157841,0,0,1000,Exceptional (800-850),825,None,0,65,Auto Loan,Home Improvement,30,360,3.5,Suburban,None (Unsecured),Approved
NV0000276,Male,Married,1,Bachelor's Degree,Business Owner,2-5 years,Other,217708,42000,0,2500,Good (670-739),705,None,1,45,Home Purchase,Home Improvement,100,360,5.0,Urban,Vehicle,Approved
NV0000277,Female,Married,1,Associate Degree,Self-Employed,5-10 years,Construction,82146,28000,0,1000,Very Good (740-799),770,None,0,65,Home Purchase,Debt Consolidation,150,360,20.0,Suburban,Real Estate,Approved
NV0000278,Female,Married,0,Bachelor's Degree,Part-time Employee,10+ years,Construction,62155,28000,0,800,Exceptional (800-850),825,None,0,20,Home Purchase,Business Capital,40,360,10.0,Suburban,Vehicle,Approved
NV0000279,Female,Married,0,Master's Degree,Full-time Employee,2-5 years,Technology,151374,28000,12000,1500,Good (670-739),705,None,0,20,Home Purchase,Debt Consolidation,75,480,3.5,Semiurban,None (Unsecured),Approved
NV0000280,Female,Single,1,Associate Degree,Full-time Employee,2-5 years,Retail,67956,0,0,0,No History,300,None,0,85,Education Loan,Primary Residence,250,120,20.0,Rural,Business Assets,Rejected
NV0000281,Female,Single,0,Master's Degree,Full-time Employee,2-5 years,Retail,26824,0,0,2000,Very Good (740-799),770,None,0,20,Auto Loan,Investment Property,20,360,20.0,Rural,Investment Portfolio,Rejected
NV0000282,Male,Married,2,Bachelor's Degree,Unemployed,2-5 years,Construction,54226,58000,5000,2000,Good (670-739),705,None,0,5,Education Loan,Medical,75,240,0.0,Semiurban,Real Estate,Approved
NV0000283,Male,Married,0,Master's Degree,Government/Military,10+ years,Technology,55853,28000,0,1000,Very Poor (300-499),420,Discharged 7+ years ago,0,20,Auto Loan,Vacation Home,40,360,5.0,Urban,Investment Portfolio,Rejected
NV0000284,Male,Single,0,Bachelor's Degree,Full-time Employee,10+ years,Government,213527,0,0,200,Fair (580-669),625,None,0,20,Home Purchase,Vacation Home,150,360,25.0,Semiurban,Business Assets,Approved
NV0000285,Female,Single,1,Associate Degree,Self-Employed,6-12 months,Government,85492,0,0,2500,Good (670-739),705,Discharged 2-7 years ago,2,5,Home Purchase,Business Capital,10,180,20.0,Rural,Vehicle,Rejected
NV0000286,Male,Single,1,Bachelor's Degree,Government/Military,6-12 months,Legal,164875,0,0,1000,Fair (580-669),625,Discharged 7+ years ago,1,65,Home Refinance,Investment Property,150,360,0.0,Rural,None (Unsecured),Approved
NV0000287,Male,Divorced,3,Master's Degree,Part-time Employee,2-5 years,Healthcare,106542,0,0,0,Exceptional (800-850),825,None,2,85,Home Purchase,Major Purchase,20,360,5.0,Urban,Real Estate,Approved
NV0000288,Male,Married,1,Bachelor's Degree,Full-time Employee,6-12 months,Finance,39725,28000,0,4000,Good (670-739),705,Discharged 2-7 years ago,0,20,Debt Consolidation,Primary Residence,15,120,20.0,Urban,Real Estate,Rejected
NV0000289,Male,Married,0,Doctoral Degree,Full-time Employee,5-10 years,Education,105049,42000,5000,2500,Very Good (740-799),770,None,3,45,Home Refinance,Investment Property,150,360,5.0,Suburban,None (Unsecured),Approved
NV0000290,Female,Single,2,Bachelor's Degree,Self-Employed,1-2 years,Technology,30447,0,0,1000,Exceptional (800-850),825,None,0,65,Home Purchase,Primary Residence,100,120,25.0,Urban,Investment Portfolio,Rejected
NV0000291,Male,Married,1,High School,Unemployed,2-5 years,Government,48068,15000,0,800,Very Good (740-799),770,None,4,45,Auto Loan,Major Purchase,300,360,20.0,Rural,Real Estate,Manual Review
NV0000292,Male,Single,0,Bachelor's Degree,Independent Contractor,<6 months,Other,125351,0,0,5000,Exceptional (800-850),825,None,0,5,Debt Consolidation,Primary Residence,75,180,20.0,Urban,Real Estate,Approved
NV0000293,Female,Single,1,Doctoral Degree,Full-time Employee,2-5 years,Finance,77673,0,5000,2500,Fair (580-669),625,None,0,5,Home Purchase,Home Improvement,75,360,25.0,Suburban,None (Unsecured),Approved
NV0000294,Male,Married,3,Associate Degree,Full-time Employee,5-10 years,Finance,115870,0,0,1000,Good (670-739),705,None,0,5,Auto Loan,Investment Property,150,120,10.0,Suburban,Real Estate,Approved
NV0000295,Male,Single,1,Master's Degree,Freelancer,2-5 years,Finance,45227,0,5000,1500,Good (670-739),705,None,0,5,Personal Loan,Vacation Home,40,180,5.0,Urban,Real Estate,Approved
NV0000296,Male,Single,0,Master's Degree,Government/Military,10+ years,Construction,102663,0,3000,200,Exceptional (800-850),825,None,2,20,Home Refinance,Debt Consolidation,10,360,20.0,Urban,Real Estate,Approved
NV0000297,Female,Single,0,Bachelor's Degree,Self-Employed,10+ years,Legal,34057,0,0,200,Exceptional (800-850),825,None,1,20,Personal Loan,Major Purchase,30,360,20.0,Semiurban,None (Unsecured),Approved
NV0000298,Male,Single,0,High School,Independent Contractor,2-5 years,Other,70190,0,0,200,Good (670-739),705,None,4,5,Personal Loan,Major Purchase,30,60,10.0,Urban,None (Unsecured),Rejected
NV0000299,Female,Single,1,Master's Degree,Full-time Employee,<6 months,Healthcare,51101,0,0,500,No History,300,None,1,5,HELOC,Debt Consolidation,40,360,10.0,Semiurban,Vehicle,Rejected
NV0000300,Male,Married,1,Associate Degree,Freelancer,10+ years,Other,62449,58000,0,2000,Exceptional (800-850),825,Discharged 7+ years ago,0,20,Home Purchase,Investment Property,500,60,10.0,Rural,Vehicle,Rejected
NV0000301,Male,Domestic Partnership,0,Master's Degree,Freelancer,10+ years,Other,23735,42000,0,0,Very Good (740-799),770,None,0,20,Auto Loan,Medical,200,360,5.0,Urban,Real Estate,Approved
NV0000302,Male,Married,3,Bachelor's Degree,Full-time Employee,10+ years,Technology,52126,42000,5000,2500,Poor (500-579),540,None,4,45,Debt Consolidation,Debt Consolidation,500,360,20.0,Semiurban,Real Estate,Rejected
NV0000303,Male,Married,2,Bachelor's Degree,Business Owner,6-12 months,Legal,81357,42000,5000,1000,Exceptional (800-850),825,None,0,5,Personal Loan,Primary Residence,1000,360,20.0,Rural,Business Assets,Approved
NV0000304,Female,Single,1,Master's Degree,Full-time Employee,10+ years,Manufacturing,64713,0,0,500,Poor (500-579),540,None,1,65,Auto Loan,Debt Consolidation,50,180,10.0,Rural,Real Estate,Approved
NV0000305,Female,Divorced,2,Bachelor's Degree,Full-time Employee,1-2 years,Legal,63827,0,5000,500,Good (670-739),705,None,0,85,Home Refinance,Primary Residence,25,360,10.0,Urban,Vehicle,Approved
NV0000306,Prefer not to say,Married,0,Bachelor's Degree,Full-time Employee,5-10 years,Manufacturing,61550,0,3000,1000,Very Good (740-799),770,None,0,45,Personal Loan,Primary Residence,75,360,10.0,Rural,Investment Portfolio,Approved
NV0000307,Male,Single,1,Bachelor's Degree,Full-time Employee,10+ years,Healthcare,208046,0,0,500,Very Good (740-799),770,None,3,45,HELOC,Vacation Home,300,120,5.0,Rural,Real Estate,Approved
NV0000308,Male,Married,2,Bachelor's Degree,Full-time Employee,1-2 years,Technology,196064,15000,0,800,Very Good (740-799),770,Discharged under 2 years,0,65,HELOC,Debt Consolidation,50,180,0.0,Semiurban,Vehicle,Manual Review
NV0000309,Female,Single,2,Bachelor's Degree,Full-time Employee,10+ years,Construction,55037,0,0,2000,Very Good (740-799),770,None,0,5,Home Refinance,Medical,75,84,5.0,Urban,Vehicle,Manual Review
NV0000310,Male,Married,2,Master's Degree,Self-Employed,2-5 years,Finance,48230,0,0,1500,Poor (500-579),540,None,0,85,Business Loan,Vacation Home,20,84,10.0,Urban,Investment Portfolio,Approved
NV0000311,Male,Married,0,Bachelor's Degree,Part-time Employee,10+ years,Technology,63758,80000,0,2000,Fair (580-669),625,None,2,45,Home Refinance,Medical,50,60,20.0,Suburban,Real Estate,Approved
NV0000312,Male,Domestic Partnership,3,Bachelor's Degree,Full-time Employee,1-2 years,Construction,23400,58000,8000,2000,Good (670-739),705,None,0,45,Education Loan,Debt Consolidation,40,180,20.0,Suburban,Real Estate,Approved
NV0000313,Male,Married,0,Bachelor's Degree,Full-time Employee,10+ years,Technology,43847,80000,0,2500,Fair (580-669),625,None,0,20,Home Refinance,Medical,40,360,10.0,Rural,Vehicle,Approved
NV0000314,Prefer not to say,Married,3,Associate Degree,Self-Employed,<6 months,Construction,31041,0,5000,200,Very Good (740-799),770,Discharged 7+ years ago,0,20,Personal Loan,Primary Residence,300,240,30.0,Urban,None (Unsecured),Rejected
NV0000315,Female,Widowed,4,Associate Degree,Full-time Employee,5-10 years,Technology,30019,0,0,10000,Good (670-739),705,None,0,45,Home Refinance,Medical,15,240,25.0,Semiurban,Real Estate,Rejected
NV0000316,Female,Single,0,Doctoral Degree,Full-time Employee,2-5 years,Legal,80403,0,0,800,Good (670-739),705,None,0,45,Home Purchase,Debt Consolidation,600,120,30.0,Suburban,None (Unsecured),Rejected
NV0000317,Male,Single,2,Master's Degree,Government/Military,2-5 years,Legal,55463,0,8000,2000,Fair (580-669),625,None,0,45,HELOC,Major Purchase,10,360,25.0,Semiurban,Investment Portfolio,Approved
NV0000318,Male,Married,0,Bachelor's Degree,Business Owner,1-2 years,Legal,34092,42000,0,1500,Very Good (740-799),770,None,3,5,Auto Loan,Major Purchase,500,240,20.0,Urban,Business Assets,Rejected
NV0000319,Male,Married,1,Bachelor's Degree,Government/Military,5-10 years,Finance,153591,58000,8000,1000,Good (670-739),705,None,3,20,Home Refinance,Vacation Home,75,360,20.0,Semiurban,Real Estate,Approved
NV0000320,Male,Married,1,High School,Part-time Employee,1-2 years,Education,165623,0,0,10000,Poor (500-579),540,None,0,20,Personal Loan,Business Capital,150,360,3.5,Suburban,Real Estate,Rejected
NV0000321,Male,Divorced,1,Bachelor's Degree,Full-time Employee,2-5 years,Retail,147975,0,8000,200,Very Good (740-799),770,None,1,20,Home Refinance,Home Improvement,25,360,20.0,Urban,Real Estate,Approved
NV0000322,Female,Married,3,Bachelor's Degree,Independent Contractor,1-2 years,Manufacturing,48937,0,0,800,Exceptional (800-850),825,Discharged 7+ years ago,0,5,Personal Loan,Major Purchase,100,180,20.0,Semiurban,Real Estate,Approved
NV0000323,Female,Married,2,Bachelor's Degree,Full-time Employee,10+ years,Legal,17998,80000,0,0,Good (670-739),705,None,0,5,Auto Loan,Medical,300,360,20.0,Rural,None (Unsecured),Approved
NV0000324,Male,Married,1,Bachelor's Degree,Part-time Employee,<6 months,Education,23915,0,3000,200,Very Good (740-799),770,None,0,20,Auto Loan,Vacation Home,20,180,20.0,Rural,Real Estate,Approved
NV0000325,Non-binary,Domestic Partnership,2,High School,Full-time Employee,1-2 years,Manufacturing,44004,0,5000,2000,Good (670-739),705,None,0,20,Education Loan,Medical,20,360,10.0,Rural,Vehicle,Approved
NV0000326,Female,Divorced,3,Associate Degree,Freelancer,1-2 years,Technology,34207,0,0,0,Very Poor (300-499),420,None,0,5,Personal Loan,Home Improvement,30,360,20.0,Rural,Real Estate,Manual Review
NV0000327,Female,Domestic Partnership,0,Doctoral Degree,Full-time Employee,2-5 years,Healthcare,147310,0,12000,3500,Good (670-739),705,None,0,85,Home Refinance,Investment Property,25,360,10.0,Urban,Investment Portfolio,Approved
NV0000328,Female,Single,4,Bachelor's Degree,Retired,1-2 years,Construction,268034,0,3000,1500,Good (670-739),705,None,2,45,Home Refinance,Vacation Home,20,480,20.0,Urban,Real Estate,Approved
NV0000329,Male,Married,0,Bachelor's Degree,Government/Military,2-5 years,Education,123791,58000,0,800,Good (670-739),705,None,0,45,Business Loan,Major Purchase,150,360,25.0,Rural,Real Estate,Approved
NV0000330,Male,Single,2,High School,Part-time Employee,10+ years,Other,101009,0,0,500,Exceptional (800-850),825,None,1,5,HELOC,Major Purchase,25,240,25.0,Urban,Real Estate,Approved
NV0000331,Male,Single,0,High School,Business Owner,5-10 years,Government,69325,0,0,0,Very Good (740-799),770,None,0,45,Personal Loan,Debt Consolidation,150,120,20.0,Rural,Business Assets,Approved
NV0000332,Female,Single,0,Bachelor's Degree,Self-Employed,5-10 years,Education,106270,0,0,4000,Poor (500-579),540,None,0,20,Home Purchase,Home Improvement,300,360,0.0,Rural,Real Estate,Rejected
NV0000333,Male,Married,1,Bachelor's Degree,Freelancer,6-12 months,Legal,214608,80000,0,2000,Good (670-739),705,None,0,85,HELOC,Major Purchase,100,360,25.0,Urban,Real Estate,Approved
NV0000334,Male,Married,2,Bachelor's Degree,Part-time Employee,5-10 years,Legal,76894,58000,5000,500,Exceptional (800-850),825,None,0,45,Auto Loan,Debt Consolidation,20,360,5.0,Semiurban,Real Estate,Approved
NV0000335,Male,Single,1,Associate Degree,Freelancer,1-2 years,Education,33450,0,3000,0,Very Good (740-799),770,None,2,20,Debt Consolidation,Home Improvement,100,360,25.0,Semiurban,None (Unsecured),Approved
NV0000336,Male,Married,0,Master's Degree,Part-time Employee,5-10 years,Construction,30477,28000,0,500,Good (670-739),705,Discharged 2-7 years ago,1,65,Home Purchase,Vacation Home,50,360,5.0,Urban,Vehicle,Approved
NV0000337,Female,Married,1,High School,Retired,1-2 years,Manufacturing,69837,28000,0,200,Fair (580-669),625,None,0,5,Business Loan,Vacation Home,40,360,10.0,Semiurban,Investment Portfolio,Approved
NV0000338,Female,Married,3,Associate Degree,Part-time Employee,2-5 years,Technology,38679,58000,12000,2500,Fair (580-669),625,None,1,5,Personal Loan,Debt Consolidation,40,360,20.0,Suburban,Investment Portfolio,Approved
NV0000339,Male,Single,1,Bachelor's Degree,Part-time Employee,2-5 years,Government,161786,0,0,2000,Very Good (740-799),770,None,3,45,Education Loan,Vacation Home,400,360,20.0,Semiurban,Real Estate,Approved
NV0000340,Male,Married,0,Associate Degree,Freelancer,10+ years,Technology,74731,0,0,800,Poor (500-579),540,None,1,5,Debt Consolidation,Debt Consolidation,200,360,10.0,Rural,Vehicle,Approved
NV0000341,Male,Married,1,Associate Degree,Freelancer,6-12 months,Finance,78817,58000,3000,3500,Good (670-739),705,None,0,5,Auto Loan,Primary Residence,20,360,20.0,Urban,Real Estate,Approved
NV0000342,Male,Single,0,Bachelor's Degree,Self-Employed,2-5 years,Construction,18388,0,5000,200,Fair (580-669),625,None,1,45,Auto Loan,Medical,50,360,20.0,Urban,Vehicle,Approved
NV0000343,Male,Single,2,Bachelor's Degree,Full-time Employee,1-2 years,Legal,66971,0,12000,800,Good (670-739),705,None,0,20,Personal Loan,Home Improvement,40,360,5.0,Urban,Vehicle,Approved
NV0000344,Male,Married,2,Master's Degree,Part-time Employee,5-10 years,Finance,54375,58000,12000,2000,Exceptional (800-850),825,Discharged 7+ years ago,2,45,Personal Loan,Debt Consolidation,600,60,20.0,Rural,Vehicle,Rejected
NV0000345,Male,Divorced,1,Bachelor's Degree,Unemployed,10+ years,Technology,101493,0,8000,0,Very Poor (300-499),420,None,0,65,Personal Loan,Home Improvement,600,120,5.0,Semiurban,Real Estate,Rejected
NV0000346,Female,Married,0,High School,Business Owner,2-5 years,Technology,49930,28000,0,500,Exceptional (800-850),825,None,0,20,Personal Loan,Business Capital,40,360,20.0,Urban,Real Estate,Approved
NV0000347,Female,Married,2,Associate Degree,Freelancer,2-5 years,Government,297438,42000,0,1000,Very Good (740-799),770,None,0,5,Home Refinance,Primary Residence,40,360,0.0,Rural,Business Assets,Approved
NV0000348,Male,Married,1,No Formal Education,Full-time Employee,10+ years,Retail,83982,42000,0,500,Fair (580-669),625,None,0,5,Home Purchase,Home Improvement,100,360,20.0,Urban,Investment Portfolio,Approved
NV0000349,Male,Married,2,Bachelor's Degree,Part-time Employee,2-5 years,Technology,75648,42000,0,800,Good (670-739),705,None,3,5,Debt Consolidation,Debt Consolidation,50,360,10.0,Urban,Real Estate,Approved
NV0000350,Female,Single,2,Bachelor's Degree,Independent Contractor,2-5 years,Manufacturing,168358,0,0,1500,Fair (580-669),625,None,0,5,Home Purchase,Medical,25,360,10.0,Semiurban,Real Estate,Approved
NV0000351,Male,Married,2,High School,Government/Military,5-10 years,Manufacturing,430249,42000,0,500,Good (670-739),705,None,0,5,Auto Loan,Medical,150,360,20.0,Urban,None (Unsecured),Approved
NV0000352,Female,Divorced,1,Bachelor's Degree,Full-time Employee,5-10 years,Education,32702,0,0,0,Very Good (740-799),770,None,3,20,HELOC,Vacation Home,40,360,20.0,Semiurban,Business Assets,Approved
NV0000353,Female,Married,1,High School,Government/Military,6-12 months,Government,120636,42000,0,0,Poor (500-579),540,Discharged 2-7 years ago,0,20,Home Purchase,Medical,100,180,30.0,Urban,None (Unsecured),Approved
NV0000354,Male,Domestic Partnership,3,Bachelor's Degree,Self-Employed,10+ years,Government,32545,42000,0,1000,Exceptional (800-850),825,None,0,45,Home Purchase,Medical,40,360,25.0,Semiurban,Real Estate,Approved
NV0000355,Male,Married,1,Doctoral Degree,Full-time Employee,2-5 years,Legal,50689,15000,0,200,Fair (580-669),625,None,0,65,Home Purchase,Business Capital,150,120,20.0,Suburban,Vehicle,Approved
NV0000356,Female,Single,1,Doctoral Degree,Full-time Employee,6-12 months,Technology,25703,0,5000,3500,Very Good (740-799),770,None,0,45,Auto Loan,Home Improvement,150,360,20.0,Suburban,Real Estate,Rejected
NV0000357,Male,Divorced,0,Bachelor's Degree,Full-time Employee,5-10 years,Retail,80573,0,3000,3000,Fair (580-669),625,Discharged 2-7 years ago,0,20,HELOC,Home Improvement,75,120,10.0,Suburban,Investment Portfolio,Rejected
NV0000358,Female,Single,2,Bachelor's Degree,Self-Employed,2-5 years,Other,55573,0,8000,500,Exceptional (800-850),825,None,0,5,Home Purchase,Major Purchase,150,360,0.0,Suburban,Real Estate,Approved
NV0000359,Non-binary,Married,1,Doctoral Degree,Full-time Employee,6-12 months,Finance,81509,28000,0,3000,Good (670-739),705,None,1,45,Debt Consolidation,Major Purchase,50,360,10.0,Semiurban,Real Estate,Approved
NV0000360,Female,Single,0,Bachelor's Degree,Full-time Employee,5-10 years,Government,76338,0,0,1000,Poor (500-579),540,None,3,20,Personal Loan,Primary Residence,20,360,25.0,Rural,Real Estate,Manual Review
NV0000361,Male,Single,0,High School,Freelancer,10+ years,Education,82881,0,0,0,Good (670-739),705,None,0,5,Auto Loan,Investment Property,25,360,10.0,Semiurban,Investment Portfolio,Approved
NV0000362,Female,Married,1,Bachelor's Degree,Full-time Employee,10+ years,Education,40661,42000,3000,1500,Fair (580-669),625,None,0,65,Home Purchase,Medical,30,84,20.0,Rural,Vehicle,Approved
NV0000363,Male,Single,2,Associate Degree,Full-time Employee,10+ years,Technology,120447,0,5000,1500,Fair (580-669),625,None,0,20,Auto Loan,Vacation Home,15,360,5.0,Semiurban,Investment Portfolio,Approved
NV0000364,Male,Married,1,Bachelor's Degree,Part-time Employee,10+ years,Technology,63874,28000,0,0,Fair (580-669),625,None,2,5,Business Loan,Medical,150,360,5.0,Urban,None (Unsecured),Approved
NV0000365,Non-binary,Married,0,Bachelor's Degree,Self-Employed,<6 months,Other,59924,28000,8000,500,Poor (500-579),540,None,0,65,Auto Loan,Debt Consolidation,40,240,0.0,Suburban,Investment Portfolio,Approved
NV0000366,Male,Single,2,Bachelor's Degree,Business Owner,2-5 years,Healthcare,301017,0,0,0,Good (670-739),705,None,2,65,Home Purchase,Primary Residence,15,480,20.0,Rural,Vehicle,Approved
NV0000367,Prefer not to say,Single,0,Bachelor's Degree,Part-time Employee,5-10 years,Healthcare,42217,0,0,500,Exceptional (800-850),825,Discharged 7+ years ago,0,20,Personal Loan,Debt Consolidation,250,360,10.0,Suburban,None (Unsecured),Approved
NV0000368,Female,Married,1,High School,Freelancer,2-5 years,Technology,67844,28000,3000,500,Exceptional (800-850),825,Discharged 7+ years ago,3,20,Debt Consolidation,Debt Consolidation,150,360,20.0,Urban,Vehicle,Approved
NV0000369,Male,Married,0,Bachelor's Degree,Self-Employed,5-10 years,Construction,76900,28000,0,1500,Very Good (740-799),770,None,0,20,Home Refinance,Home Improvement,50,360,20.0,Urban,Real Estate,Approved
NV0000370,Male,Married,0,Master's Degree,Full-time Employee,5-10 years,Manufacturing,25986,42000,0,200,Exceptional (800-850),825,None,1,45,Personal Loan,Primary Residence,30,360,20.0,Urban,None (Unsecured),Approved
NV0000371,Male,Married,0,Bachelor's Degree,Full-time Employee,2-5 years,Manufacturing,52558,28000,0,0,Good (670-739),705,None,0,5,Auto Loan,Primary Residence,20,360,20.0,Semiurban,Real Estate,Approved
NV0000372,Male,Domestic Partnership,1,Bachelor's Degree,Part-time Employee,10+ years,Other,123482,58000,5000,500,Exceptional (800-850),825,None,2,20,Home Purchase,Major Purchase,50,360,20.0,Urban,Vehicle,Approved
NV0000373,Male,Married,0,Doctoral Degree,Full-time Employee,2-5 years,Other,34409,42000,0,3000,Exceptional (800-850),825,None,0,85,Personal Loan,Business Capital,300,480,20.0,Semiurban,Real Estate,Approved
NV0000374,Female,Married,1,Master's Degree,Business Owner,2-5 years,Legal,64935,15000,0,500,Exceptional (800-850),825,None,0,20,Business Loan,Vacation Home,25,360,10.0,Urban,Vehicle,Approved
NV0000375,Male,Married,1,Associate Degree,Self-Employed,10+ years,Retail,82015,15000,8000,800,Fair (580-669),625,None,0,65,Home Refinance,Investment Property,75,360,30.0,Urban,Vehicle,Approved
NV0000376,Male,Single,1,High School,Full-time Employee,2-5 years,Education,73796,0,0,800,Good (670-739),705,None,2,85,Home Purchase,Debt Consolidation,600,360,0.0,Rural,Real Estate,Rejected
NV0000377,Female,Married,1,Master's Degree,Full-time Employee,1-2 years,Manufacturing,96823,80000,0,2000,Very Good (740-799),770,None,1,20,Auto Loan,Medical,100,360,3.5,Suburban,Vehicle,Approved
NV0000378,Male,Married,2,Master's Degree,Full-time Employee,2-5 years,Construction,169950,58000,0,800,Poor (500-579),540,None,0,45,Debt Consolidation,Vacation Home,50,360,10.0,Urban,Business Assets,Approved
NV0000379,Female,Married,0,Doctoral Degree,Self-Employed,5-10 years,Technology,54154,0,8000,0,Exceptional (800-850),825,Discharged 7+ years ago,0,5,Personal Loan,Medical,150,480,20.0,Semiurban,Real Estate,Approved
NV0000380,Male,Married,1,Master's Degree,Part-time Employee,5-10 years,Government,100588,42000,0,200,No History,300,None,0,45,Auto Loan,Major Purchase,250,60,0.0,Urban,Real Estate,Rejected
NV0000381,Male,Domestic Partnership,0,Bachelor's Degree,Self-Employed,5-10 years,Construction,106402,80000,3000,200,Good (670-739),705,None,2,45,Auto Loan,Business Capital,100,240,20.0,Urban,Real Estate,Approved
NV0000382,Female,Domestic Partnership,0,Bachelor's Degree,Full-time Employee,5-10 years,Legal,41907,58000,12000,1000,Exceptional (800-850),825,None,2,5,Home Purchase,Business Capital,300,360,20.0,Rural,Business Assets,Approved
NV0000383,Female,Divorced,1,High School,Independent Contractor,1-2 years,Construction,282979,0,5000,0,Good (670-739),705,None,1,45,Home Refinance,Vacation Home,75,60,20.0,Rural,Investment Portfolio,Approved
NV0000384,Female,Married,1,Associate Degree,Government/Military,10+ years,Government,156983,15000,0,500,Fair (580-669),625,None,0,45,Personal Loan,Debt Consolidation,250,360,10.0,Suburban,None (Unsecured),Approved
NV0000385,Female,Married,3,Bachelor's Degree,Full-time Employee,10+ years,Finance,42806,15000,5000,1500,Very Good (740-799),770,None,3,20,Auto Loan,Home Improvement,500,180,20.0,Semiurban,Real Estate,Rejected
NV0000386,Female,Married,1,Bachelor's Degree,Part-time Employee,1-2 years,Healthcare,77683,58000,5000,500,Poor (500-579),540,None,2,5,Debt Consolidation,Home Improvement,75,180,3.5,Suburban,Real Estate,Approved
NV0000387,Male,Married,3,Bachelor's Degree,Unemployed,6-12 months,Finance,98167,58000,0,2000,Exceptional (800-850),825,None,1,5,Personal Loan,Debt Consolidation,100,360,3.5,Urban,Real Estate,Approved
NV0000388,Male,Married,0,Master's Degree,Full-time Employee,10+ years,Education,55879,42000,0,500,Very Good (740-799),770,None,0,20,Debt Consolidation,Major Purchase,100,180,5.0,Urban,Real Estate,Approved
NV0000389,Female,Married,0,Associate Degree,Self-Employed,10+ years,Education,150049,0,3000,7500,Exceptional (800-850),825,None,1,85,Auto Loan,Major Purchase,200,360,20.0,Urban,Vehicle,Rejected
NV0000390,Female,Married,0,Bachelor's Degree,Full-time Employee,10+ years,Manufacturing,74947,80000,0,5000,Very Good (740-799),770,None,0,65,Home Purchase,Primary Residence,250,360,20.0,Rural,None (Unsecured),Approved
NV0000391,Prefer not to say,Married,0,High School,Self-Employed,10+ years,Government,74154,58000,0,2500,Very Good (740-799),770,None,0,20,Auto Loan,Investment Property,10,360,20.0,Urban,Real Estate,Approved
NV0000392,Male,Single,1,Bachelor's Degree,Full-time Employee,2-5 years,Education,31078,0,3000,5000,Poor (500-579),540,None,0,20,Personal Loan,Medical,150,360,20.0,Urban,None (Unsecured),Rejected
NV0000393,Male,Married,2,Master's Degree,Unemployed,5-10 years,Other,51153,0,8000,200,Exceptional (800-850),825,None,0,20,Business Loan,Home Improvement,200,84,20.0,Rural,Real Estate,Rejected
NV0000394,Female,Single,0,Bachelor's Degree,Business Owner,2-5 years,Manufacturing,48626,0,0,2000,Very Good (740-799),770,None,0,5,Home Refinance,Investment Property,150,84,10.0,Urban,None (Unsecured),Rejected
NV0000395,Male,Divorced,3,No Formal Education,Freelancer,<6 months,Legal,100786,0,0,500,Good (670-739),705,None,0,20,HELOC,Vacation Home,150,240,0.0,Urban,Real Estate,Approved
NV0000396,Non-binary,Married,3,Associate Degree,Business Owner,5-10 years,Manufacturing,81066,15000,3000,2000,Poor (500-579),540,None,0,20,Auto Loan,Medical,10,60,25.0,Urban,None (Unsecured),Approved
NV0000397,Female,Single,0,Bachelor's Degree,Self-Employed,2-5 years,Finance,26004,0,3000,500,No History,300,Discharged 2-7 years ago,1,20,Home Refinance,Medical,50,360,20.0,Urban,Real Estate,Rejected
NV0000398,Male,Single,0,Bachelor's Degree,Part-time Employee,5-10 years,Technology,45198,0,12000,500,Fair (580-669),625,None,0,85,Debt Consolidation,Medical,250,360,20.0,Rural,None (Unsecured),Approved
NV0000399,Female,Married,0,Bachelor's Degree,Government/Military,2-5 years,Other,66241,58000,3000,5000,Very Poor (300-499),420,None,0,45,HELOC,Vacation Home,500,360,20.0,Semiurban,Real Estate,Rejected
NV0000400,Female,Married,0,Master's Degree,Unemployed,2-5 years,Other,93786,0,3000,200,Fair (580-669),625,None,0,45,Business Loan,Debt Consolidation,25,240,20.0,Urban,Real Estate,Approved
NV0000401,Male,Married,0,Bachelor's Degree,Part-time Employee,1-2 years,Retail,93416,58000,12000,2000,Very Poor (300-499),420,None,2,5,HELOC,Business Capital,100,360,20.0,Urban,Vehicle,Rejected
NV0000402,Female,Single,1,Master's Degree,Retired,1-2 years,Other,67886,0,0,1500,Fair (580-669),625,None,1,85,Personal Loan,Business Capital,200,240,0.0,Suburban,Real Estate,Approved
NV0000403,Male,Married,0,Associate Degree,Self-Employed,1-2 years,Other,25601,28000,0,500,Exceptional (800-850),825,None,0,45,Business Loan,Debt Consolidation,200,180,25.0,Semiurban,Investment Portfolio,Approved
NV0000404,Female,Married,0,Master's Degree,Self-Employed,1-2 years,Finance,39728,58000,0,800,Very Good (740-799),770,None,3,65,Auto Loan,Debt Consolidation,100,360,10.0,Rural,None (Unsecured),Approved
NV0000405,Male,Married,4,High School,Part-time Employee,10+ years,Construction,40342,42000,0,0,Good (670-739),705,None,0,20,Auto Loan,Medical,10,360,3.5,Semiurban,Investment Portfolio,Approved
NV0000406,Female,Married,2,Master's Degree,Full-time Employee,1-2 years,Other,104003,58000,0,4000,Very Good (740-799),770,None,3,20,Education Loan,Major Purchase,150,360,0.0,Urban,Investment Portfolio,Rejected
NV0000407,Male,Married,3,Bachelor's Degree,Full-time Employee,1-2 years,Technology,32338,28000,0,5000,Very Good (740-799),770,None,0,20,Personal Loan,Home Improvement,200,360,20.0,Suburban,Real Estate,Rejected
NV0000408,Male,Single,0,Associate Degree,Full-time Employee,5-10 years,Healthcare,52707,0,3000,2000,Good (670-739),705,None,0,5,Home Purchase,Investment Property,150,360,20.0,Semiurban,Investment Portfolio,Approved
NV0000409,Female,Widowed,1,Bachelor's Degree,Self-Employed,5-10 years,Finance,76288,0,8000,3000,Poor (500-579),540,None,0,45,Home Purchase,Business Capital,200,360,20.0,Urban,Vehicle,Manual Review
NV0000410,Male,Married,1,Doctoral Degree,Full-time Employee,1-2 years,Finance,285781,28000,0,0,Exceptional (800-850),825,None,0,65,HELOC,Vacation Home,50,84,25.0,Semiurban,None (Unsecured),Approved
NV0000411,Male,Married,0,High School,Part-time Employee,5-10 years,Construction,417320,42000,0,500,Fair (580-669),625,None,0,5,Debt Consolidation,Investment Property,1000,120,10.0,Urban,Real Estate,Approved
NV0000412,Non-binary,Single,0,Bachelor's Degree,Unemployed,5-10 years,Retail,222944,0,0,500,Fair (580-669),625,None,2,5,Education Loan,Business Capital,200,360,20.0,Urban,Investment Portfolio,Approved
NV0000413,Non-binary,Married,2,Master's Degree,Full-time Employee,1-2 years,Construction,103787,42000,3000,1000,Very Poor (300-499),420,None,2,45,Home Purchase,Home Improvement,100,180,20.0,Suburban,Real Estate,Rejected
NV0000414,Female,Single,2,Bachelor's Degree,Part-time Employee,1-2 years,Manufacturing,101222,0,0,200,Poor (500-579),540,None,0,20,Auto Loan,Medical,500,240,30.0,Suburban,Real Estate,Approved
NV0000415,Female,Married,1,Associate Degree,Full-time Employee,10+ years,Healthcare,102772,0,8000,1000,Fair (580-669),625,None,0,45,Business Loan,Investment Property,400,120,10.0,Urban,Real Estate,Manual Review
NV0000416,Male,Divorced,1,Bachelor's Degree,Full-time Employee,10+ years,Education,159618,0,0,1500,Good (670-739),705,None,0,45,Auto Loan,Medical,250,180,30.0,Semiurban,Real Estate,Approved
NV0000417,Male,Married,1,Bachelor's Degree,Freelancer,5-10 years,Legal,200823,28000,0,0,Very Good (740-799),770,Discharged 7+ years ago,0,20,Home Purchase,Investment Property,75,360,3.5,Rural,Real Estate,Approved
NV0000418,Male,Single,0,Master's Degree,Self-Employed,6-12 months,Education,55179,0,0,0,Good (670-739),705,None,1,45,HELOC,Major Purchase,75,180,20.0,Urban,Real Estate,Approved
NV0000419,Female,Single,0,Master's Degree,Business Owner,2-5 years,Retail,52271,0,0,0,Fair (580-669),625,Discharged 2-7 years ago,0,20,Education Loan,Business Capital,40,360,20.0,Semiurban,Business Assets,Approved
NV0000420,Female,Married,0,Bachelor's Degree,Full-time Employee,2-5 years,Retail,52784,80000,5000,2000,Poor (500-579),540,None,1,65,Education Loan,Debt Consolidation,30,120,25.0,Rural,Real Estate,Approved
NV0000421,Female,Single,0,No Formal Education,Self-Employed,1-2 years,Other,86273,0,8000,500,Fair (580-669),625,None,0,45,HELOC,Major Purchase,75,360,0.0,Rural,None (Unsecured),Approved
NV0000422,Female,Single,3,Bachelor's Degree,Full-time Employee,2-5 years,Construction,107760,0,0,200,Exceptional (800-850),825,None,0,65,Debt Consolidation,Major Purchase,100,360,0.0,Rural,Real Estate,Approved
NV0000423,Male,Married,1,High School,Full-time Employee,5-10 years,Manufacturing,162209,28000,5000,2500,Good (670-739),705,None,0,5,Home Purchase,Medical,30,240,0.0,Rural,Real Estate,Approved
NV0000424,Male,Married,2,Associate Degree,Full-time Employee,2-5 years,Other,48122,58000,0,0,Very Good (740-799),770,None,0,5,Home Purchase,Investment Property,400,360,20.0,Suburban,Vehicle,Approved
NV0000425,Male,Single,0,Bachelor's Degree,Full-time Employee,5-10 years,Government,51135,0,0,800,Exceptional (800-850),825,None,0,5,Business Loan,Investment Property,75,180,20.0,Urban,Vehicle,Approved
NV0000426,Male,Divorced,1,High School,Full-time Employee,10+ years,Manufacturing,299590,0,5000,2000,Very Good (740-799),770,None,2,20,Personal Loan,Major Purchase,75,360,25.0,Suburban,Vehicle,Approved
NV0000427,Male,Single,0,Doctoral Degree,Full-time Employee,2-5 years,Retail,30916,0,0,1000,Exceptional (800-850),825,None,0,65,Home Purchase,Investment Property,50,360,20.0,Urban,Vehicle,Approved
NV0000428,Female,Divorced,0,Master's Degree,Unemployed,10+ years,Retail,34556,0,0,1000,Fair (580-669),625,None,0,20,Home Purchase,Major Purchase,15,480,0.0,Urban,Real Estate,Approved
NV0000429,Male,Married,0,Associate Degree,Full-time Employee,6-12 months,Finance,93349,0,0,0,Very Good (740-799),770,Discharged 7+ years ago,1,65,HELOC,Primary Residence,300,180,5.0,Urban,Investment Portfolio,Approved
NV0000430,Male,Divorced,2,Bachelor's Degree,Full-time Employee,10+ years,Government,32348,0,0,200,Very Good (740-799),770,None,0,20,HELOC,Business Capital,40,120,0.0,Rural,Vehicle,Approved
NV0000431,Male,Married,2,Master's Degree,Full-time Employee,1-2 years,Other,52128,28000,0,1000,Very Poor (300-499),420,None,1,20,Home Purchase,Major Purchase,100,180,20.0,Urban,Real Estate,Rejected
NV0000432,Female,Domestic Partnership,1,Doctoral Degree,Self-Employed,6-12 months,Retail,40355,80000,5000,0,Very Good (740-799),770,None,0,65,Business Loan,Vacation Home,100,120,25.0,Suburban,Business Assets,Approved
NV0000433,Female,Widowed,1,Master's Degree,Full-time Employee,5-10 years,Government,34296,0,0,3500,Exceptional (800-850),825,Discharged under 2 years,0,20,Business Loan,Vacation Home,100,120,30.0,Rural,Investment Portfolio,Rejected
NV0000434,Male,Single,3,Bachelor's Degree,Government/Military,2-5 years,Healthcare,66239,0,0,500,Very Good (740-799),770,None,2,45,Home Purchase,Investment Property,75,240,10.0,Urban,Real Estate,Approved
NV0000435,Male,Divorced,0,Master's Degree,Unemployed,10+ years,Legal,49755,0,0,800,Exceptional (800-850),825,None,1,5,Home Purchase,Major Purchase,25,360,0.0,Rural,Business Assets,Approved
NV0000436,Female,Married,0,Bachelor's Degree,Full-time Employee,2-5 years,Construction,51035,28000,0,200,Exceptional (800-850),825,None,0,85,Auto Loan,Major Purchase,30,360,5.0,Suburban,None (Unsecured),Approved
NV0000437,Male,Married,0,Bachelor's Degree,Part-time Employee,1-2 years,Retail,33132,15000,5000,3500,Exceptional (800-850),825,None,0,20,Auto Loan,Debt Consolidation,75,180,20.0,Rural,Vehicle,Rejected
NV0000438,Female,Married,2,High School,Full-time Employee,2-5 years,Healthcare,96763,58000,8000,1500,Good (670-739),705,None,2,45,Home Purchase,Business Capital,200,480,30.0,Urban,Real Estate,Approved
NV0000439,Female,Married,4,High School,Independent Contractor,2-5 years,Manufacturing,44550,58000,12000,800,Exceptional (800-850),825,Discharged 2-7 years ago,0,5,Home Purchase,Medical,50,360,3.5,Suburban,None (Unsecured),Approved
NV0000440,Male,Single,0,Bachelor's Degree,Full-time Employee,2-5 years,Construction,39753,0,0,1000,Very Good (740-799),770,None,0,20,Home Purchase,Debt Consolidation,25,360,3.5,Rural,Real Estate,Approved
NV0000441,Male,Married,3,Associate Degree,Full-time Employee,5-10 years,Government,40417,80000,12000,500,Poor (500-579),540,Discharged 2-7 years ago,1,65,Home Purchase,Debt Consolidation,15,360,20.0,Semiurban,Real Estate,Manual Review
NV0000442,Prefer not to say,Married,2,High School,Full-time Employee,5-10 years,Construction,49045,15000,0,800,Very Good (740-799),770,None,1,65,Home Purchase,Major Purchase,150,360,20.0,Urban,Real Estate,Approved
NV0000443,Male,Married,0,Master's Degree,Independent Contractor,10+ years,Education,48706,80000,0,500,Poor (500-579),540,None,1,5,Auto Loan,Business Capital,50,360,5.0,Semiurban,Investment Portfolio,Approved
NV0000444,Male,Domestic Partnership,1,High School,Full-time Employee,10+ years,Finance,62923,58000,5000,800,Good (670-739),705,None,1,20,Auto Loan,Major Purchase,20,360,25.0,Suburban,None (Unsecured),Approved
NV0000445,Female,Married,1,Bachelor's Degree,Full-time Employee,1-2 years,Government,302363,28000,0,500,Very Good (740-799),770,None,1,20,Auto Loan,Vacation Home,150,360,3.5,Urban,Investment Portfolio,Approved
NV0000446,Non-binary,Married,4,Bachelor's Degree,Independent Contractor,5-10 years,Healthcare,149614,58000,0,0,Fair (580-669),625,Discharged 7+ years ago,2,5,Home Purchase,Home Improvement,25,360,30.0,Urban,None (Unsecured),Approved
NV0000447,Prefer not to say,Single,0,Doctoral Degree,Self-Employed,2-5 years,Retail,76326,0,8000,0,Exceptional (800-850),825,None,1,45,Auto Loan,Investment Property,75,360,5.0,Suburban,Real Estate,Approved
NV0000448,Female,Single,2,Bachelor's Degree,Government/Military,5-10 years,Government,17342,0,5000,200,Exceptional (800-850),825,None,0,5,Personal Loan,Vacation Home,30,60,0.0,Urban,Real Estate,Approved
NV0000449,Male,Single,0,High School,Full-time Employee,2-5 years,Technology,81524,0,0,200,Good (670-739),705,None,0,20,Home Refinance,Debt Consolidation,500,360,10.0,Suburban,Investment Portfolio,Approved
NV0000450,Male,Married,2,Bachelor's Degree,Freelancer,10+ years,Education,25981,0,5000,3500,Good (670-739),705,None,1,45,Auto Loan,Vacation Home,25,360,5.0,Urban,None (Unsecured),Rejected
NV0000451,Female,Single,1,Master's Degree,Independent Contractor,5-10 years,Healthcare,104030,0,5000,1500,Fair (580-669),625,Discharged under 2 years,2,20,HELOC,Vacation Home,50,360,20.0,Semiurban,Vehicle,Rejected
NV0000452,Female,Divorced,1,No Formal Education,Full-time Employee,10+ years,Manufacturing,47911,0,8000,5000,Poor (500-579),540,None,0,45,Home Refinance,Vacation Home,500,84,20.0,Urban,Real Estate,Rejected
NV0000453,Male,Married,2,Bachelor's Degree,Independent Contractor,10+ years,Technology,128037,0,0,500,Very Good (740-799),770,None,0,85,HELOC,Business Capital,40,360,20.0,Suburban,Real Estate,Approved
NV0000454,Female,Married,2,Bachelor's Degree,Part-time Employee,10+ years,Government,214392,58000,3000,500,Good (670-739),705,None,3,5,Business Loan,Debt Consolidation,100,180,20.0,Rural,Real Estate,Approved
NV0000455,Male,Married,3,Master's Degree,Retired,5-10 years,Finance,52146,80000,5000,2000,Good (670-739),705,None,0,45,Home Refinance,Home Improvement,40,360,10.0,Suburban,Real Estate,Approved
NV0000456,Male,Single,0,Associate Degree,Full-time Employee,2-5 years,Technology,50995,0,3000,1000,No History,300,None,0,5,Auto Loan,Primary Residence,20,120,0.0,Rural,Real Estate,Rejected
NV0000457,Male,Married,2,Bachelor's Degree,Independent Contractor,1-2 years,Construction,83807,28000,3000,1000,Fair (580-669),625,None,1,20,Education Loan,Investment Property,100,360,30.0,Urban,None (Unsecured),Approved
NV0000458,Male,Married,0,Bachelor's Degree,Full-time Employee,2-5 years,Government,31200,42000,0,1000,Poor (500-579),540,None,4,5,Auto Loan,Investment Property,400,84,25.0,Urban,Vehicle,Rejected
NV0000459,Male,Married,1,High School,Unemployed,<6 months,Healthcare,200928,15000,0,1000,Very Good (740-799),770,None,2,5,Home Refinance,Medical,50,60,0.0,Semiurban,Investment Portfolio,Approved
NV0000460,Male,Married,1,Bachelor's Degree,Full-time Employee,2-5 years,Government,50419,15000,12000,2500,Fair (580-669),625,Discharged under 2 years,1,20,Personal Loan,Vacation Home,100,180,10.0,Rural,Real Estate,Rejected
NV0000461,Male,Widowed,1,Associate Degree,Unemployed,2-5 years,Finance,31690,0,0,1500,Very Good (740-799),770,None,0,20,Home Purchase,Home Improvement,100,240,20.0,Suburban,Real Estate,Rejected
NV0000462,Female,Divorced,1,Bachelor's Degree,Retired,2-5 years,Legal,95424,0,0,5000,Very Good (740-799),770,None,2,65,Home Refinance,Debt Consolidation,50,360,5.0,Semiurban,Vehicle,Rejected
NV0000463,Female,Married,4,Doctoral Degree,Full-time Employee,10+ years,Construction,32550,42000,5000,5000,Very Poor (300-499),420,Discharged under 2 years,0,45,Auto Loan,Primary Residence,100,120,20.0,Rural,None (Unsecured),Rejected
NV0000464,Female,Married,0,Associate Degree,Freelancer,10+ years,Retail,33967,80000,0,800,Exceptional (800-850),825,None,2,85,Home Purchase,Primary Residence,30,360,20.0,Suburban,Vehicle,Approved
NV0000465,Prefer not to say,Married,2,Master's Degree,Unemployed,1-2 years,Government,65992,58000,0,0,Very Poor (300-499),420,Active/Pending,0,20,Education Loan,Vacation Home,40,180,5.0,Urban,None (Unsecured),Rejected
NV0000466,Male,Single,1,High School,Full-time Employee,2-5 years,Finance,79317,0,0,0,Exceptional (800-850),825,Discharged 2-7 years ago,0,5,Home Purchase,Vacation Home,50,360,3.5,Suburban,Business Assets,Approved
NV0000467,Male,Married,0,Bachelor's Degree,Part-time Employee,2-5 years,Technology,68087,28000,3000,0,Fair (580-669),625,None,0,20,Auto Loan,Debt Consolidation,300,60,20.0,Semiurban,Real Estate,Rejected
NV0000468,Female,Single,0,High School,Self-Employed,2-5 years,Technology,83174,0,8000,0,Very Good (740-799),770,None,0,20,Home Purchase,Medical,40,240,10.0,Rural,Real Estate,Approved
NV0000469,Male,Married,3,Doctoral Degree,Full-time Employee,5-10 years,Healthcare,24468,80000,3000,500,Very Good (740-799),770,None,1,20,Home Refinance,Debt Consolidation,100,360,5.0,Urban,Investment Portfolio,Approved
NV0000470,Prefer not to say,Married,3,Master's Degree,Full-time Employee,2-5 years,Construction,66083,80000,0,0,Very Good (740-799),770,None,3,45,Debt Consolidation,Business Capital,25,360,20.0,Urban,Vehicle,Approved
NV0000471,Male,Single,3,Bachelor's Degree,Full-time Employee,5-10 years,Technology,53912,0,12000,1500,Good (670-739),705,None,1,20,Home Purchase,Major Purchase,30,360,20.0,Urban,Real Estate,Approved
NV0000472,Prefer not to say,Divorced,4,Master's Degree,Full-time Employee,10+ years,Retail,268596,0,0,200,Very Good (740-799),770,None,2,20,Personal Loan,Debt Consolidation,100,360,5.0,Suburban,Vehicle,Approved
NV0000473,Male,Divorced,0,Bachelor's Degree,Part-time Employee,5-10 years,Legal,17614,0,0,1000,Good (670-739),705,None,0,5,Home Refinance,Vacation Home,200,84,25.0,Suburban,Vehicle,Rejected
NV0000474,Female,Married,0,Doctoral Degree,Full-time Employee,6-12 months,Legal,39350,15000,0,0,Exceptional (800-850),825,None,1,5,Home Refinance,Home Improvement,50,360,20.0,Urban,None (Unsecured),Approved
NV0000475,Male,Married,2,Bachelor's Degree,Government/Military,5-10 years,Healthcare,226386,80000,12000,3000,Exceptional (800-850),825,None,2,5,Auto Loan,Vacation Home,40,360,10.0,Suburban,Real Estate,Approved
NV0000476,Prefer not to say,Domestic Partnership,1,Doctoral Degree,Business Owner,2-5 years,Government,261447,15000,0,2500,Exceptional (800-850),825,None,1,5,Education Loan,Medical,400,360,10.0,Rural,Real Estate,Approved
NV0000477,Male,Single,1,Bachelor's Degree,Full-time Employee,2-5 years,Technology,118372,0,3000,500,Very Good (740-799),770,None,0,45,Personal Loan,Vacation Home,20,240,20.0,Suburban,Vehicle,Approved
NV0000478,Female,Married,0,High School,Independent Contractor,<6 months,Finance,24919,28000,0,4000,Fair (580-669),625,None,1,5,HELOC,Primary Residence,150,360,5.0,Urban,Investment Portfolio,Rejected
NV0000479,Prefer not to say,Single,1,Bachelor's Degree,Independent Contractor,2-5 years,Manufacturing,68798,0,0,200,Poor (500-579),540,None,1,45,Auto Loan,Business Capital,150,360,20.0,Semiurban,Investment Portfolio,Approved
NV0000480,Male,Married,1,High School,Unemployed,2-5 years,Legal,50800,80000,8000,2500,Very Good (740-799),770,None,0,20,Education Loan,Debt Consolidation,150,360,20.0,Rural,None (Unsecured),Approved
NV0000481,Female,Single,0,Bachelor's Degree,Full-time Employee,1-2 years,Other,130371,0,0,1000,Good (670-739),705,None,2,5,Business Loan,Investment Property,500,360,20.0,Urban,Business Assets,Approved
NV0000482,Female,Domestic Partnership,1,Bachelor's Degree,Full-time Employee,5-10 years,Healthcare,18506,28000,5000,500,Fair (580-669),625,None,3,45,Auto Loan,Debt Consolidation,150,360,20.0,Semiurban,Vehicle,Manual Review
NV0000483,Male,Divorced,1,Bachelor's Degree,Retired,5-10 years,Government,32709,0,0,0,Very Good (740-799),770,None,0,20,Home Refinance,Major Purchase,30,360,20.0,Semiurban,Real Estate,Approved
NV0000484,Female,Single,1,High School,Retired,1-2 years,Education,68588,0,5000,200,Very Good (740-799),770,None,1,5,Personal Loan,Home Improvement,40,240,5.0,Urban,Vehicle,Approved
NV0000485,Female,Married,0,Associate Degree,Business Owner,<6 months,Healthcare,29512,58000,5000,3000,Good (670-739),705,None,1,65,Home Purchase,Home Improvement,50,360,10.0,Urban,Investment Portfolio,Approved
NV0000486,Female,Widowed,2,Bachelor's Degree,Business Owner,10+ years,Finance,85493,0,0,1500,Exceptional (800-850),825,None,1,5,HELOC,Debt Consolidation,10,360,20.0,Suburban,Business Assets,Approved
NV0000487,Male,Married,0,Doctoral Degree,Full-time Employee,<6 months,Manufacturing,131584,28000,0,200,Exceptional (800-850),825,None,0,5,Auto Loan,Debt Consolidation,400,360,20.0,Urban,None (Unsecured),Approved
NV0000488,Male,Domestic Partnership,0,Bachelor's Degree,Self-Employed,10+ years,Other,107005,80000,12000,800,Exceptional (800-850),825,Discharged 7+ years ago,2,45,HELOC,Vacation Home,15,180,20.0,Urban,Investment Portfolio,Approved
NV0000489,Non-binary,Married,2,Bachelor's Degree,Full-time Employee,5-10 years,Legal,54442,42000,5000,0,Good (670-739),705,None,0,45,Auto Loan,Investment Property,150,480,10.0,Semiurban,Vehicle,Approved
NV0000490,Female,Married,1,Bachelor's Degree,Full-time Employee,2-5 years,Construction,169691,42000,0,0,Exceptional (800-850),825,None,0,20,Home Purchase,Medical,150,360,30.0,Rural,Real Estate,Approved
NV0000491,Male,Single,0,Bachelor's Degree,Freelancer,1-2 years,Other,23812,0,3000,4000,Exceptional (800-850),825,None,2,5,Auto Loan,Vacation Home,250,180,3.5,Rural,Real Estate,Rejected
NV0000492,Female,Single,2,Associate Degree,Full-time Employee,<6 months,Legal,40785,0,5000,800,Very Good (740-799),770,None,1,65,Personal Loan,Business Capital,75,360,5.0,Rural,Real Estate,Approved
NV0000493,Male,Married,1,Bachelor's Degree,Part-time Employee,1-2 years,Education,63078,28000,0,500,Exceptional (800-850),825,Discharged 7+ years ago,2,20,Personal Loan,Primary Residence,150,180,10.0,Urban,Real Estate,Approved
NV0000494,Male,Married,2,Associate Degree,Retired,6-12 months,Education,23436,0,0,5000,Exceptional (800-850),825,None,0,5,Personal Loan,Business Capital,30,84,5.0,Semiurban,Vehicle,Rejected
NV0000495,Male,Married,2,Doctoral Degree,Full-time Employee,5-10 years,Legal,25918,58000,12000,500,Poor (500-579),540,None,0,20,Debt Consolidation,Primary Residence,200,360,20.0,Rural,Real Estate,Approved
NV0000496,Male,Married,1,High School,Unemployed,1-2 years,Construction,48972,80000,8000,500,Exceptional (800-850),825,None,3,65,Personal Loan,Business Capital,40,360,0.0,Suburban,Investment Portfolio,Approved
NV0000497,Female,Married,1,Bachelor's Degree,Unemployed,2-5 years,Healthcare,194964,28000,5000,200,Good (670-739),705,None,0,5,Debt Consolidation,Home Improvement,400,180,3.5,Rural,Vehicle,Approved
NV0000498,Male,Domestic Partnership,0,High School,Self-Employed,5-10 years,Construction,167051,28000,0,1000,Very Good (740-799),770,None,2,45,Home Purchase,Home Improvement,25,240,5.0,Urban,Vehicle,Approved
NV0000499,Prefer not to say,Widowed,0,Associate Degree,Full-time Employee,2-5 years,Technology,55366,0,12000,1000,Good (670-739),705,None,2,20,Home Refinance,Investment Property,40,360,20.0,Semiurban,Vehicle,Approved
NV0000500,Prefer not to say,Married,1,Master's Degree,Full-time Employee,<6 months,Legal,33352,58000,3000,0,Good (670-739),705,None,1,20,Business Loan,Home Improvement,75,180,25.0,Urban,Real Estate,Approved
NV0000501,Female,Domestic Partnership,1,Associate Degree,Part-time Employee,<6 months,Legal,33665,0,0,1500,Very Good (740-799),770,None,0,45,HELOC,Major Purchase,200,120,20.0,Rural,None (Unsecured),Rejected
NV0000502,Male,Married,1,High School,Full-time Employee,<6 months,Construction,52795,58000,3000,2500,Fair (580-669),625,None,1,85,Home Purchase,Business Capital,200,480,5.0,Urban,Real Estate,Approved
NV0000503,Male,Married,0,Bachelor's Degree,Full-time Employee,5-10 years,Retail,33985,58000,5000,1500,Good (670-739),705,None,2,5,Home Purchase,Primary Residence,25,240,20.0,Urban,None (Unsecured),Approved
NV0000504,Female,Divorced,0,High School,Unemployed,2-5 years,Retail,24986,0,0,3500,Fair (580-669),625,Active/Pending,0,5,Business Loan,Investment Property,20,360,0.0,Semiurban,Real Estate,Rejected
NV0000505,Female,Single,1,High School,Full-time Employee,5-10 years,Finance,86250,0,8000,200,Very Good (740-799),770,None,0,65,Home Purchase,Primary Residence,30,180,10.0,Semiurban,Vehicle,Approved
NV0000506,Male,Single,0,Master's Degree,Business Owner,2-5 years,Retail,60875,0,8000,200,No History,300,None,0,45,HELOC,Debt Consolidation,75,360,25.0,Semiurban,Real Estate,Rejected
NV0000507,Non-binary,Domestic Partnership,2,Master's Degree,Full-time Employee,2-5 years,Education,44077,0,0,2000,Fair (580-669),625,None,0,20,Home Purchase,Debt Consolidation,75,360,20.0,Semiurban,Real Estate,Manual Review
NV0000508,Female,Married,0,Master's Degree,Self-Employed,2-5 years,Technology,102262,42000,8000,200,Very Poor (300-499),420,None,2,20,Home Purchase,Investment Property,50,480,3.5,Rural,Vehicle,Rejected
NV0000509,Non-binary,Domestic Partnership,1,Master's Degree,Retired,5-10 years,Legal,101290,0,8000,0,Good (670-739),705,None,2,45,Home Purchase,Vacation Home,150,360,10.0,Semiurban,Investment Portfolio,Approved
NV0000510,Female,Divorced,3,Bachelor's Degree,Full-time Employee,1-2 years,Other,67348,0,0,0,Good (670-739),705,None,4,45,Auto Loan,Major Purchase,50,360,5.0,Semiurban,Real Estate,Manual Review
NV0000511,Female,Single,0,High School,Full-time Employee,6-12 months,Education,26361,0,0,2500,Fair (580-669),625,None,0,65,Auto Loan,Medical,500,360,10.0,Urban,Vehicle,Rejected
NV0000512,Male,Divorced,1,Master's Degree,Independent Contractor,2-5 years,Finance,169289,0,0,0,Poor (500-579),540,None,1,20,Home Purchase,Major Purchase,30,480,20.0,Semiurban,Real Estate,Approved
NV0000513,Non-binary,Married,0,Master's Degree,Business Owner,2-5 years,Manufacturing,75844,58000,0,500,Very Poor (300-499),420,None,0,20,Auto Loan,Business Capital,100,120,10.0,Rural,Real Estate,Manual Review
NV0000514,Female,Married,2,Master's Degree,Independent Contractor,2-5 years,Technology,39964,80000,5000,0,Very Good (740-799),770,None,1,45,Debt Consolidation,Medical,100,360,30.0,Semiurban,None (Unsecured),Approved
NV0000515,Male,Married,1,Bachelor's Degree,Full-time Employee,5-10 years,Retail,73806,15000,0,2000,Fair (580-669),625,None,1,20,Business Loan,Home Improvement,30,360,20.0,Rural,None (Unsecured),Approved
NV0000516,Male,Divorced,1,Associate Degree,Full-time Employee,2-5 years,Government,48936,0,12000,1000,Very Good (740-799),770,None,3,20,Personal Loan,Medical,50,360,25.0,Semiurban,Vehicle,Approved
NV0000517,Male,Single,1,Master's Degree,Unemployed,5-10 years,Healthcare,76977,0,12000,200,Good (670-739),705,None,2,20,Home Purchase,Investment Property,40,360,20.0,Suburban,Real Estate,Approved
NV0000518,Female,Married,3,Master's Degree,Retired,2-5 years,Other,67298,0,0,2000,Exceptional (800-850),825,None,3,5,Debt Consolidation,Major Purchase,25,360,20.0,Semiurban,Real Estate,Approved
NV0000519,Prefer not to say,Married,0,No Formal Education,Part-time Employee,5-10 years,Legal,64747,15000,0,2000,Very Good (740-799),770,Discharged 2-7 years ago,2,20,Home Purchase,Medical,50,120,20.0,Semiurban,None (Unsecured),Rejected
NV0000520,Male,Married,0,High School,Government/Military,5-10 years,Manufacturing,104126,42000,0,1000,Poor (500-579),540,None,2,45,Personal Loan,Home Improvement,40,360,0.0,Rural,Real Estate,Approved
NV0000521,Female,Married,3,Associate Degree,Part-time Employee,2-5 years,Healthcare,79827,42000,0,200,Exceptional (800-850),825,None,0,45,Debt Consolidation,Primary Residence,25,360,20.0,Urban,Business Assets,Approved
NV0000522,Male,Single,1,Associate Degree,Part-time Employee,5-10 years,Construction,25222,0,0,1000,Good (670-739),705,None,2,20,Home Purchase,Medical,50,180,10.0,Semiurban,Real Estate,Rejected
NV0000523,Prefer not to say,Single,3,Master's Degree,Full-time Employee,10+ years,Construction,23444,0,0,4000,Good (670-739),705,None,1,5,Home Purchase,Vacation Home,50,360,3.5,Rural,None (Unsecured),Rejected
NV0000524,Female,Married,1,Associate Degree,Part-time Employee,2-5 years,Technology,43858,42000,0,0,Exceptional (800-850),825,None,0,20,Home Purchase,Home Improvement,20,480,10.0,Urban,Real Estate,Approved
NV0000525,Female,Domestic Partnership,2,High School,Self-Employed,2-5 years,Technology,54147,15000,0,200,Very Good (740-799),770,None,0,45,Debt Consolidation,Debt Consolidation,20,360,20.0,Semiurban,Real Estate,Approved
NV0000526,Male,Single,1,No Formal Education,Full-time Employee,5-10 years,Technology,40706,0,8000,500,Good (670-739),705,None,1,20,Home Purchase,Medical,100,360,30.0,Semiurban,Investment Portfolio,Approved
NV0000527,Male,Single,2,High School,Part-time Employee,5-10 years,Education,77805,0,0,1500,Exceptional (800-850),825,None,0,45,Debt Consolidation,Debt Consolidation,150,360,10.0,Suburban,None (Unsecured),Approved
NV0000528,Male,Divorced,3,Master's Degree,Freelancer,6-12 months,Education,30564,0,0,1500,Fair (580-669),625,None,0,20,HELOC,Primary Residence,500,360,20.0,Suburban,None (Unsecured),Rejected
NV0000529,Male,Single,1,Bachelor's Degree,Independent Contractor,10+ years,Construction,105021,0,3000,200,Very Poor (300-499),420,None,1,5,Home Refinance,Investment Property,15,120,25.0,Urban,Investment Portfolio,Rejected
NV0000530,Female,Widowed,0,Master's Degree,Independent Contractor,<6 months,Technology,103952,0,0,200,Very Good (740-799),770,Active/Pending,3,45,Home Purchase,Home Improvement,20,360,10.0,Semiurban,Business Assets,Rejected
NV0000531,Female,Married,0,Bachelor's Degree,Retired,5-10 years,Other,25436,58000,0,4000,Exceptional (800-850),825,None,2,5,Home Purchase,Medical,15,180,3.5,Urban,Vehicle,Rejected
NV0000532,Prefer not to say,Domestic Partnership,0,Master's Degree,Full-time Employee,5-10 years,Finance,76656,15000,3000,2000,Good (670-739),705,None,0,20,HELOC,Medical,75,360,5.0,Urban,Business Assets,Approved
NV0000533,Prefer not to say,Single,0,Doctoral Degree,Self-Employed,10+ years,Technology,265299,0,0,4000,Fair (580-669),625,None,0,5,Home Purchase,Primary Residence,100,480,25.0,Rural,None (Unsecured),Approved
NV0000534,Female,Single,0,High School,Freelancer,<6 months,Legal,29697,0,0,3000,Very Good (740-799),770,None,0,5,Business Loan,Medical,50,240,3.5,Urban,Vehicle,Rejected
NV0000535,Female,Married,1,High School,Self-Employed,5-10 years,Other,148367,42000,0,500,Exceptional (800-850),825,None,0,20,Home Refinance,Debt Consolidation,200,360,10.0,Urban,Investment Portfolio,Approved
NV0000536,Non-binary,Domestic Partnership,1,Associate Degree,Full-time Employee,2-5 years,Legal,75995,80000,0,0,Good (670-739),705,Discharged 2-7 years ago,0,20,Home Refinance,Medical,150,360,20.0,Suburban,Vehicle,Approved
NV0000537,Female,Married,1,Bachelor's Degree,Full-time Employee,2-5 years,Government,74886,58000,0,1500,Very Poor (300-499),420,None,4,45,Home Purchase,Business Capital,800,180,25.0,Suburban,Vehicle,Rejected
NV0000538,Male,Single,1,Master's Degree,Government/Military,6-12 months,Construction,18161,0,3000,500,Very Good (740-799),770,None,0,45,Auto Loan,Medical,20,360,30.0,Rural,None (Unsecured),Approved
NV0000539,Male,Married,0,Bachelor's Degree,Part-time Employee,2-5 years,Technology,97729,58000,0,800,Very Good (740-799),770,None,0,45,Home Purchase,Debt Consolidation,15,360,10.0,Suburban,Real Estate,Approved
NV0000540,Male,Married,0,Bachelor's Degree,Government/Military,2-5 years,Retail,64427,28000,0,800,Very Poor (300-499),420,None,0,20,Home Purchase,Debt Consolidation,30,84,30.0,Rural,Real Estate,Manual Review
NV0000541,Non-binary,Married,0,Associate Degree,Self-Employed,6-12 months,Healthcare,101505,28000,5000,5000,Fair (580-669),625,None,0,45,Debt Consolidation,Vacation Home,10,360,3.5,Urban,Vehicle,Manual Review
NV0000542,Female,Married,1,Master's Degree,Independent Contractor,5-10 years,Technology,128182,42000,8000,0,Fair (580-669),625,Discharged under 2 years,0,20,HELOC,Vacation Home,500,180,3.5,Semiurban,Real Estate,Manual Review
NV0000543,Male,Domestic Partnership,0,Doctoral Degree,Freelancer,5-10 years,Finance,66541,80000,8000,200,Good (670-739),705,None,0,20,HELOC,Debt Consolidation,30,480,30.0,Semiurban,Vehicle,Approved
NV0000544,Female,Married,0,Associate Degree,Independent Contractor,5-10 years,Government,40392,0,0,1500,Very Poor (300-499),420,None,3,20,HELOC,Major Purchase,75,360,20.0,Urban,None (Unsecured),Rejected
NV0000545,Female,Single,1,Bachelor's Degree,Full-time Employee,10+ years,Technology,33585,0,0,3500,Good (670-739),705,None,0,85,Auto Loan,Investment Property,40,360,5.0,Suburban,Investment Portfolio,Rejected
NV0000546,Male,Married,2,High School,Self-Employed,2-5 years,Healthcare,34138,15000,0,4000,Poor (500-579),540,None,0,5,Home Purchase,Vacation Home,30,84,20.0,Semiurban,None (Unsecured),Rejected
NV0000547,Male,Single,0,Bachelor's Degree,Freelancer,10+ years,Healthcare,155288,0,5000,1000,Fair (580-669),625,None,0,65,Personal Loan,Home Improvement,20,240,20.0,Urban,Real Estate,Approved
NV0000548,Female,Married,2,Bachelor's Degree,Full-time Employee,10+ years,Education,23068,58000,5000,0,Fair (580-669),625,None,0,5,Debt Consolidation,Vacation Home,40,360,25.0,Urban,None (Unsecured),Approved
NV0000549,Male,Married,2,High School,Full-time Employee,2-5 years,Finance,55320,42000,0,500,Very Good (740-799),770,None,0,20,Personal Loan,Home Improvement,100,360,25.0,Urban,Investment Portfolio,Approved
NV0000550,Female,Single,2,Bachelor's Degree,Full-time Employee,1-2 years,Finance,44846,0,0,4000,Very Good (740-799),770,None,0,20,Auto Loan,Vacation Home,600,360,20.0,Suburban,Real Estate,Rejected
NV0000551,Male,Married,3,Bachelor's Degree,Retired,2-5 years,Other,148504,42000,0,800,Fair (580-669),625,None,0,45,Personal Loan,Debt Consolidation,75,360,25.0,Rural,Investment Portfolio,Approved
NV0000552,Female,Single,0,Bachelor's Degree,Full-time Employee,2-5 years,Retail,59851,0,0,2000,Very Good (740-799),770,None,1,5,Home Purchase,Medical,75,360,20.0,Semiurban,None (Unsecured),Approved
NV0000553,Female,Domestic Partnership,0,Bachelor's Degree,Independent Contractor,5-10 years,Finance,420249,42000,12000,200,Good (670-739),705,None,0,65,Personal Loan,Home Improvement,10,480,20.0,Semiurban,Real Estate,Approved
NV0000554,Female,Divorced,3,High School,Full-time Employee,5-10 years,Government,96823,0,0,0,Very Good (740-799),770,None,0,65,Home Refinance,Business Capital,250,360,20.0,Rural,Vehicle,Approved
NV0000555,Female,Single,1,Master's Degree,Full-time Employee,5-10 years,Retail,133291,0,0,1000,Fair (580-669),625,None,0,45,HELOC,Medical,10,360,10.0,Rural,None (Unsecured),Approved
NV0000556,Male,Divorced,1,Bachelor's Degree,Independent Contractor,2-5 years,Education,23866,0,8000,3000,Exceptional (800-850),825,None,0,20,Personal Loan,Medical,400,360,0.0,Semiurban,Real Estate,Rejected
NV0000557,Male,Married,2,Bachelor's Degree,Full-time Employee,6-12 months,Finance,44426,42000,0,7500,Fair (580-669),625,None,0,65,Home Purchase,Investment Property,75,180,10.0,Suburban,Investment Portfolio,Rejected
NV0000558,Male,Single,2,High School,Self-Employed,10+ years,Education,23274,0,0,3000,Good (670-739),705,None,0,65,Business Loan,Vacation Home,25,360,20.0,Suburban,Vehicle,Rejected
NV0000559,Female,Single,3,Master's Degree,Freelancer,2-5 years,Healthcare,50008,0,0,1000,Exceptional (800-850),825,None,0,20,Home Purchase,Vacation Home,50,360,5.0,Suburban,Real Estate,Approved
NV0000560,Female,Married,4,Doctoral Degree,Freelancer,10+ years,Technology,107570,0,0,1500,Good (670-739),705,Active/Pending,0,45,Debt Consolidation,Debt Consolidation,1000,360,3.5,Rural,Investment Portfolio,Rejected
NV0000561,Female,Married,2,Associate Degree,Full-time Employee,6-12 months,Finance,30623,42000,0,3000,Very Good (740-799),770,None,0,20,Business Loan,Home Improvement,30,84,5.0,Suburban,Real Estate,Approved
NV0000562,Male,Married,0,Bachelor's Degree,Government/Military,10+ years,Healthcare,23532,28000,0,0,Very Good (740-799),770,Discharged 7+ years ago,0,20,Education Loan,Major Purchase,30,360,0.0,Semiurban,Business Assets,Approved
NV0000563,Male,Single,3,Associate Degree,Independent Contractor,6-12 months,Technology,84570,0,0,5000,Very Good (740-799),770,Discharged 2-7 years ago,0,20,Debt Consolidation,Debt Consolidation,20,240,20.0,Suburban,Real Estate,Rejected
NV0000564,Male,Single,0,Bachelor's Degree,Government/Military,1-2 years,Technology,30043,0,0,1000,Exceptional (800-850),825,None,3,20,Home Purchase,Medical,100,360,5.0,Suburban,Real Estate,Manual Review
NV0000565,Male,Married,0,High School,Part-time Employee,<6 months,Healthcare,60813,58000,0,5000,No History,300,None,1,5,Education Loan,Home Improvement,15,360,3.5,Suburban,Vehicle,Rejected
NV0000566,Female,Single,3,Bachelor's Degree,Self-Employed,5-10 years,Legal,17491,0,5000,2500,Exceptional (800-850),825,None,2,20,Debt Consolidation,Vacation Home,200,180,20.0,Suburban,Real Estate,Rejected
NV0000567,Male,Single,0,Bachelor's Degree,Retired,10+ years,Retail,81732,0,0,0,Good (670-739),705,None,2,45,Debt Consolidation,Vacation Home,400,480,25.0,Semiurban,Real Estate,Approved
NV0000568,Male,Single,0,Bachelor's Degree,Government/Military,2-5 years,Legal,67191,0,0,200,Very Good (740-799),770,None,4,85,Personal Loan,Vacation Home,500,360,0.0,Urban,Business Assets,Rejected
NV0000569,Female,Domestic Partnership,0,Bachelor's Degree,Part-time Employee,10+ years,Construction,84879,0,0,500,Good (670-739),705,None,1,85,Business Loan,Vacation Home,20,480,5.0,Urban,None (Unsecured),Approved
NV0000570,Male,Divorced,3,Bachelor's Degree,Full-time Employee,5-10 years,Manufacturing,42274,0,0,200,Very Good (740-799),770,None,1,20,Auto Loan,Business Capital,75,240,30.0,Rural,None (Unsecured),Approved
NV0000571,Male,Married,1,Bachelor's Degree,Full-time Employee,5-10 years,Technology,41283,58000,0,800,Good (670-739),705,None,0,45,Auto Loan,Primary Residence,15,360,10.0,Urban,Vehicle,Approved
NV0000572,Female,Divorced,2,High School,Full-time Employee,10+ years,Other,122176,0,5000,1500,Fair (580-669),625,None,0,5,Personal Loan,Vacation Home,100,360,30.0,Semiurban,None (Unsecured),Approved
NV0000573,Male,Married,0,High School,Full-time Employee,2-5 years,Retail,105550,0,0,800,Fair (580-669),625,Discharged 7+ years ago,1,45,Home Purchase,Vacation Home,250,360,5.0,Semiurban,None (Unsecured),Approved
NV0000574,Female,Married,2,Master's Degree,Full-time Employee,2-5 years,Technology,67327,58000,3000,0,Exceptional (800-850),825,None,4,5,Education Loan,Major Purchase,75,60,5.0,Rural,Vehicle,Approved
NV0000575,Female,Single,2,High School,Government/Military,10+ years,Government,85189,0,0,7500,Good (670-739),705,Discharged 7+ years ago,0,20,Home Refinance,Major Purchase,300,240,5.0,Suburban,Real Estate,Rejected
NV0000576,Non-binary,Married,0,Bachelor's Degree,Full-time Employee,10+ years,Other,26856,42000,5000,800,Very Good (740-799),770,None,1,45,Home Purchase,Home Improvement,200,360,0.0,Rural,Real Estate,Approved
NV0000577,Male,Divorced,1,Doctoral Degree,Independent Contractor,10+ years,Construction,121001,0,12000,3000,Exceptional (800-850),825,None,0,20,Debt Consolidation,Medical,30,360,25.0,Rural,Vehicle,Approved
NV0000578,Non-binary,Married,0,Associate Degree,Full-time Employee,10+ years,Construction,100474,58000,0,0,Very Good (740-799),770,Discharged 2-7 years ago,0,5,Personal Loan,Vacation Home,100,480,30.0,Semiurban,None (Unsecured),Approved
NV0000579,Male,Married,4,Bachelor's Degree,Full-time Employee,6-12 months,Government,81687,28000,0,2500,Very Good (740-799),770,Discharged 7+ years ago,0,65,Home Purchase,Vacation Home,10,180,30.0,Suburban,Vehicle,Approved
NV0000580,Male,Married,2,Bachelor's Degree,Full-time Employee,10+ years,Healthcare,151394,42000,0,200,Good (670-739),705,None,0,20,Home Purchase,Business Capital,50,480,25.0,Urban,Investment Portfolio,Approved
NV0000581,Male,Single,3,Master's Degree,Full-time Employee,2-5 years,Retail,29713,0,8000,1500,Fair (580-669),625,None,0,5,Home Purchase,Home Improvement,30,360,25.0,Urban,Real Estate,Approved
NV0000582,Prefer not to say,Divorced,0,Doctoral Degree,Business Owner,10+ years,Education,84707,0,0,1500,Very Good (740-799),770,None,1,5,Home Purchase,Medical,500,360,20.0,Suburban,Real Estate,Approved
NV0000583,Male,Married,2,Master's Degree,Government/Military,2-5 years,Retail,281591,58000,3000,4000,Very Good (740-799),770,None,2,20,Home Purchase,Vacation Home,50,360,25.0,Rural,Vehicle,Approved
NV0000584,Male,Married,2,High School,Full-time Employee,2-5 years,Other,42475,15000,3000,500,Exceptional (800-850),825,None,2,5,Personal Loan,Business Capital,100,360,5.0,Rural,None (Unsecured),Approved
NV0000585,Female,Married,2,Bachelor's Degree,Part-time Employee,2-5 years,Legal,18158,0,0,0,Good (670-739),705,Discharged 2-7 years ago,0,45,HELOC,Vacation Home,150,360,10.0,Semiurban,Real Estate,Manual Review
NV0000586,Male,Married,4,Bachelor's Degree,Part-time Employee,2-5 years,Education,104079,42000,0,3500,Good (670-739),705,None,2,20,Business Loan,Debt Consolidation,200,360,20.0,Semiurban,None (Unsecured),Rejected
NV0000587,Male,Single,1,Bachelor's Degree,Government/Military,6-12 months,Construction,16979,0,0,500,Very Good (740-799),770,None,0,45,Home Refinance,Primary Residence,150,120,25.0,Semiurban,Real Estate,Rejected
NV0000588,Male,Married,0,High School,Business Owner,10+ years,Construction,162919,42000,5000,200,Fair (580-669),625,None,0,5,Home Purchase,Home Improvement,30,360,20.0,Urban,Investment Portfolio,Approved
NV0000589,Male,Single,2,Associate Degree,Self-Employed,5-10 years,Healthcare,17912,0,0,800,Good (670-739),705,Discharged 7+ years ago,1,20,Personal Loan,Debt Consolidation,150,360,25.0,Semiurban,Investment Portfolio,Rejected
NV0000590,Male,Married,2,Master's Degree,Independent Contractor,6-12 months,Manufacturing,85081,42000,0,0,Good (670-739),705,Discharged 2-7 years ago,0,45,Debt Consolidation,Major Purchase,75,180,20.0,Semiurban,None (Unsecured),Approved
NV0000591,Male,Domestic Partnership,1,Bachelor's Degree,Government/Military,5-10 years,Retail,52163,28000,0,500,Good (670-739),705,None,0,45,Education Loan,Medical,100,360,20.0,Semiurban,Real Estate,Approved
NV0000592,Female,Domestic Partnership,0,Associate Degree,Full-time Employee,5-10 years,Healthcare,34267,80000,0,500,Good (670-739),705,None,0,45,Home Purchase,Investment Property,10,60,30.0,Rural,Real Estate,Approved
NV0000593,Male,Married,1,Bachelor's Degree,Full-time Employee,2-5 years,Other,156243,42000,0,200,Good (670-739),705,None,1,65,Home Purchase,Investment Property,30,360,3.5,Suburban,Real Estate,Approved
NV0000594,Male,Married,0,Master's Degree,Retired,1-2 years,Education,107470,42000,8000,800,Very Good (740-799),770,None,0,5,HELOC,Major Purchase,500,480,30.0,Rural,None (Unsecured),Approved
NV0000595,Female,Single,1,Master's Degree,Business Owner,10+ years,Government,44521,0,3000,500,Exceptional (800-850),825,None,1,20,Auto Loan,Primary Residence,30,240,20.0,Suburban,Real Estate,Approved
NV0000596,Male,Married,2,Associate Degree,Self-Employed,5-10 years,Technology,42566,58000,5000,2500,Exceptional (800-850),825,Discharged 7+ years ago,1,65,Home Purchase,Medical,50,120,20.0,Semiurban,Real Estate,Approved
NV0000597,Female,Single,2,High School,Self-Employed,2-5 years,Legal,97659,0,3000,4000,Good (670-739),705,Discharged under 2 years,1,5,HELOC,Medical,25,360,25.0,Rural,Vehicle,Rejected
NV0000598,Male,Married,0,Associate Degree,Full-time Employee,5-10 years,Other,122518,42000,3000,0,Poor (500-579),540,None,2,5,Auto Loan,Business Capital,20,60,10.0,Urban,Vehicle,Approved
NV0000599,Male,Single,1,Doctoral Degree,Self-Employed,6-12 months,Technology,104364,0,0,3000,Very Good (740-799),770,None,0,5,Education Loan,Investment Property,25,360,10.0,Urban,Business Assets,Approved
NV0000600,Male,Single,0,Bachelor's Degree,Independent Contractor,2-5 years,Retail,81032,0,8000,4000,Exceptional (800-850),825,None,0,45,Personal Loan,Primary Residence,75,180,20.0,Semiurban,None (Unsecured),Rejected
NV0000601,Male,Married,0,Bachelor's Degree,Full-time Employee,1-2 years,Government,31496,28000,0,1500,Fair (580-669),625,None,0,20,Education Loan,Investment Property,400,360,0.0,Semiurban,Vehicle,Rejected
NV0000602,Male,Single,2,Bachelor's Degree,Business Owner,1-2 years,Construction,127721,0,0,10000,Fair (580-669),625,None,0,5,Home Purchase,Investment Property,40,60,20.0,Rural,None (Unsecured),Rejected
NV0000603,Male,Married,3,Bachelor's Degree,Government/Military,5-10 years,Healthcare,103731,0,0,500,Poor (500-579),540,None,1,20,Auto Loan,Medical,40,84,5.0,Semiurban,Investment Portfolio,Approved
NV0000604,Male,Married,0,Master's Degree,Full-time Employee,10+ years,Education,60038,28000,0,3000,Good (670-739),705,None,0,45,Home Refinance,Business Capital,75,60,30.0,Suburban,Real Estate,Approved
NV0000605,Male,Single,2,Bachelor's Degree,Part-time Employee,2-5 years,Healthcare,60734,0,0,1500,Poor (500-579),540,None,0,5,Home Refinance,Debt Consolidation,40,360,0.0,Suburban,None (Unsecured),Approved
NV0000606,Male,Married,3,High School,Full-time Employee,1-2 years,Education,60782,15000,0,500,Exceptional (800-850),825,None,1,20,Auto Loan,Medical,400,360,20.0,Urban,Investment Portfolio,Approved
NV0000607,Male,Single,3,High School,Independent Contractor,5-10 years,Manufacturing,119638,0,3000,2000,Exceptional (800-850),825,None,1,45,Home Purchase,Investment Property,40,180,30.0,Semiurban,Vehicle,Approved
NV0000608,Male,Single,0,Bachelor's Degree,Full-time Employee,10+ years,Manufacturing,98831,0,0,1000,Exceptional (800-850),825,None,1,85,Personal Loan,Medical,75,360,25.0,Rural,Investment Portfolio,Approved
NV0000609,Male,Married,3,Doctoral Degree,Independent Contractor,5-10 years,Healthcare,131072,80000,0,200,Fair (580-669),625,None,2,45,Home Refinance,Major Purchase,75,360,20.0,Urban,Vehicle,Approved
NV0000610,Female,Single,0,Associate Degree,Government/Military,10+ years,Education,63451,0,8000,200,Exceptional (800-850),825,None,2,45,Home Refinance,Primary Residence,200,180,20.0,Urban,Real Estate,Approved
NV0000611,Male,Domestic Partnership,0,Master's Degree,Full-time Employee,2-5 years,Education,73823,0,0,2000,Good (670-739),705,None,1,20,Home Purchase,Vacation Home,75,360,5.0,Suburban,Investment Portfolio,Approved
NV0000612,Female,Single,0,Master's Degree,Retired,5-10 years,Technology,124667,0,0,2000,Good (670-739),705,None,0,20,Business Loan,Medical,30,360,10.0,Suburban,Business Assets,Approved
NV0000613,Female,Single,1,Associate Degree,Unemployed,1-2 years,Healthcare,34542,0,5000,1000,Very Good (740-799),770,None,4,20,Home Purchase,Medical,20,60,0.0,Rural,Investment Portfolio,Rejected
NV0000614,Male,Married,0,High School,Full-time Employee,2-5 years,Finance,50743,28000,0,1000,Poor (500-579),540,Discharged under 2 years,0,45,Home Purchase,Vacation Home,500,360,20.0,Semiurban,Real Estate,Rejected
NV0000615,Female,Married,0,High School,Full-time Employee,2-5 years,Retail,85904,58000,0,200,Exceptional (800-850),825,None,0,20,Personal Loan,Vacation Home,200,360,10.0,Semiurban,None (Unsecured),Approved
NV0000616,Non-binary,Single,0,Master's Degree,Unemployed,2-5 years,Construction,149794,0,0,800,Very Good (740-799),770,None,0,65,Home Refinance,Primary Residence,10,360,20.0,Semiurban,Real Estate,Approved
NV0000617,Male,Married,2,Associate Degree,Unemployed,10+ years,Manufacturing,17058,42000,0,3500,Fair (580-669),625,None,1,85,Home Purchase,Business Capital,250,180,10.0,Semiurban,Real Estate,Rejected
NV0000618,Male,Single,3,Bachelor's Degree,Full-time Employee,10+ years,Finance,33147,0,0,3000,Exceptional (800-850),825,None,3,5,Home Refinance,Primary Residence,100,480,20.0,Semiurban,Real Estate,Rejected
NV0000619,Female,Domestic Partnership,0,Bachelor's Degree,Full-time Employee,6-12 months,Manufacturing,32006,80000,0,1500,Good (670-739),705,None,0,5,Home Purchase,Vacation Home,75,360,20.0,Urban,Real Estate,Approved
NV0000620,Female,Married,3,Master's Degree,Full-time Employee,1-2 years,Government,43781,80000,0,10000,Fair (580-669),625,Discharged 2-7 years ago,0,5,Personal Loan,Major Purchase,10,360,25.0,Suburban,Vehicle,Rejected
NV0000621,Male,Married,3,High School,Unemployed,2-5 years,Manufacturing,44443,28000,0,3500,Poor (500-579),540,Active/Pending,2,20,Auto Loan,Investment Property,200,120,5.0,Rural,Investment Portfolio,Rejected
NV0000622,Male,Divorced,2,Bachelor's Degree,Full-time Employee,2-5 years,Other,76813,0,12000,0,Poor (500-579),540,None,3,5,HELOC,Vacation Home,25,180,10.0,Rural,None (Unsecured),Manual Review
NV0000623,Male,Married,0,Bachelor's Degree,Self-Employed,5-10 years,Manufacturing,164680,58000,0,500,Very Good (740-799),770,None,0,65,Home Purchase,Home Improvement,150,360,3.5,Suburban,None (Unsecured),Approved
NV0000624,Male,Divorced,2,Bachelor's Degree,Government/Military,10+ years,Technology,81377,0,5000,0,Good (670-739),705,None,0,5,Personal Loan,Medical,10,360,0.0,Urban,Business Assets,Approved
NV0000625,Female,Married,3,Master's Degree,Full-time Employee,10+ years,Finance,44429,15000,0,800,Exceptional (800-850),825,None,1,20,Debt Consolidation,Primary Residence,200,360,20.0,Urban,Vehicle,Approved
NV0000626,Male,Divorced,2,High School,Self-Employed,5-10 years,Government,158210,0,3000,2500,Very Good (740-799),770,None,0,5,Personal Loan,Home Improvement,10,360,5.0,Suburban,Investment Portfolio,Approved
NV0000627,Male,Single,0,Master's Degree,Full-time Employee,10+ years,Education,74263,0,0,0,Exceptional (800-850),825,None,2,65,Business Loan,Home Improvement,30,180,0.0,Suburban,Business Assets,Approved
NV0000628,Female,Married,1,Bachelor's Degree,Government/Military,2-5 years,Education,32379,0,0,3500,Very Good (740-799),770,Discharged 7+ years ago,0,45,Home Refinance,Primary Residence,30,360,25.0,Semiurban,Vehicle,Rejected
NV0000629,Male,Married,2,Bachelor's Degree,Full-time Employee,1-2 years,Government,55817,58000,0,1000,Poor (500-579),540,None,0,65,Home Purchase,Business Capital,20,60,20.0,Urban,Business Assets,Approved
NV0000630,Male,Married,1,Bachelor's Degree,Independent Contractor,2-5 years,Legal,92234,42000,8000,2000,Very Good (740-799),770,None,0,85,Auto Loan,Medical,75,360,3.5,Rural,Vehicle,Approved
NV0000631,Female,Married,0,Bachelor's Degree,Independent Contractor,2-5 years,Healthcare,95844,15000,0,0,Good (670-739),705,None,0,20,Debt Consolidation,Vacation Home,30,360,0.0,Urban,Real Estate,Approved
NV0000632,Female,Married,0,High School,Full-time Employee,5-10 years,Legal,63087,0,0,0,Very Good (740-799),770,None,0,5,Home Purchase,Major Purchase,1000,360,3.5,Semiurban,Vehicle,Rejected
NV0000633,Male,Single,2,Bachelor's Degree,Full-time Employee,1-2 years,Finance,33361,0,0,1500,Good (670-739),705,None,0,5,Home Purchase,Debt Consolidation,100,360,20.0,Urban,Investment Portfolio,Manual Review
NV0000634,Male,Single,3,Bachelor's Degree,Full-time Employee,2-5 years,Manufacturing,121465,0,0,3000,Very Poor (300-499),420,Discharged 7+ years ago,1,5,Home Purchase,Business Capital,75,480,20.0,Suburban,Investment Portfolio,Rejected
NV0000635,Male,Married,0,Bachelor's Degree,Full-time Employee,2-5 years,Education,40246,80000,3000,3500,Very Good (740-799),770,None,0,45,Business Loan,Business Capital,25,360,20.0,Semiurban,Real Estate,Approved
NV0000636,Male,Married,3,Bachelor's Degree,Freelancer,10+ years,Technology,102376,28000,5000,1500,Good (670-739),705,None,3,5,Auto Loan,Home Improvement,50,120,3.5,Suburban,Vehicle,Manual Review
NV0000637,Male,Divorced,0,Master's Degree,Freelancer,2-5 years,Legal,74193,0,0,200,Very Good (740-799),770,None,0,5,Home Purchase,Vacation Home,20,360,20.0,Urban,None (Unsecured),Approved
NV0000638,Male,Married,2,Bachelor's Degree,Part-time Employee,5-10 years,Manufacturing,39786,28000,0,200,Exceptional (800-850),825,None,1,45,Home Purchase,Debt Consolidation,200,60,10.0,Semiurban,None (Unsecured),Rejected
NV0000639,Male,Divorced,2,High School,Self-Employed,5-10 years,Construction,31529,0,0,3500,Good (670-739),705,Discharged 2-7 years ago,0,45,Home Purchase,Medical,40,360,20.0,Suburban,Real Estate,Rejected
NV0000640,Male,Married,2,Bachelor's Degree,Self-Employed,1-2 years,Healthcare,24422,28000,12000,0,Fair (580-669),625,None,0,45,Home Purchase,Home Improvement,200,360,25.0,Urban,Real Estate,Approved
NV0000641,Male,Single,3,Master's Degree,Freelancer,5-10 years,Government,40972,0,0,1500,Exceptional (800-850),825,Active/Pending,0,20,Home Purchase,Vacation Home,40,360,10.0,Semiurban,Investment Portfolio,Rejected
NV0000642,Male,Single,0,Master's Degree,Part-time Employee,10+ years,Manufacturing,29995,0,0,1000,Exceptional (800-850),825,None,0,45,HELOC,Home Improvement,800,360,3.5,Semiurban,Vehicle,Rejected
NV0000643,Male,Married,3,Bachelor's Degree,Full-time Employee,2-5 years,Healthcare,78218,0,0,800,Exceptional (800-850),825,None,1,20,Personal Loan,Business Capital,25,360,25.0,Rural,Real Estate,Approved
NV0000644,Male,Married,0,Master's Degree,Full-time Employee,10+ years,Healthcare,83814,0,0,800,Fair (580-669),625,None,1,5,Home Purchase,Vacation Home,10,360,5.0,Urban,Real Estate,Approved
NV0000645,Male,Single,2,Associate Degree,Self-Employed,1-2 years,Education,64103,0,5000,5000,Fair (580-669),625,None,1,45,HELOC,Business Capital,100,180,5.0,Semiurban,Business Assets,Rejected
NV0000646,Female,Married,2,Bachelor's Degree,Part-time Employee,6-12 months,Education,81102,80000,0,3000,Good (670-739),705,None,0,85,Home Purchase,Medical,500,360,20.0,Rural,Business Assets,Approved
NV0000647,Female,Divorced,2,Master's Degree,Part-time Employee,10+ years,Finance,118271,0,3000,3500,Good (670-739),705,None,2,5,Personal Loan,Major Purchase,100,360,20.0,Semiurban,Vehicle,Rejected
NV0000648,Female,Married,0,Master's Degree,Full-time Employee,10+ years,Construction,148984,58000,0,500,Poor (500-579),540,None,1,20,Personal Loan,Medical,15,180,25.0,Urban,Vehicle,Approved
NV0000649,Female,Married,3,Bachelor's Degree,Business Owner,10+ years,Government,33945,15000,3000,0,Fair (580-669),625,None,4,20,Personal Loan,Investment Property,75,480,5.0,Rural,Vehicle,Rejected
NV0000650,Male,Married,0,Master's Degree,Full-time Employee,5-10 years,Healthcare,63246,28000,0,10000,Fair (580-669),625,Discharged under 2 years,2,5,Debt Consolidation,Investment Property,400,480,10.0,Semiurban,Real Estate,Rejected
NV0000651,Male,Single,0,High School,Full-time Employee,10+ years,Finance,24401,0,8000,0,Fair (580-669),625,Active/Pending,0,65,HELOC,Medical,10,360,3.5,Urban,Vehicle,Rejected
NV0000652,Male,Married,2,Master's Degree,Full-time Employee,10+ years,Other,26510,28000,0,1000,Good (670-739),705,None,0,20,Personal Loan,Primary Residence,25,360,20.0,Rural,Real Estate,Approved
NV0000653,Female,Married,1,Bachelor's Degree,Full-time Employee,10+ years,Legal,82659,0,3000,200,Good (670-739),705,Discharged 2-7 years ago,0,45,Home Purchase,Debt Consolidation,250,180,5.0,Suburban,Vehicle,Approved
NV0000654,Female,Single,3,High School,Self-Employed,2-5 years,Retail,67665,0,5000,1000,Poor (500-579),540,None,1,45,Home Purchase,Medical,300,360,20.0,Urban,Real Estate,Approved
NV0000655,Male,Married,1,Associate Degree,Full-time Employee,2-5 years,Healthcare,102912,0,0,500,Poor (500-579),540,None,0,20,Home Refinance,Medical,150,180,0.0,Semiurban,Investment Portfolio,Approved
NV0000656,Male,Married,0,Bachelor's Degree,Part-time Employee,10+ years,Finance,48720,58000,0,3500,Exceptional (800-850),825,None,2,5,Home Refinance,Home Improvement,1000,360,0.0,Rural,Investment Portfolio,Rejected
NV0000657,Male,Domestic Partnership,2,Associate Degree,Self-Employed,2-5 years,Construction,26831,42000,12000,5000,Exceptional (800-850),825,Discharged 2-7 years ago,0,5,Home Refinance,Home Improvement,15,360,10.0,Urban,Real Estate,Rejected
NV0000658,Male,Domestic Partnership,1,Bachelor's Degree,Full-time Employee,2-5 years,Education,170473,28000,0,800,Very Poor (300-499),420,None,0,5,Home Purchase,Vacation Home,75,180,30.0,Urban,Real Estate,Manual Review
NV0000659,Female,Single,0,High School,Full-time Employee,2-5 years,Healthcare,23944,0,8000,0,Very Good (740-799),770,None,0,5,Personal Loan,Debt Consolidation,150,360,25.0,Semiurban,Real Estate,Approved
NV0000660,Female,Married,2,Associate Degree,Government/Military,2-5 years,Healthcare,33556,15000,0,1500,Poor (500-579),540,None,0,20,Auto Loan,Business Capital,150,120,30.0,Rural,Investment Portfolio,Rejected
NV0000661,Male,Married,1,Bachelor's Degree,Part-time Employee,2-5 years,Manufacturing,41391,15000,0,500,Very Good (740-799),770,None,1,65,Debt Consolidation,Home Improvement,200,84,10.0,Urban,Real Estate,Rejected
NV0000662,Prefer not to say,Divorced,1,Bachelor's Degree,Full-time Employee,<6 months,Construction,411761,0,0,7500,Exceptional (800-850),825,None,0,20,Business Loan,Debt Consolidation,400,360,0.0,Suburban,Real Estate,Approved
NV0000663,Female,Single,1,Bachelor's Degree,Full-time Employee,10+ years,Government,49217,0,0,0,Exceptional (800-850),825,None,1,45,Personal Loan,Medical,40,360,10.0,Rural,Investment Portfolio,Approved
NV0000664,Male,Married,2,Master's Degree,Part-time Employee,2-5 years,Education,65400,15000,0,0,Exceptional (800-850),825,None,0,20,Auto Loan,Debt Consolidation,10,240,20.0,Urban,Business Assets,Approved
NV0000665,Male,Married,2,Master's Degree,Self-Employed,5-10 years,Healthcare,94025,42000,0,2000,Very Good (740-799),770,Discharged under 2 years,0,45,Auto Loan,Investment Property,40,180,3.5,Semiurban,Real Estate,Approved
NV0000666,Male,Single,2,Master's Degree,Self-Employed,6-12 months,Legal,80462,0,12000,2000,Good (670-739),705,None,1,85,Business Loan,Business Capital,150,240,5.0,Suburban,Vehicle,Approved
NV0000667,Male,Single,0,Bachelor's Degree,Business Owner,<6 months,Education,119871,0,5000,800,Fair (580-669),625,None,0,5,Home Purchase,Home Improvement,25,120,0.0,Urban,None (Unsecured),Approved
NV0000668,Male,Married,2,Master's Degree,Full-time Employee,1-2 years,Legal,64505,15000,0,200,No History,300,None,1,65,Auto Loan,Home Improvement,200,360,20.0,Semiurban,None (Unsecured),Rejected
NV0000669,Male,Married,2,High School,Full-time Employee,5-10 years,Retail,287525,42000,0,500,Good (670-739),705,None,2,45,Personal Loan,Primary Residence,25,360,5.0,Rural,Real Estate,Approved
NV0000670,Male,Married,2,High School,Freelancer,6-12 months,Government,132541,42000,3000,500,Good (670-739),705,None,2,45,HELOC,Debt Consolidation,10,180,0.0,Urban,Business Assets,Approved
NV0000671,Male,Married,0,Bachelor's Degree,Retired,10+ years,Retail,49215,58000,0,200,Good (670-739),705,None,0,45,Home Purchase,Vacation Home,75,360,10.0,Urban,Vehicle,Approved
NV0000672,Female,Married,3,Master's Degree,Full-time Employee,1-2 years,Healthcare,55271,15000,5000,3000,Good (670-739),705,Discharged 2-7 years ago,0,20,Auto Loan,Business Capital,150,120,10.0,Urban,None (Unsecured),Rejected
NV0000673,Male,Married,2,Associate Degree,Part-time Employee,1-2 years,Manufacturing,206305,0,0,0,Good (670-739),705,None,1,5,Debt Consolidation,Investment Property,40,240,20.0,Urban,Vehicle,Approved
NV0000674,Male,Single,0,High School,Full-time Employee,1-2 years,Government,84400,0,3000,500,Exceptional (800-850),825,Discharged 7+ years ago,1,5,Home Purchase,Medical,200,240,20.0,Urban,Business Assets,Approved
NV0000675,Male,Divorced,1,High School,Full-time Employee,<6 months,Manufacturing,80160,0,0,2000,Exceptional (800-850),825,None,2,20,Home Refinance,Primary Residence,50,360,3.5,Suburban,Business Assets,Approved
NV0000676,Prefer not to say,Single,3,Master's Degree,Full-time Employee,5-10 years,Finance,105795,0,3000,0,Exceptional (800-850),825,None,0,85,Personal Loan,Investment Property,25,360,20.0,Suburban,Vehicle,Approved
NV0000677,Male,Married,0,Bachelor's Degree,Full-time Employee,10+ years,Other,66693,28000,0,3500,Exceptional (800-850),825,None,0,45,Home Purchase,Vacation Home,15,360,0.0,Urban,Business Assets,Approved
NV0000678,Male,Single,4,Associate Degree,Business Owner,5-10 years,Construction,32044,0,0,2000,Fair (580-669),625,None,0,20,Home Purchase,Primary Residence,150,360,10.0,Semiurban,Real Estate,Rejected
NV0000679,Prefer not to say,Single,2,Bachelor's Degree,Self-Employed,1-2 years,Finance,40740,0,0,0,Very Good (740-799),770,None,1,65,Home Purchase,Investment Property,40,120,20.0,Urban,Real Estate,Approved
NV0000680,Female,Married,2,Bachelor's Degree,Full-time Employee,1-2 years,Retail,69876,15000,0,3500,Poor (500-579),540,None,0,45,Debt Consolidation,Vacation Home,400,360,30.0,Urban,Vehicle,Rejected
NV0000681,Female,Single,0,Bachelor's Degree,Full-time Employee,2-5 years,Legal,18866,0,0,800,Poor (500-579),540,None,0,20,Personal Loan,Major Purchase,75,240,20.0,Urban,None (Unsecured),Rejected
NV0000682,Male,Domestic Partnership,0,Associate Degree,Freelancer,10+ years,Retail,51011,42000,5000,1500,Very Poor (300-499),420,None,1,5,HELOC,Primary Residence,40,60,3.5,Semiurban,Vehicle,Rejected
NV0000683,Male,Single,3,Master's Degree,Full-time Employee,1-2 years,Government,94667,0,0,3500,Poor (500-579),540,None,0,5,Debt Consolidation,Vacation Home,40,240,20.0,Suburban,Investment Portfolio,Manual Review
NV0000684,Female,Married,0,Associate Degree,Self-Employed,5-10 years,Government,33431,15000,0,3500,Very Good (740-799),770,Discharged 2-7 years ago,0,65,Business Loan,Primary Residence,20,240,10.0,Semiurban,Investment Portfolio,Rejected
NV0000685,Non-binary,Married,2,Bachelor's Degree,Full-time Employee,2-5 years,Retail,26959,42000,0,500,Good (670-739),705,None,0,65,Auto Loan,Home Improvement,100,120,20.0,Semiurban,Real Estate,Approved
NV0000686,Female,Single,1,High School,Self-Employed,2-5 years,Healthcare,120579,0,3000,200,Exceptional (800-850),825,None,0,20,Personal Loan,Home Improvement,100,360,5.0,Urban,Real Estate,Approved
NV0000687,Female,Single,0,Bachelor's Degree,Full-time Employee,2-5 years,Retail,85323,0,5000,200,Fair (580-669),625,None,0,20,Debt Consolidation,Investment Property,200,240,20.0,Urban,Investment Portfolio,Approved
NV0000688,Male,Married,0,Bachelor's Degree,Full-time Employee,6-12 months,Government,30081,42000,5000,2500,Poor (500-579),540,None,0,45,Home Purchase,Business Capital,25,360,3.5,Suburban,None (Unsecured),Approved
NV0000689,Female,Married,1,Bachelor's Degree,Full-time Employee,5-10 years,Government,134044,28000,8000,4000,Fair (580-669),625,None,0,65,Business Loan,Debt Consolidation,30,60,20.0,Urban,Real Estate,Approved
NV0000690,Male,Married,4,High School,Full-time Employee,1-2 years,Education,83140,58000,12000,0,Very Good (740-799),770,None,0,45,Auto Loan,Major Purchase,15,480,20.0,Suburban,Vehicle,Approved
NV0000691,Male,Married,0,Master's Degree,Part-time Employee,5-10 years,Technology,40969,15000,5000,0,Fair (580-669),625,None,0,45,Auto Loan,Medical,30,180,0.0,Urban,Real Estate,Approved
NV0000692,Male,Married,0,Associate Degree,Independent Contractor,6-12 months,Manufacturing,50374,15000,0,3000,Exceptional (800-850),825,None,1,5,Personal Loan,Debt Consolidation,50,360,25.0,Rural,Real Estate,Manual Review
NV0000693,Male,Single,0,Bachelor's Degree,Full-time Employee,10+ years,Finance,32734,0,0,500,Exceptional (800-850),825,None,0,20,HELOC,Medical,600,360,20.0,Suburban,Real Estate,Rejected
NV0000694,Male,Married,1,Master's Degree,Full-time Employee,1-2 years,Retail,126870,28000,0,200,Fair (580-669),625,None,0,5,Debt Consolidation,Medical,100,180,10.0,Urban,Vehicle,Approved
NV0000695,Male,Divorced,1,Bachelor's Degree,Self-Employed,10+ years,Education,69356,0,12000,200,Very Good (740-799),770,None,0,45,Debt Consolidation,Medical,200,120,0.0,Semiurban,Real Estate,Approved
NV0000696,Female,Married,3,Master's Degree,Self-Employed,5-10 years,Healthcare,67768,58000,0,500,No History,300,None,0,20,Personal Loan,Vacation Home,40,120,20.0,Rural,Real Estate,Rejected
NV0000697,Male,Married,1,Bachelor's Degree,Unemployed,10+ years,Government,161033,42000,0,5000,Exceptional (800-850),825,None,0,65,Business Loan,Primary Residence,20,180,10.0,Urban,Business Assets,Approved
NV0000698,Female,Married,1,Bachelor's Degree,Self-Employed,2-5 years,Retail,19231,42000,8000,7500,Fair (580-669),625,None,0,20,Personal Loan,Home Improvement,30,120,25.0,Rural,None (Unsecured),Rejected
NV0000699,Male,Married,0,Master's Degree,Part-time Employee,5-10 years,Government,25370,15000,0,500,Good (670-739),705,None,1,65,HELOC,Debt Consolidation,30,360,0.0,Urban,Real Estate,Approved
NV0000700,Male,Married,4,Associate Degree,Self-Employed,2-5 years,Legal,33790,58000,3000,5000,Fair (580-669),625,None,0,20,Auto Loan,Business Capital,100,360,0.0,Urban,Investment Portfolio,Rejected
NV0000701,Male,Married,0,Bachelor's Degree,Retired,1-2 years,Education,18981,28000,5000,500,Fair (580-669),625,None,2,20,Personal Loan,Medical,40,360,30.0,Urban,Real Estate,Approved
NV0000702,Male,Divorced,0,Master's Degree,Freelancer,2-5 years,Retail,85365,0,5000,3000,Poor (500-579),540,Active/Pending,0,45,Personal Loan,Home Improvement,250,60,30.0,Suburban,None (Unsecured),Rejected
NV0000703,Male,Single,2,Bachelor's Degree,Full-time Employee,1-2 years,Legal,74465,0,5000,200,Very Good (740-799),770,None,0,5,Auto Loan,Medical,800,360,0.0,Urban,Investment Portfolio,Approved
NV0000704,Male,Single,1,Associate Degree,Full-time Employee,10+ years,Other,32429,0,5000,3000,Very Poor (300-499),420,None,0,85,Home Purchase,Major Purchase,40,180,20.0,Urban,Business Assets,Rejected
NV0000705,Male,Married,1,Bachelor's Degree,Full-time Employee,6-12 months,Education,31838,28000,3000,500,Exceptional (800-850),825,None,1,20,Personal Loan,Vacation Home,150,240,5.0,Semiurban,Real Estate,Approved
NV0000706,Prefer not to say,Domestic Partnership,1,Master's Degree,Self-Employed,5-10 years,Retail,31951,28000,0,200,Exceptional (800-850),825,None,0,20,Auto Loan,Business Capital,100,84,20.0,Urban,Vehicle,Approved
NV0000707,Male,Single,2,Doctoral Degree,Business Owner,5-10 years,Retail,208652,0,3000,4000,Very Good (740-799),770,None,0,65,Debt Consolidation,Major Purchase,25,120,25.0,Semiurban,Vehicle,Approved
NV0000708,Female,Single,0,Bachelor's Degree,Self-Employed,2-5 years,Construction,84319,0,5000,200,Fair (580-669),625,None,0,65,HELOC,Major Purchase,400,360,3.5,Urban,Real Estate,Approved
NV0000709,Male,Single,2,Bachelor's Degree,Full-time Employee,5-10 years,Education,63111,0,0,10000,Good (670-739),705,Discharged 7+ years ago,0,20,Personal Loan,Vacation Home,25,360,5.0,Rural,Real Estate,Rejected
NV0000710,Female,Single,2,Master's Degree,Business Owner,6-12 months,Education,41749,0,0,0,Fair (580-669),625,None,3,65,Personal Loan,Primary Residence,150,360,0.0,Rural,Vehicle,Manual Review
NV0000711,Female,Married,1,High School,Freelancer,2-5 years,Government,49509,58000,0,0,Fair (580-669),625,None,0,5,Auto Loan,Business Capital,40,360,0.0,Semiurban,Investment Portfolio,Approved
NV0000712,Female,Married,1,Associate Degree,Full-time Employee,1-2 years,Retail,24006,15000,0,3500,Very Good (740-799),770,None,2,5,Home Refinance,Major Purchase,40,480,0.0,Urban,Real Estate,Rejected
NV0000713,Male,Married,0,Bachelor's Degree,Independent Contractor,10+ years,Manufacturing,410266,42000,0,1000,Very Poor (300-499),420,Discharged 2-7 years ago,1,20,HELOC,Debt Consolidation,50,360,25.0,Semiurban,Vehicle,Rejected
NV0000714,Male,Married,2,Master's Degree,Part-time Employee,5-10 years,Manufacturing,93870,28000,5000,800,Exceptional (800-850),825,None,0,20,Debt Consolidation,Medical,300,360,5.0,Rural,Real Estate,Approved
NV0000715,Male,Single,1,Master's Degree,Government/Military,10+ years,Manufacturing,76004,0,0,0,Poor (500-579),540,None,0,20,Home Purchase,Vacation Home,20,180,20.0,Urban,Real Estate,Approved
NV0000716,Non-binary,Single,0,Bachelor's Degree,Government/Military,<6 months,Other,65291,0,0,1000,Very Good (740-799),770,None,1,20,Personal Loan,Vacation Home,15,120,20.0,Urban,Investment Portfolio,Approved
NV0000717,Female,Married,1,High School,Self-Employed,1-2 years,Retail,60255,42000,0,500,Good (670-739),705,None,0,20,Business Loan,Medical,50,360,20.0,Urban,Real Estate,Approved
NV0000718,Prefer not to say,Divorced,4,Bachelor's Degree,Independent Contractor,1-2 years,Retail,39492,0,0,800,Very Good (740-799),770,None,0,65,Home Refinance,Home Improvement,15,240,10.0,Rural,Vehicle,Approved
NV0000719,Male,Domestic Partnership,1,Associate Degree,Government/Military,<6 months,Legal,33860,42000,0,1500,Exceptional (800-850),825,Discharged 7+ years ago,1,20,HELOC,Investment Property,150,360,0.0,Suburban,Real Estate,Approved
NV0000720,Female,Single,3,Associate Degree,Part-time Employee,1-2 years,Construction,68599,0,0,1500,Very Good (740-799),770,None,2,85,Business Loan,Business Capital,200,180,20.0,Urban,Investment Portfolio,Manual Review
NV0000721,Non-binary,Divorced,0,Master's Degree,Full-time Employee,5-10 years,Education,24391,0,8000,5000,Exceptional (800-850),825,None,1,45,Business Loan,Major Purchase,250,360,3.5,Urban,Vehicle,Rejected
NV0000722,Male,Married,0,High School,Business Owner,1-2 years,Government,24391,28000,5000,1500,Very Good (740-799),770,None,1,20,Home Refinance,Debt Consolidation,200,480,20.0,Urban,None (Unsecured),Approved
NV0000723,Male,Married,0,Master's Degree,Full-time Employee,2-5 years,Construction,69539,58000,5000,500,Exceptional (800-850),825,None,0,20,Home Purchase,Primary Residence,400,240,5.0,Urban,Real Estate,Approved
NV0000724,Female,Married,1,Bachelor's Degree,Full-time Employee,10+ years,Legal,147861,15000,0,500,Good (670-739),705,None,0,20,Education Loan,Major Purchase,200,360,20.0,Semiurban,Investment Portfolio,Approved
NV0000725,Female,Married,0,Bachelor's Degree,Government/Military,5-10 years,Retail,162055,80000,5000,800,Fair (580-669),625,None,0,65,Auto Loan,Medical,500,360,20.0,Suburban,Real Estate,Approved
NV0000726,Female,Married,0,High School,Business Owner,2-5 years,Finance,18280,58000,5000,200,Good (670-739),705,None,1,5,Home Purchase,Primary Residence,25,480,20.0,Urban,Vehicle,Approved
NV0000727,Male,Single,3,Bachelor's Degree,Full-time Employee,2-5 years,Education,26151,0,12000,500,Poor (500-579),540,None,3,5,Home Refinance,Home Improvement,75,240,5.0,Rural,Vehicle,Manual Review
NV0000728,Female,Single,3,High School,Full-time Employee,2-5 years,Other,69698,0,0,3000,Good (670-739),705,None,0,65,Home Purchase,Major Purchase,1000,360,5.0,Semiurban,Real Estate,Rejected
NV0000729,Male,Single,2,Doctoral Degree,Full-time Employee,1-2 years,Manufacturing,122116,0,0,3000,Good (670-739),705,None,0,45,Debt Consolidation,Primary Residence,150,180,25.0,Suburban,Vehicle,Approved
NV0000730,Male,Married,0,Master's Degree,Full-time Employee,5-10 years,Other,207911,80000,0,1500,Good (670-739),705,None,0,5,Home Refinance,Major Purchase,300,360,0.0,Semiurban,Real Estate,Approved
NV0000731,Male,Married,0,Bachelor's Degree,Full-time Employee,2-5 years,Retail,164385,28000,8000,1000,Good (670-739),705,None,2,5,Debt Consolidation,Vacation Home,10,360,5.0,Urban,Real Estate,Approved
NV0000732,Female,Married,0,Associate Degree,Business Owner,10+ years,Legal,85981,0,3000,800,Good (670-739),705,None,0,65,Debt Consolidation,Major Purchase,300,360,20.0,Suburban,Real Estate,Approved
NV0000733,Female,Single,2,Doctoral Degree,Full-time Employee,5-10 years,Finance,34000,0,0,1500,Exceptional (800-850),825,Active/Pending,0,65,Debt Consolidation,Debt Consolidation,150,180,25.0,Urban,Investment Portfolio,Rejected
NV0000734,Male,Divorced,3,Bachelor's Degree,Part-time Employee,5-10 years,Healthcare,25668,0,0,2500,Fair (580-669),625,None,4,20,Auto Loan,Major Purchase,25,360,10.0,Semiurban,Business Assets,Rejected
NV0000735,Male,Divorced,1,High School,Full-time Employee,2-5 years,Manufacturing,19027,0,5000,2000,Fair (580-669),625,None,2,20,Debt Consolidation,Primary Residence,10,360,20.0,Suburban,Real Estate,Rejected
NV0000736,Female,Married,0,Bachelor's Degree,Unemployed,1-2 years,Government,74690,58000,8000,0,Very Good (740-799),770,None,0,65,Home Purchase,Debt Consolidation,30,180,20.0,Urban,Vehicle,Approved
NV0000737,Male,Widowed,1,Doctoral Degree,Full-time Employee,5-10 years,Retail,17646,0,3000,2000,Fair (580-669),625,None,3,45,Personal Loan,Primary Residence,400,360,0.0,Semiurban,Real Estate,Rejected
NV0000738,Female,Married,0,High School,Full-time Employee,2-5 years,Technology,92209,15000,5000,2000,Exceptional (800-850),825,None,0,45,Debt Consolidation,Business Capital,150,360,20.0,Suburban,Real Estate,Approved
NV0000739,Male,Divorced,0,Associate Degree,Full-time Employee,1-2 years,Finance,94839,0,0,0,Very Good (740-799),770,None,0,20,Home Refinance,Medical,400,480,25.0,Suburban,Business Assets,Approved
NV0000740,Male,Single,2,Doctoral Degree,Self-Employed,1-2 years,Finance,25521,0,0,0,Exceptional (800-850),825,None,0,65,Personal Loan,Medical,50,360,30.0,Rural,Investment Portfolio,Approved
NV0000741,Male,Married,2,High School,Self-Employed,1-2 years,Education,169870,0,8000,2500,Fair (580-669),625,None,2,20,Personal Loan,Investment Property,500,60,0.0,Urban,Real Estate,Rejected
NV0000742,Male,Single,0,High School,Full-time Employee,5-10 years,Other,66380,0,5000,1000,Fair (580-669),625,None,1,5,Personal Loan,Investment Property,50,120,20.0,Rural,Real Estate,Approved
NV0000743,Female,Single,0,Bachelor's Degree,Part-time Employee,1-2 years,Manufacturing,164201,0,3000,3000,Fair (580-669),625,None,0,45,Auto Loan,Debt Consolidation,25,84,10.0,Rural,Business Assets,Approved
NV0000744,Male,Single,4,Master's Degree,Full-time Employee,2-5 years,Retail,149857,0,0,200,Exceptional (800-850),825,Discharged 7+ years ago,3,20,Auto Loan,Medical,20,120,0.0,Rural,Real Estate,Approved
NV0000745,Male,Married,0,Bachelor's Degree,Self-Employed,2-5 years,Technology,32844,58000,0,0,Good (670-739),705,None,0,65,Home Purchase,Investment Property,1000,360,20.0,Suburban,Real Estate,Manual Review
NV0000746,Female,Married,0,No Formal Education,Self-Employed,5-10 years,Manufacturing,51620,28000,0,0,Fair (580-669),625,None,1,5,Debt Consolidation,Investment Property,40,240,3.5,Urban,Investment Portfolio,Approved
NV0000747,Male,Married,0,Bachelor's Degree,Full-time Employee,10+ years,Legal,25605,28000,0,800,Exceptional (800-850),825,None,1,65,Home Purchase,Vacation Home,25,120,10.0,Urban,Vehicle,Approved
NV0000748,Male,Single,0,High School,Full-time Employee,10+ years,Technology,97218,0,0,1000,Good (670-739),705,None,0,20,Auto Loan,Primary Residence,10,360,5.0,Rural,Vehicle,Approved
NV0000749,Female,Domestic Partnership,1,No Formal Education,Full-time Employee,2-5 years,Construction,65847,28000,8000,3000,Exceptional (800-850),825,None,0,45,Home Refinance,Investment Property,30,360,10.0,Suburban,None (Unsecured),Approved
NV0000750,Female,Married,2,Bachelor's Degree,Full-time Employee,<6 months,Construction,207448,58000,3000,2000,Exceptional (800-850),825,None,2,5,Auto Loan,Debt Consolidation,300,360,20.0,Semiurban,Real Estate,Approved
NV0000751,Male,Married,0,Associate Degree,Self-Employed,2-5 years,Finance,32300,42000,0,7500,Good (670-739),705,None,0,45,Home Purchase,Vacation Home,75,360,10.0,Suburban,Investment Portfolio,Rejected
NV0000752,Non-binary,Married,1,Bachelor's Degree,Full-time Employee,5-10 years,Legal,75482,80000,0,0,Good (670-739),705,None,1,45,Home Purchase,Medical,100,360,20.0,Suburban,Real Estate,Approved
NV0000753,Female,Single,2,Associate Degree,Full-time Employee,2-5 years,Construction,275332,0,5000,0,Exceptional (800-850),825,None,0,20,Debt Consolidation,Investment Property,400,240,5.0,Suburban,Investment Portfolio,Approved
NV0000754,Male,Married,1,High School,Full-time Employee,5-10 years,Finance,78390,15000,0,0,Exceptional (800-850),825,None,1,5,Personal Loan,Major Purchase,75,360,20.0,Suburban,None (Unsecured),Approved
NV0000755,Male,Divorced,3,High School,Unemployed,1-2 years,Other,25945,0,3000,1000,Very Good (740-799),770,None,0,20,Education Loan,Medical,250,360,25.0,Suburban,Vehicle,Rejected
NV0000756,Female,Single,3,Bachelor's Degree,Government/Military,5-10 years,Retail,67146,0,0,200,Very Good (740-799),770,None,0,65,HELOC,Debt Consolidation,40,360,5.0,Suburban,Investment Portfolio,Approved
NV0000757,Female,Married,0,Master's Degree,Full-time Employee,1-2 years,Finance,34093,28000,0,1500,Very Good (740-799),770,None,0,20,Home Purchase,Primary Residence,600,360,20.0,Rural,Business Assets,Rejected
NV0000758,Male,Divorced,2,Bachelor's Degree,Full-time Employee,5-10 years,Retail,18380,0,0,0,Very Good (740-799),770,Discharged 7+ years ago,2,20,HELOC,Business Capital,15,360,20.0,Urban,Real Estate,Approved
NV0000759,Female,Married,1,No Formal Education,Full-time Employee,2-5 years,Legal,40753,15000,0,0,Good (670-739),705,None,0,20,Personal Loan,Medical,150,360,20.0,Urban,Investment Portfolio,Approved
NV0000760,Female,Single,4,Associate Degree,Part-time Employee,5-10 years,Education,43903,0,0,800,Very Good (740-799),770,None,0,85,Home Refinance,Major Purchase,150,180,10.0,Urban,None (Unsecured),Approved
NV0000761,Male,Single,1,Associate Degree,Full-time Employee,<6 months,Manufacturing,99951,0,3000,500,Fair (580-669),625,None,3,20,Education Loan,Medical,25,360,20.0,Urban,Vehicle,Approved
NV0000762,Male,Single,4,High School,Independent Contractor,2-5 years,Finance,49449,0,3000,3000,Fair (580-669),625,None,2,5,Home Purchase,Investment Property,40,360,0.0,Urban,Real Estate,Rejected
NV0000763,Male,Married,2,High School,Self-Employed,5-10 years,Finance,103958,0,12000,3000,Exceptional (800-850),825,None,0,45,Auto Loan,Debt Consolidation,40,360,10.0,Suburban,Real Estate,Approved
NV0000764,Female,Married,0,Associate Degree,Government/Military,1-2 years,Retail,16941,28000,5000,0,Exceptional (800-850),825,None,4,45,Home Purchase,Major Purchase,15,360,20.0,Rural,Real Estate,Approved
NV0000765,Male,Single,1,Master's Degree,Full-time Employee,5-10 years,Construction,17073,0,0,2500,Poor (500-579),540,None,1,5,HELOC,Business Capital,100,84,0.0,Urban,Real Estate,Rejected
NV0000766,Female,Divorced,4,Master's Degree,Freelancer,5-10 years,Construction,18745,0,0,1000,Exceptional (800-850),825,None,0,85,Home Purchase,Debt Consolidation,1000,84,20.0,Rural,Vehicle,Rejected
NV0000767,Female,Married,3,No Formal Education,Freelancer,5-10 years,Finance,33383,28000,3000,1000,Exceptional (800-850),825,Discharged 7+ years ago,0,45,Home Refinance,Home Improvement,75,120,20.0,Semiurban,Real Estate,Approved
NV0000768,Female,Single,0,Associate Degree,Full-time Employee,2-5 years,Construction,54419,0,0,0,Exceptional (800-850),825,Discharged 7+ years ago,1,20,Education Loan,Medical,75,120,20.0,Urban,Real Estate,Approved
NV0000769,Male,Married,2,Master's Degree,Full-time Employee,2-5 years,Construction,77354,42000,12000,2000,Good (670-739),705,Discharged 2-7 years ago,1,20,Home Purchase,Major Purchase,10,360,3.5,Suburban,Vehicle,Approved
NV0000770,Female,Married,0,Bachelor's Degree,Full-time Employee,5-10 years,Finance,296423,42000,0,0,Good (670-739),705,None,0,65,HELOC,Debt Consolidation,20,120,30.0,Urban,Vehicle,Approved
NV0000771,Male,Single,0,High School,Full-time Employee,2-5 years,Other,53852,0,8000,200,No History,300,Discharged 7+ years ago,0,5,Home Refinance,Major Purchase,75,360,20.0,Rural,Vehicle,Rejected
NV0000772,Female,Single,1,Master's Degree,Full-time Employee,5-10 years,Other,18961,0,12000,0,Poor (500-579),540,None,0,20,Home Refinance,Home Improvement,800,360,10.0,Urban,Investment Portfolio,Rejected
NV0000773,Male,Domestic Partnership,0,Bachelor's Degree,Self-Employed,2-5 years,Healthcare,33068,58000,0,1000,Very Good (740-799),770,None,0,5,HELOC,Primary Residence,300,240,5.0,Semiurban,Real Estate,Approved
NV0000774,Male,Married,2,High School,Full-time Employee,1-2 years,Other,162037,0,0,1500,Very Good (740-799),770,None,0,45,Home Refinance,Business Capital,40,84,20.0,Suburban,Real Estate,Approved
NV0000775,Female,Married,0,Bachelor's Degree,Retired,1-2 years,Healthcare,75000,80000,0,3500,Very Good (740-799),770,None,0,20,Personal Loan,Primary Residence,75,360,25.0,Urban,Real Estate,Approved
NV0000776,Male,Married,2,Associate Degree,Full-time Employee,<6 months,Legal,129218,80000,0,2000,Exceptional (800-850),825,Discharged 2-7 years ago,1,45,Business Loan,Medical,75,120,20.0,Suburban,Vehicle,Approved
NV0000777,Male,Single,0,Master's Degree,Unemployed,2-5 years,Government,25761,0,5000,5000,Exceptional (800-850),825,None,1,5,Debt Consolidation,Vacation Home,150,360,20.0,Urban,Real Estate,Rejected
NV0000778,Female,Single,0,Bachelor's Degree,Full-time Employee,5-10 years,Manufacturing,24249,0,0,2000,Exceptional (800-850),825,None,0,45,Personal Loan,Major Purchase,150,360,10.0,Semiurban,Investment Portfolio,Rejected
NV0000779,Female,Married,0,No Formal Education,Freelancer,5-10 years,Government,25943,15000,0,500,Exceptional (800-850),825,None,0,45,Home Purchase,Home Improvement,200,360,10.0,Suburban,Real Estate,Approved
NV0000780,Female,Single,0,High School,Full-time Employee,1-2 years,Construction,126009,0,8000,1000,Very Good (740-799),770,Discharged 7+ years ago,0,20,Auto Loan,Business Capital,10,120,5.0,Suburban,None (Unsecured),Approved
NV0000781,Female,Single,0,Bachelor's Degree,Full-time Employee,10+ years,Technology,32304,0,12000,800,Very Good (740-799),770,None,0,45,Education Loan,Debt Consolidation,500,360,20.0,Urban,Vehicle,Rejected
NV0000782,Male,Domestic Partnership,0,Bachelor's Degree,Government/Military,2-5 years,Construction,78305,42000,0,1000,Very Poor (300-499),420,Discharged under 2 years,3,20,Business Loan,Vacation Home,15,240,10.0,Urban,Vehicle,Rejected
NV0000783,Male,Widowed,1,Bachelor's Degree,Full-time Employee,10+ years,Finance,61014,0,8000,1000,Good (670-739),705,None,1,45,Debt Consolidation,Major Purchase,50,180,5.0,Rural,Business Assets,Approved
NV0000784,Male,Married,0,Associate Degree,Independent Contractor,5-10 years,Finance,62056,15000,0,2000,No History,300,None,0,5,Personal Loan,Vacation Home,400,360,10.0,Urban,Investment Portfolio,Rejected
NV0000785,Male,Domestic Partnership,1,Master's Degree,Self-Employed,5-10 years,Manufacturing,33376,28000,5000,0,Very Good (740-799),770,None,0,20,Business Loan,Business Capital,75,360,25.0,Semiurban,Investment Portfolio,Approved
NV0000786,Female,Single,0,Master's Degree,Part-time Employee,6-12 months,Education,77074,0,0,2000,Good (670-739),705,None,0,85,Debt Consolidation,Major Purchase,15,240,20.0,Rural,None (Unsecured),Approved
NV0000787,Female,Divorced,3,Doctoral Degree,Part-time Employee,1-2 years,Education,16566,0,12000,0,Very Good (740-799),770,None,1,85,Home Purchase,Medical,25,360,10.0,Semiurban,Vehicle,Approved
NV0000788,Male,Single,3,Master's Degree,Business Owner,<6 months,Education,431809,0,3000,0,Exceptional (800-850),825,None,0,20,Home Purchase,Medical,100,84,25.0,Urban,Business Assets,Approved
NV0000789,Male,Divorced,1,Master's Degree,Full-time Employee,5-10 years,Other,17166,0,0,1000,Exceptional (800-850),825,None,2,20,Home Purchase,Primary Residence,15,84,0.0,Semiurban,Real Estate,Rejected
NV0000790,Non-binary,Widowed,0,Bachelor's Degree,Independent Contractor,2-5 years,Legal,18447,0,0,1000,Very Poor (300-499),420,None,1,5,HELOC,Debt Consolidation,50,360,0.0,Suburban,Business Assets,Rejected
NV0000791,Male,Married,0,Master's Degree,Government/Military,5-10 years,Construction,44868,0,0,0,No History,300,None,0,65,Home Purchase,Home Improvement,40,180,3.5,Rural,Real Estate,Rejected
NV0000792,Female,Widowed,3,Associate Degree,Full-time Employee,2-5 years,Finance,126994,0,3000,1000,Exceptional (800-850),825,None,2,20,Personal Loan,Medical,250,240,3.5,Rural,Real Estate,Approved
NV0000793,Male,Married,0,Bachelor's Degree,Full-time Employee,5-10 years,Technology,44009,0,8000,1000,Exceptional (800-850),825,None,1,20,Personal Loan,Primary Residence,20,120,0.0,Urban,Investment Portfolio,Approved
NV0000794,Female,Single,0,Associate Degree,Business Owner,6-12 months,Technology,69954,0,5000,0,Very Good (740-799),770,None,1,5,Home Purchase,Vacation Home,150,240,20.0,Urban,Real Estate,Approved
NV0000795,Male,Married,0,Bachelor's Degree,Part-time Employee,1-2 years,Technology,19037,42000,5000,2000,Exceptional (800-850),825,None,3,85,Home Purchase,Investment Property,50,180,20.0,Urban,Real Estate,Approved
NV0000796,Female,Married,0,Associate Degree,Full-time Employee,2-5 years,Education,25231,58000,5000,200,Very Good (740-799),770,None,0,20,Auto Loan,Medical,100,360,20.0,Semiurban,Real Estate,Approved
NV0000797,Non-binary,Single,0,Doctoral Degree,Full-time Employee,2-5 years,Manufacturing,78255,0,12000,2500,Exceptional (800-850),825,None,0,20,Personal Loan,Vacation Home,25,360,20.0,Urban,Investment Portfolio,Approved
NV0000798,Female,Married,2,Associate Degree,Self-Employed,2-5 years,Education,31910,42000,5000,500,Good (670-739),705,None,2,20,Business Loan,Business Capital,100,480,20.0,Semiurban,None (Unsecured),Approved
NV0000799,Female,Widowed,0,High School,Full-time Employee,5-10 years,Finance,84375,0,0,800,Very Good (740-799),770,None,1,20,Debt Consolidation,Investment Property,150,360,5.0,Rural,Investment Portfolio,Approved
NV0000800,Non-binary,Single,2,Bachelor's Degree,Part-time Employee,6-12 months,Construction,105653,0,5000,3500,Very Good (740-799),770,Discharged 2-7 years ago,3,45,Business Loan,Major Purchase,15,360,20.0,Rural,Business Assets,Rejected
NV0000801,Female,Married,0,High School,Business Owner,2-5 years,Construction,131917,42000,0,2500,Exceptional (800-850),825,None,0,65,Auto Loan,Primary Residence,250,360,20.0,Urban,Vehicle,Approved
NV0000802,Male,Divorced,0,High School,Full-time Employee,10+ years,Manufacturing,25388,0,12000,2500,Very Good (740-799),770,Discharged under 2 years,1,65,Personal Loan,Major Purchase,300,360,30.0,Rural,Real Estate,Rejected
NV0000803,Female,Divorced,3,Associate Degree,Part-time Employee,6-12 months,Legal,51808,0,0,0,No History,300,None,0,20,Home Purchase,Home Improvement,15,240,5.0,Rural,Real Estate,Rejected
NV0000804,Female,Divorced,0,Bachelor's Degree,Unemployed,10+ years,Other,203660,0,0,0,Very Good (740-799),770,None,0,65,Personal Loan,Debt Consolidation,100,240,0.0,Urban,Vehicle,Approved
NV0000805,Male,Married,2,Bachelor's Degree,Independent Contractor,10+ years,Technology,92053,28000,0,1500,Poor (500-579),540,None,0,20,Education Loan,Medical,100,360,20.0,Urban,Real Estate,Approved
NV0000806,Female,Divorced,1,Master's Degree,Government/Military,6-12 months,Construction,26057,0,3000,800,Fair (580-669),625,None,0,20,Home Purchase,Investment Property,10,180,20.0,Rural,Real Estate,Approved
NV0000807,Non-binary,Married,0,Master's Degree,Full-time Employee,2-5 years,Manufacturing,62680,28000,0,4000,Very Poor (300-499),420,None,0,85,HELOC,Medical,40,360,5.0,Semiurban,Vehicle,Rejected
NV0000808,Non-binary,Single,3,Bachelor's Degree,Business Owner,2-5 years,Technology,204277,0,12000,500,Fair (580-669),625,None,1,20,Auto Loan,Debt Consolidation,600,360,20.0,Urban,Investment Portfolio,Approved
NV0000809,Male,Married,0,Bachelor's Degree,Full-time Employee,5-10 years,Education,54857,28000,0,800,Good (670-739),705,None,0,20,Business Loan,Major Purchase,75,240,0.0,Urban,Real Estate,Approved
NV0000810,Male,Married,3,Associate Degree,Full-time Employee,5-10 years,Retail,116045,15000,0,1000,Fair (580-669),625,None,0,85,Auto Loan,Primary Residence,500,360,30.0,Urban,Business Assets,Approved
NV0000811,Prefer not to say,Single,0,Master's Degree,Full-time Employee,5-10 years,Government,69447,0,0,2500,Exceptional (800-850),825,None,0,5,Auto Loan,Primary Residence,150,240,3.5,Suburban,Investment Portfolio,Approved
NV0000812,Female,Married,3,High School,Full-time Employee,5-10 years,Construction,23005,42000,0,200,Good (670-739),705,None,0,45,Home Refinance,Major Purchase,10,480,0.0,Rural,Investment Portfolio,Approved
NV0000813,Male,Married,0,High School,Government/Military,6-12 months,Legal,34248,80000,0,5000,No History,300,None,3,65,HELOC,Major Purchase,15,480,0.0,Semiurban,None (Unsecured),Rejected
NV0000814,Non-binary,Single,1,Master's Degree,Full-time Employee,10+ years,Manufacturing,17869,0,0,1000,Fair (580-669),625,None,0,20,Personal Loan,Primary Residence,150,360,10.0,Suburban,Real Estate,Rejected
NV0000815,Female,Married,2,Bachelor's Degree,Independent Contractor,5-10 years,Other,29962,58000,0,3000,Very Poor (300-499),420,None,0,5,Debt Consolidation,Home Improvement,75,120,0.0,Rural,Investment Portfolio,Rejected
NV0000816,Male,Married,3,High School,Business Owner,5-10 years,Legal,164458,58000,0,1000,Fair (580-669),625,None,2,20,Home Refinance,Investment Property,20,180,20.0,Rural,None (Unsecured),Approved
NV0000817,Female,Married,3,Associate Degree,Self-Employed,10+ years,Education,85066,80000,0,2500,Poor (500-579),540,None,1,5,Personal Loan,Debt Consolidation,100,360,25.0,Urban,Vehicle,Approved
NV0000818,Male,Single,2,Doctoral Degree,Full-time Employee,5-10 years,Construction,99009,0,5000,0,Fair (580-669),625,None,1,20,Business Loan,Vacation Home,250,360,5.0,Semiurban,Business Assets,Approved
NV0000819,Male,Single,3,Master's Degree,Self-Employed,1-2 years,Finance,82449,0,0,2500,Fair (580-669),625,None,1,45,Home Refinance,Medical,200,180,20.0,Urban,Vehicle,Rejected
NV0000820,Male,Married,0,Bachelor's Degree,Full-time Employee,2-5 years,Education,55988,28000,0,1000,Good (670-739),705,None,3,20,Debt Consolidation,Major Purchase,30,120,0.0,Semiurban,Vehicle,Approved
NV0000821,Female,Divorced,0,Bachelor's Degree,Full-time Employee,2-5 years,Other,30672,0,0,800,Poor (500-579),540,None,0,20,Debt Consolidation,Major Purchase,30,84,10.0,Urban,Real Estate,Approved
NV0000822,Male,Single,0,Bachelor's Degree,Unemployed,<6 months,Education,220767,0,0,0,Fair (580-669),625,None,4,20,Debt Consolidation,Medical,600,360,5.0,Urban,None (Unsecured),Rejected
NV0000823,Male,Married,0,No Formal Education,Full-time Employee,10+ years,Manufacturing,62870,28000,0,2000,Fair (580-669),625,None,2,20,Personal Loan,Primary Residence,300,360,5.0,Urban,Business Assets,Manual Review
NV0000824,Male,Single,1,Doctoral Degree,Full-time Employee,6-12 months,Legal,64233,0,3000,0,Good (670-739),705,None,0,65,Home Purchase,Debt Consolidation,40,60,20.0,Semiurban,None (Unsecured),Approved
NV0000825,Male,Married,1,Associate Degree,Government/Military,5-10 years,Manufacturing,386033,28000,12000,200,Very Good (740-799),770,None,1,20,Debt Consolidation,Debt Consolidation,250,180,3.5,Suburban,Investment Portfolio,Approved
NV0000826,Non-binary,Domestic Partnership,0,Master's Degree,Full-time Employee,2-5 years,Technology,51550,28000,0,0,Exceptional (800-850),825,Discharged 2-7 years ago,1,65,Debt Consolidation,Home Improvement,25,360,25.0,Semiurban,Real Estate,Approved
NV0000827,Male,Married,2,Associate Degree,Independent Contractor,<6 months,Retail,115101,28000,0,0,Poor (500-579),540,None,0,20,Home Purchase,Investment Property,25,360,20.0,Suburban,Real Estate,Approved
NV0000828,Male,Single,0,Associate Degree,Full-time Employee,10+ years,Legal,154968,0,0,1500,Good (670-739),705,None,0,20,Home Purchase,Home Improvement,25,360,20.0,Rural,None (Unsecured),Approved
NV0000829,Female,Married,0,Bachelor's Degree,Full-time Employee,10+ years,Retail,31719,42000,0,200,Very Good (740-799),770,None,3,20,Personal Loan,Business Capital,15,360,30.0,Semiurban,Real Estate,Approved
NV0000830,Male,Single,1,Bachelor's Degree,Full-time Employee,2-5 years,Manufacturing,25528,0,0,0,Exceptional (800-850),825,None,0,20,Education Loan,Home Improvement,250,120,30.0,Urban,Real Estate,Rejected
NV0000831,Male,Married,2,Doctoral Degree,Full-time Employee,1-2 years,Finance,286153,58000,0,500,Fair (580-669),625,None,0,45,Home Purchase,Business Capital,100,360,20.0,Suburban,Vehicle,Approved
NV0000832,Male,Married,2,High School,Full-time Employee,6-12 months,Construction,52697,28000,8000,800,Fair (580-669),625,None,1,5,Home Purchase,Debt Consolidation,30,480,20.0,Urban,Vehicle,Approved
NV0000833,Male,Single,2,Bachelor's Degree,Business Owner,2-5 years,Other,17403,0,0,1000,Fair (580-669),625,None,0,65,Auto Loan,Investment Property,250,480,10.0,Rural,Investment Portfolio,Rejected
NV0000834,Male,Single,0,Master's Degree,Self-Employed,1-2 years,Education,69653,0,0,500,Good (670-739),705,None,0,20,Home Purchase,Investment Property,200,360,20.0,Rural,Vehicle,Approved
NV0000835,Male,Married,1,Master's Degree,Retired,2-5 years,Education,78617,58000,5000,800,Very Good (740-799),770,None,1,65,Business Loan,Business Capital,20,360,20.0,Semiurban,Investment Portfolio,Approved
NV0000836,Male,Divorced,0,High School,Full-time Employee,10+ years,Retail,95470,0,0,800,Very Good (740-799),770,None,1,5,Personal Loan,Investment Property,100,480,30.0,Urban,None (Unsecured),Approved
NV0000837,Non-binary,Widowed,0,Bachelor's Degree,Self-Employed,5-10 years,Other,211831,0,0,3000,Exceptional (800-850),825,None,0,20,Personal Loan,Medical,150,360,5.0,Semiurban,Real Estate,Approved
NV0000838,Male,Single,1,Bachelor's Degree,Self-Employed,10+ years,Legal,166372,0,3000,0,Fair (580-669),625,None,3,5,Home Refinance,Primary Residence,150,120,10.0,Suburban,Real Estate,Approved
NV0000839,Female,Married,0,High School,Retired,5-10 years,Construction,193611,15000,0,3500,Exceptional (800-850),825,None,0,20,Home Refinance,Investment Property,150,360,10.0,Suburban,Vehicle,Approved
NV0000840,Female,Married,0,Doctoral Degree,Full-time Employee,2-5 years,Government,17355,80000,5000,200,Good (670-739),705,None,0,65,Personal Loan,Debt Consolidation,25,480,25.0,Suburban,None (Unsecured),Approved
NV0000841,Male,Married,3,Master's Degree,Self-Employed,10+ years,Retail,105199,42000,0,2000,Good (670-739),705,None,0,5,Home Refinance,Medical,40,360,0.0,Urban,Real Estate,Approved
NV0000842,Female,Married,3,High School,Government/Military,2-5 years,Legal,32035,15000,0,500,Good (670-739),705,None,1,20,Home Purchase,Primary Residence,250,360,20.0,Semiurban,Real Estate,Approved
NV0000843,Male,Divorced,0,High School,Full-time Employee,10+ years,Legal,31531,0,5000,500,Poor (500-579),540,None,0,5,Debt Consolidation,Vacation Home,300,360,10.0,Urban,Investment Portfolio,Manual Review
NV0000844,Prefer not to say,Divorced,0,High School,Government/Military,2-5 years,Other,133618,0,0,1500,Exceptional (800-850),825,Discharged under 2 years,0,20,Personal Loan,Business Capital,30,120,0.0,Suburban,Vehicle,Approved
NV0000845,Male,Married,0,Master's Degree,Full-time Employee,6-12 months,Other,48584,42000,0,2500,Fair (580-669),625,None,2,65,Education Loan,Major Purchase,10,120,10.0,Urban,None (Unsecured),Manual Review
NV0000846,Male,Married,1,Associate Degree,Business Owner,10+ years,Healthcare,162958,42000,0,800,Exceptional (800-850),825,Discharged 2-7 years ago,0,45,HELOC,Home Improvement,250,480,20.0,Semiurban,None (Unsecured),Approved
NV0000847,Male,Married,3,Bachelor's Degree,Retired,5-10 years,Education,17545,42000,5000,800,Exceptional (800-850),825,None,2,45,Personal Loan,Investment Property,40,360,0.0,Suburban,Vehicle,Approved
NV0000848,Prefer not to say,Single,0,Bachelor's Degree,Independent Contractor,10+ years,Construction,116416,0,3000,0,Very Good (740-799),770,None,0,20,Personal Loan,Business Capital,40,60,20.0,Semiurban,Investment Portfolio,Approved
NV0000849,Male,Married,2,Bachelor's Degree,Part-time Employee,10+ years,Technology,23854,28000,0,4000,Exceptional (800-850),825,None,4,85,Home Refinance,Vacation Home,40,480,30.0,Semiurban,Real Estate,Rejected
NV0000850,Female,Married,0,High School,Full-time Employee,<6 months,Retail,32655,80000,3000,3000,Fair (580-669),625,None,0,45,Home Purchase,Investment Property,50,360,30.0,Urban,Investment Portfolio,Approved
NV0000851,Male,Married,4,Associate Degree,Retired,2-5 years,Construction,60094,28000,3000,500,Good (670-739),705,None,0,20,Home Purchase,Home Improvement,40,360,20.0,Semiurban,Investment Portfolio,Approved
NV0000852,Female,Single,1,Doctoral Degree,Part-time Employee,2-5 years,Healthcare,52767,0,12000,2500,Exceptional (800-850),825,Discharged 7+ years ago,0,20,Home Purchase,Debt Consolidation,75,360,20.0,Suburban,Real Estate,Approved
NV0000853,Male,Single,2,Master's Degree,Full-time Employee,5-10 years,Healthcare,69751,0,0,500,Exceptional (800-850),825,None,2,65,HELOC,Debt Consolidation,15,120,5.0,Semiurban,Real Estate,Approved
NV0000854,Female,Divorced,0,Master's Degree,Independent Contractor,5-10 years,Construction,219915,0,5000,2000,Good (670-739),705,None,2,20,Home Refinance,Home Improvement,600,360,30.0,Urban,None (Unsecured),Approved
NV0000855,Male,Single,2,High School,Part-time Employee,1-2 years,Other,78023,0,0,1000,Fair (580-669),625,None,0,45,Personal Loan,Vacation Home,500,480,5.0,Urban,Vehicle,Approved
NV0000856,Male,Married,0,Bachelor's Degree,Full-time Employee,2-5 years,Legal,39568,42000,8000,800,Very Good (740-799),770,Discharged 7+ years ago,1,20,Home Refinance,Business Capital,500,60,20.0,Urban,Investment Portfolio,Rejected
NV0000857,Male,Single,0,Bachelor's Degree,Full-time Employee,5-10 years,Government,31821,0,0,0,Good (670-739),705,None,0,5,Auto Loan,Primary Residence,300,360,0.0,Semiurban,Real Estate,Approved
NV0000858,Male,Single,3,Associate Degree,Full-time Employee,6-12 months,Construction,51109,0,0,5000,Fair (580-669),625,None,3,45,Personal Loan,Major Purchase,150,180,10.0,Urban,Vehicle,Rejected
NV0000859,Female,Single,3,Master's Degree,Self-Employed,5-10 years,Retail,55924,0,5000,3000,Good (670-739),705,None,3,45,Debt Consolidation,Major Purchase,25,360,0.0,Rural,Business Assets,Rejected
NV0000860,Male,Single,3,Bachelor's Degree,Independent Contractor,5-10 years,Technology,86270,0,5000,2500,Very Good (740-799),770,None,4,20,Home Refinance,Business Capital,10,360,20.0,Semiurban,Real Estate,Manual Review
NV0000861,Female,Domestic Partnership,2,High School,Self-Employed,10+ years,Education,41399,28000,0,500,Good (670-739),705,None,2,45,Business Loan,Major Purchase,15,360,20.0,Rural,Investment Portfolio,Approved
NV0000862,Male,Single,2,Master's Degree,Freelancer,2-5 years,Healthcare,94380,0,0,500,Good (670-739),705,None,3,5,Personal Loan,Primary Residence,40,360,20.0,Urban,Real Estate,Approved
NV0000863,Male,Divorced,0,Doctoral Degree,Government/Military,6-12 months,Finance,26642,0,0,1000,Fair (580-669),625,Discharged 2-7 years ago,0,45,Education Loan,Investment Property,75,360,5.0,Rural,Vehicle,Rejected
NV0000864,Male,Married,0,High School,Self-Employed,2-5 years,Finance,68052,0,0,3000,Good (670-739),705,None,2,85,HELOC,Business Capital,1000,360,25.0,Semiurban,None (Unsecured),Rejected
NV0000865,Male,Married,0,Bachelor's Degree,Full-time Employee,6-12 months,Legal,80144,0,0,4000,Very Poor (300-499),420,None,1,65,Home Refinance,Home Improvement,50,60,0.0,Semiurban,Vehicle,Rejected
NV0000866,Female,Married,2,Associate Degree,Independent Contractor,10+ years,Other,31310,28000,0,200,Exceptional (800-850),825,None,3,20,Home Refinance,Home Improvement,75,84,10.0,Suburban,None (Unsecured),Approved
NV0000867,Male,Married,0,Bachelor's Degree,Full-time Employee,<6 months,Education,123963,0,0,1500,Very Poor (300-499),420,None,0,20,Personal Loan,Primary Residence,150,60,20.0,Urban,None (Unsecured),Rejected
NV0000868,Male,Married,0,High School,Self-Employed,5-10 years,Healthcare,85144,0,0,2000,Good (670-739),705,None,0,45,Business Loan,Vacation Home,25,360,25.0,Semiurban,None (Unsecured),Approved
NV0000869,Female,Single,1,Bachelor's Degree,Independent Contractor,2-5 years,Finance,75963,0,0,200,Good (670-739),705,None,0,20,HELOC,Major Purchase,500,360,5.0,Urban,None (Unsecured),Approved
NV0000870,Non-binary,Married,2,Doctoral Degree,Full-time Employee,2-5 years,Finance,68190,15000,8000,500,Exceptional (800-850),825,None,1,20,Personal Loan,Business Capital,75,360,20.0,Semiurban,Real Estate,Approved
NV0000871,Male,Divorced,1,Bachelor's Degree,Retired,6-12 months,Government,147665,0,0,200,Very Good (740-799),770,None,0,65,Personal Loan,Medical,30,360,20.0,Semiurban,None (Unsecured),Approved
NV0000872,Male,Divorced,0,High School,Full-time Employee,5-10 years,Construction,85383,0,3000,2000,Fair (580-669),625,None,0,20,Personal Loan,Home Improvement,500,180,25.0,Urban,Real Estate,Rejected
NV0000873,Female,Divorced,0,Bachelor's Degree,Independent Contractor,5-10 years,Manufacturing,52002,0,8000,3500,Fair (580-669),625,None,0,20,HELOC,Business Capital,100,360,0.0,Rural,Real Estate,Rejected
NV0000874,Male,Married,0,Bachelor's Degree,Full-time Employee,1-2 years,Education,30600,58000,0,3500,Exceptional (800-850),825,None,0,5,HELOC,Debt Consolidation,75,240,10.0,Rural,Real Estate,Approved
NV0000875,Male,Married,0,Master's Degree,Retired,10+ years,Manufacturing,23011,0,0,1500,Good (670-739),705,None,0,5,Home Refinance,Debt Consolidation,100,360,5.0,Rural,Real Estate,Rejected
NV0000876,Male,Married,2,Bachelor's Degree,Full-time Employee,2-5 years,Technology,32304,0,0,500,Exceptional (800-850),825,None,0,5,Home Purchase,Medical,200,180,0.0,Urban,Investment Portfolio,Rejected
NV0000877,Female,Married,1,Associate Degree,Full-time Employee,2-5 years,Other,383647,42000,0,1500,No History,300,None,3,65,Home Refinance,Home Improvement,20,120,3.5,Urban,Vehicle,Rejected
NV0000878,Female,Single,2,Associate Degree,Full-time Employee,2-5 years,Construction,53092,0,0,3500,Poor (500-579),540,None,1,20,Home Refinance,Major Purchase,300,360,30.0,Rural,Real Estate,Rejected
NV0000879,Male,Married,0,Master's Degree,Full-time Employee,6-12 months,Technology,154397,28000,0,1500,Exceptional (800-850),825,None,0,20,Personal Loan,Major Purchase,500,84,5.0,Urban,Vehicle,Manual Review
NV0000880,Male,Single,2,Associate Degree,Full-time Employee,10+ years,Retail,29890,0,8000,800,Fair (580-669),625,None,1,65,Home Purchase,Major Purchase,75,60,30.0,Rural,Vehicle,Rejected
NV0000881,Male,Married,0,Master's Degree,Self-Employed,2-5 years,Healthcare,52042,28000,0,4000,Poor (500-579),540,None,1,45,Personal Loan,Vacation Home,150,360,5.0,Urban,Business Assets,Rejected
NV0000882,Female,Domestic Partnership,1,Associate Degree,Part-time Employee,6-12 months,Manufacturing,282888,0,5000,3000,Very Good (740-799),770,None,0,45,Business Loan,Debt Consolidation,250,180,30.0,Urban,Real Estate,Approved
NV0000883,Male,Single,2,Bachelor's Degree,Full-time Employee,2-5 years,Legal,24810,0,0,3500,Fair (580-669),625,None,0,20,Auto Loan,Vacation Home,40,60,20.0,Suburban,Real Estate,Rejected
NV0000884,Male,Single,0,Bachelor's Degree,Full-time Employee,5-10 years,Retail,79462,0,0,4000,Good (670-739),705,None,1,65,Education Loan,Primary Residence,1000,240,3.5,Rural,Real Estate,Rejected
NV0000885,Female,Single,0,Doctoral Degree,Freelancer,2-5 years,Education,162295,0,0,500,Good (670-739),705,None,0,5,Home Purchase,Investment Property,150,360,20.0,Rural,Real Estate,Approved
NV0000886,Male,Divorced,3,Doctoral Degree,Independent Contractor,5-10 years,Healthcare,210885,0,0,3000,Very Good (740-799),770,None,1,5,Debt Consolidation,Major Purchase,50,360,10.0,Suburban,Vehicle,Approved
NV0000887,Female,Married,0,Associate Degree,Business Owner,<6 months,Finance,117651,58000,5000,1000,Very Good (740-799),770,None,0,5,HELOC,Primary Residence,150,120,10.0,Rural,Vehicle,Approved
NV0000888,Male,Married,2,Bachelor's Degree,Independent Contractor,1-2 years,Manufacturing,118941,42000,0,0,Very Good (740-799),770,None,0,20,Home Purchase,Investment Property,75,360,10.0,Semiurban,Real Estate,Approved
NV0000889,Male,Domestic Partnership,0,High School,Full-time Employee,5-10 years,Construction,75414,58000,0,1500,Exceptional (800-850),825,None,4,20,Home Purchase,Medical,20,360,10.0,Suburban,Real Estate,Approved
NV0000890,Male,Domestic Partnership,2,Bachelor's Degree,Full-time Employee,6-12 months,Construction,32989,28000,0,800,Fair (580-669),625,None,0,45,Auto Loan,Debt Consolidation,200,360,20.0,Rural,Real Estate,Approved
NV0000891,Female,Married,0,Bachelor's Degree,Full-time Employee,10+ years,Retail,100457,28000,0,200,Very Good (740-799),770,None,1,5,Business Loan,Investment Property,75,360,20.0,Rural,None (Unsecured),Approved
NV0000892,Female,Married,0,Master's Degree,Government/Military,6-12 months,Retail,276857,58000,5000,5000,Very Good (740-799),770,Discharged 2-7 years ago,0,45,Home Purchase,Business Capital,200,120,10.0,Semiurban,Real Estate,Approved
NV0000893,Female,Married,1,Doctoral Degree,Unemployed,10+ years,Other,68102,58000,5000,0,Poor (500-579),540,None,0,5,Personal Loan,Investment Property,20,360,30.0,Suburban,Business Assets,Approved
NV0000894,Male,Married,0,Bachelor's Degree,Part-time Employee,2-5 years,Finance,40829,0,5000,5000,Good (670-739),705,None,0,5,Auto Loan,Home Improvement,75,360,30.0,Urban,Investment Portfolio,Rejected
NV0000895,Female,Single,1,Bachelor's Degree,Full-time Employee,5-10 years,Government,65708,0,0,0,Good (670-739),705,Discharged 7+ years ago,0,20,Education Loan,Investment Property,200,360,0.0,Urban,Real Estate,Approved
NV0000896,Male,Domestic Partnership,0,Master's Degree,Full-time Employee,1-2 years,Manufacturing,74552,42000,0,500,Very Poor (300-499),420,None,0,65,Auto Loan,Home Improvement,800,180,0.0,Urban,None (Unsecured),Rejected
NV0000897,Male,Married,0,Master's Degree,Full-time Employee,6-12 months,Technology,33251,0,0,800,Poor (500-579),540,None,0,65,Home Purchase,Investment Property,300,120,10.0,Urban,Business Assets,Rejected
NV0000898,Female,Single,0,High School,Self-Employed,1-2 years,Education,103123,0,3000,2000,Exceptional (800-850),825,None,0,85,Home Purchase,Home Improvement,300,360,20.0,Urban,Investment Portfolio,Approved
NV0000899,Male,Married,0,Bachelor's Degree,Full-time Employee,6-12 months,Manufacturing,68144,42000,0,200,Good (670-739),705,None,1,45,Home Purchase,Debt Consolidation,30,360,5.0,Suburban,Vehicle,Approved
NV0000900,Male,Single,3,Bachelor's Degree,Retired,2-5 years,Manufacturing,84921,0,12000,7500,Very Poor (300-499),420,None,0,45,Debt Consolidation,Debt Consolidation,250,240,5.0,Rural,Vehicle,Rejected
NV0000901,Male,Single,0,Associate Degree,Full-time Employee,2-5 years,Finance,43733,0,12000,2000,Very Good (740-799),770,None,2,45,Auto Loan,Business Capital,25,240,20.0,Urban,Real Estate,Approved
NV0000902,Male,Married,1,Associate Degree,Retired,5-10 years,Manufacturing,33763,15000,8000,2500,Very Good (740-799),770,Discharged under 2 years,0,45,HELOC,Investment Property,25,360,20.0,Rural,Real Estate,Rejected
NV0000903,Male,Single,0,High School,Freelancer,5-10 years,Other,78024,0,0,0,Exceptional (800-850),825,None,0,5,Home Purchase,Medical,20,180,3.5,Semiurban,Business Assets,Approved
NV0000904,Female,Married,0,Bachelor's Degree,Business Owner,5-10 years,Manufacturing,63370,15000,0,800,Exceptional (800-850),825,None,1,20,Business Loan,Medical,250,360,25.0,Semiurban,None (Unsecured),Approved
NV0000905,Male,Married,3,Associate Degree,Self-Employed,5-10 years,Legal,44985,28000,5000,5000,Fair (580-669),625,None,0,20,HELOC,Vacation Home,20,360,20.0,Semiurban,Real Estate,Rejected
NV0000906,Female,Single,0,High School,Independent Contractor,2-5 years,Legal,44785,0,3000,200,Fair (580-669),625,None,0,20,Education Loan,Medical,20,360,10.0,Suburban,Business Assets,Approved
NV0000907,Female,Divorced,4,Associate Degree,Independent Contractor,2-5 years,Healthcare,42325,0,3000,0,Very Poor (300-499),420,None,0,20,HELOC,Business Capital,30,60,20.0,Urban,Investment Portfolio,Manual Review
NV0000908,Male,Single,0,Master's Degree,Independent Contractor,2-5 years,Education,63612,0,0,800,Fair (580-669),625,None,2,5,Debt Consolidation,Debt Consolidation,100,180,3.5,Urban,Real Estate,Approved
NV0000909,Male,Married,2,Master's Degree,Self-Employed,10+ years,Legal,296396,0,5000,4000,Very Good (740-799),770,None,1,20,Debt Consolidation,Primary Residence,300,360,20.0,Urban,Vehicle,Approved
NV0000910,Male,Married,1,Bachelor's Degree,Unemployed,1-2 years,Education,97174,42000,0,800,Exceptional (800-850),825,None,0,5,Home Purchase,Medical,50,360,3.5,Rural,Vehicle,Approved
NV0000911,Female,Single,3,Bachelor's Degree,Business Owner,<6 months,Construction,118072,0,0,500,No History,300,None,0,85,Education Loan,Primary Residence,75,360,0.0,Rural,Business Assets,Rejected
NV0000912,Male,Single,1,No Formal Education,Freelancer,5-10 years,Other,66450,0,5000,1500,Very Good (740-799),770,None,2,5,Personal Loan,Home Improvement,25,360,10.0,Urban,Business Assets,Approved
NV0000913,Female,Married,1,Associate Degree,Government/Military,1-2 years,Finance,60243,58000,0,5000,Very Good (740-799),770,None,0,20,Auto Loan,Vacation Home,30,360,3.5,Urban,Real Estate,Manual Review
NV0000914,Male,Divorced,0,Associate Degree,Full-time Employee,10+ years,Finance,31381,0,3000,0,Poor (500-579),540,None,0,65,Education Loan,Business Capital,20,360,20.0,Rural,Vehicle,Approved
NV0000915,Female,Single,0,Associate Degree,Full-time Employee,10+ years,Legal,104922,0,0,0,Good (670-739),705,None,0,20,Home Purchase,Business Capital,50,360,20.0,Rural,Business Assets,Approved
NV0000916,Male,Married,3,High School,Part-time Employee,6-12 months,Other,50296,58000,0,0,Very Good (740-799),770,None,0,5,HELOC,Major Purchase,100,240,3.5,Semiurban,Business Assets,Approved
NV0000917,Male,Married,0,Bachelor's Degree,Self-Employed,6-12 months,Construction,106901,15000,0,0,Poor (500-579),540,None,0,20,Home Refinance,Home Improvement,30,360,0.0,Suburban,Real Estate,Approved
NV0000918,Non-binary,Domestic Partnership,0,Master's Degree,Freelancer,2-5 years,Technology,55792,42000,0,500,No History,300,None,2,5,Auto Loan,Investment Property,250,360,20.0,Suburban,Vehicle,Rejected
NV0000919,Female,Married,2,Bachelor's Degree,Part-time Employee,5-10 years,Other,26263,28000,0,200,Exceptional (800-850),825,None,0,5,Debt Consolidation,Medical,800,360,0.0,Urban,None (Unsecured),Rejected
NV0000920,Male,Married,0,Bachelor's Degree,Self-Employed,1-2 years,Healthcare,34496,42000,0,1000,Poor (500-579),540,None,0,5,HELOC,Business Capital,20,360,10.0,Semiurban,Real Estate,Approved
NV0000921,Female,Married,3,Doctoral Degree,Self-Employed,5-10 years,Finance,125615,0,5000,500,Very Good (740-799),770,None,3,20,Debt Consolidation,Debt Consolidation,10,180,20.0,Urban,Vehicle,Approved
NV0000922,Male,Married,2,High School,Full-time Employee,5-10 years,Healthcare,42465,28000,0,500,Good (670-739),705,None,0,45,Home Purchase,Vacation Home,200,240,25.0,Rural,Business Assets,Approved
NV0000923,Female,Domestic Partnership,1,Associate Degree,Self-Employed,2-5 years,Finance,44259,0,8000,5000,Poor (500-579),540,None,0,20,Home Purchase,Home Improvement,25,360,25.0,Semiurban,Real Estate,Rejected
NV0000924,Female,Single,3,Bachelor's Degree,Freelancer,<6 months,Construction,209758,0,0,0,Very Poor (300-499),420,None,0,45,Home Purchase,Home Improvement,40,180,20.0,Urban,None (Unsecured),Rejected
NV0000925,Male,Married,0,Bachelor's Degree,Full-time Employee,5-10 years,Manufacturing,78806,42000,3000,500,Very Good (740-799),770,None,1,5,Auto Loan,Primary Residence,50,360,5.0,Rural,Real Estate,Approved
NV0000926,Male,Divorced,0,High School,Self-Employed,1-2 years,Government,25459,0,0,200,Very Good (740-799),770,None,0,20,Home Purchase,Investment Property,400,480,20.0,Suburban,Real Estate,Manual Review
NV0000927,Male,Domestic Partnership,1,Bachelor's Degree,Self-Employed,10+ years,Other,32807,58000,0,1000,Exceptional (800-850),825,None,0,65,Auto Loan,Home Improvement,100,360,5.0,Urban,Real Estate,Approved
NV0000928,Male,Widowed,0,Bachelor's Degree,Full-time Employee,2-5 years,Other,43686,0,5000,2000,Good (670-739),705,None,4,5,Home Purchase,Business Capital,10,360,5.0,Urban,Real Estate,Rejected
NV0000929,Female,Married,2,Bachelor's Degree,Full-time Employee,5-10 years,Manufacturing,82152,0,0,2500,Exceptional (800-850),825,None,2,65,Auto Loan,Primary Residence,10,360,20.0,Urban,Real Estate,Approved
NV0000930,Male,Married,3,Bachelor's Degree,Unemployed,10+ years,Technology,103931,0,12000,1000,Very Good (740-799),770,None,1,20,Personal Loan,Vacation Home,25,360,20.0,Rural,Investment Portfolio,Approved
NV0000931,Male,Married,1,Bachelor's Degree,Full-time Employee,10+ years,Finance,43173,15000,0,3000,Exceptional (800-850),825,None,0,65,Auto Loan,Home Improvement,40,360,0.0,Rural,Real Estate,Manual Review
NV0000932,Female,Married,0,High School,Full-time Employee,2-5 years,Technology,159499,80000,8000,2500,Very Good (740-799),770,None,0,20,HELOC,Major Purchase,75,120,0.0,Semiurban,None (Unsecured),Approved
NV0000933,Prefer not to say,Single,4,Bachelor's Degree,Full-time Employee,1-2 years,Other,23539,0,0,0,Exceptional (800-850),825,Discharged 2-7 years ago,0,20,Business Loan,Major Purchase,250,360,20.0,Semiurban,Vehicle,Rejected
NV0000934,Male,Married,1,High School,Independent Contractor,5-10 years,Legal,33461,58000,0,200,Fair (580-669),625,None,0,45,Auto Loan,Primary Residence,40,180,25.0,Rural,Vehicle,Approved
NV0000935,Male,Married,1,Doctoral Degree,Self-Employed,2-5 years,Legal,258978,42000,0,1500,Very Good (740-799),770,Discharged under 2 years,1,45,Auto Loan,Major Purchase,40,480,20.0,Semiurban,Vehicle,Manual Review
NV0000936,Male,Single,0,Bachelor's Degree,Independent Contractor,1-2 years,Retail,26970,0,0,7500,Very Good (740-799),770,None,0,5,Business Loan,Business Capital,40,180,10.0,Rural,Investment Portfolio,Rejected
NV0000937,Male,Married,3,Associate Degree,Full-time Employee,10+ years,Education,168408,80000,0,500,Poor (500-579),540,None,2,85,Auto Loan,Investment Property,10,180,25.0,Semiurban,Vehicle,Approved
NV0000938,Non-binary,Married,1,Master's Degree,Government/Military,1-2 years,Legal,102734,15000,0,200,Fair (580-669),625,None,0,5,Home Purchase,Business Capital,500,360,20.0,Suburban,Real Estate,Approved
NV0000939,Male,Divorced,2,Bachelor's Degree,Full-time Employee,<6 months,Legal,26866,0,0,3500,Very Good (740-799),770,None,0,5,Debt Consolidation,Debt Consolidation,20,360,20.0,Urban,None (Unsecured),Rejected
NV0000940,Female,Single,2,Associate Degree,Full-time Employee,<6 months,Finance,66169,0,3000,200,Exceptional (800-850),825,None,1,20,Auto Loan,Major Purchase,30,60,10.0,Urban,Vehicle,Approved
NV0000941,Male,Single,0,Master's Degree,Part-time Employee,5-10 years,Retail,60386,0,8000,2000,Fair (580-669),625,None,0,45,Home Purchase,Business Capital,20,120,5.0,Urban,Real Estate,Approved
NV0000942,Female,Married,1,Master's Degree,Full-time Employee,5-10 years,Finance,211995,15000,0,0,Very Good (740-799),770,None,2,85,Auto Loan,Vacation Home,75,360,10.0,Suburban,Vehicle,Approved
NV0000943,Female,Single,3,Bachelor's Degree,Government/Military,2-5 years,Other,50146,0,0,0,Fair (580-669),625,None,4,20,Debt Consolidation,Home Improvement,500,360,5.0,Semiurban,Investment Portfolio,Rejected
NV0000944,Female,Married,0,High School,Retired,2-5 years,Healthcare,50914,58000,0,800,Good (670-739),705,None,0,5,Education Loan,Business Capital,20,120,10.0,Urban,Real Estate,Approved
NV0000945,Male,Married,2,Bachelor's Degree,Full-time Employee,2-5 years,Technology,24838,0,5000,1500,Very Good (740-799),770,None,0,45,Business Loan,Primary Residence,50,360,20.0,Suburban,Business Assets,Manual Review
NV0000946,Male,Single,3,Master's Degree,Government/Military,5-10 years,Other,83514,0,0,0,Good (670-739),705,Discharged 7+ years ago,0,20,Home Purchase,Home Improvement,10,180,3.5,Suburban,Investment Portfolio,Approved
NV0000947,Male,Married,2,High School,Freelancer,<6 months,Healthcare,32014,0,3000,2500,Fair (580-669),625,None,1,20,Home Purchase,Debt Consolidation,200,180,25.0,Suburban,Investment Portfolio,Rejected
NV0000948,Female,Married,2,Associate Degree,Retired,10+ years,Construction,24898,42000,0,0,Poor (500-579),540,None,0,20,Personal Loan,Business Capital,100,480,3.5,Urban,Vehicle,Approved
NV0000949,Female,Married,2,Master's Degree,Full-time Employee,1-2 years,Construction,387326,42000,0,1000,Exceptional (800-850),825,None,1,5,Home Purchase,Home Improvement,150,240,20.0,Suburban,None (Unsecured),Approved
NV0000950,Female,Divorced,3,High School,Self-Employed,10+ years,Finance,42267,0,0,500,Good (670-739),705,None,0,20,Debt Consolidation,Home Improvement,50,60,20.0,Urban,Real Estate,Approved
NV0000951,Female,Domestic Partnership,1,Master's Degree,Full-time Employee,1-2 years,Government,30711,28000,0,2000,Exceptional (800-850),825,None,1,20,Home Purchase,Primary Residence,400,480,20.0,Urban,Vehicle,Manual Review
NV0000952,Female,Married,0,Bachelor's Degree,Freelancer,5-10 years,Government,76940,58000,0,2500,Good (670-739),705,None,1,45,HELOC,Business Capital,50,360,10.0,Semiurban,Real Estate,Approved
NV0000953,Male,Married,1,Bachelor's Degree,Full-time Employee,1-2 years,Healthcare,130145,42000,3000,0,Poor (500-579),540,None,0,45,Auto Loan,Debt Consolidation,75,180,20.0,Semiurban,Investment Portfolio,Approved
NV0000954,Non-binary,Married,2,High School,Self-Employed,6-12 months,Legal,24370,58000,0,200,Very Good (740-799),770,None,0,5,Auto Loan,Vacation Home,150,360,25.0,Urban,Real Estate,Approved
NV0000955,Male,Divorced,1,Master's Degree,Full-time Employee,10+ years,Finance,23205,0,0,3500,Poor (500-579),540,None,0,5,Home Purchase,Primary Residence,75,360,30.0,Semiurban,Real Estate,Rejected
NV0000956,Male,Married,2,Bachelor's Degree,Full-time Employee,10+ years,Healthcare,24374,0,3000,800,Good (670-739),705,None,0,20,Home Purchase,Medical,25,240,20.0,Suburban,Business Assets,Approved
NV0000957,Male,Married,0,Bachelor's Degree,Independent Contractor,2-5 years,Finance,18399,0,0,800,Poor (500-579),540,None,0,5,Home Purchase,Debt Consolidation,40,360,20.0,Semiurban,Vehicle,Rejected
NV0000958,Male,Domestic Partnership,2,Bachelor's Degree,Government/Military,5-10 years,Healthcare,84019,0,0,200,Fair (580-669),625,None,0,45,Home Purchase,Debt Consolidation,15,360,0.0,Semiurban,Real Estate,Approved
NV0000959,Male,Single,0,Bachelor's Degree,Self-Employed,2-5 years,Construction,69804,0,3000,10000,Exceptional (800-850),825,None,3,85,Education Loan,Home Improvement,50,360,25.0,Urban,Investment Portfolio,Rejected
NV0000960,Female,Domestic Partnership,2,Doctoral Degree,Government/Military,10+ years,Retail,83151,28000,3000,4000,Very Good (740-799),770,None,3,45,Debt Consolidation,Investment Property,100,360,30.0,Suburban,Investment Portfolio,Rejected
NV0000961,Male,Single,1,Bachelor's Degree,Full-time Employee,2-5 years,Finance,64260,0,0,0,Very Good (740-799),770,None,2,45,Home Refinance,Investment Property,20,360,20.0,Urban,Real Estate,Approved
NV0000962,Female,Married,0,Bachelor's Degree,Self-Employed,2-5 years,Retail,120982,15000,5000,1000,Exceptional (800-850),825,None,0,20,Debt Consolidation,Business Capital,100,60,20.0,Semiurban,Real Estate,Approved
NV0000963,Male,Married,0,Doctoral Degree,Part-time Employee,2-5 years,Construction,61148,28000,0,3500,Good (670-739),705,None,1,20,Home Purchase,Vacation Home,300,360,20.0,Urban,None (Unsecured),Rejected
NV0000964,Male,Divorced,2,Bachelor's Degree,Full-time Employee,2-5 years,Government,163268,0,0,800,Good (670-739),705,Discharged 7+ years ago,0,65,Auto Loan,Home Improvement,40,120,5.0,Suburban,Vehicle,Approved
NV0000965,Male,Domestic Partnership,1,Associate Degree,Self-Employed,10+ years,Manufacturing,65102,80000,0,800,Very Poor (300-499),420,None,0,85,Home Purchase,Investment Property,25,360,25.0,Urban,Real Estate,Manual Review
NV0000966,Male,Married,0,High School,Independent Contractor,1-2 years,Technology,128554,80000,0,500,Very Good (740-799),770,None,0,20,Auto Loan,Primary Residence,300,360,20.0,Semiurban,Business Assets,Approved
NV0000967,Female,Married,4,Master's Degree,Self-Employed,1-2 years,Other,49812,58000,8000,0,Fair (580-669),625,None,0,20,Home Purchase,Business Capital,150,360,20.0,Semiurban,Vehicle,Approved
NV0000968,Male,Married,2,Bachelor's Degree,Business Owner,5-10 years,Technology,50532,42000,5000,2500,Very Poor (300-499),420,None,0,45,Personal Loan,Vacation Home,20,360,20.0,Suburban,Real Estate,Rejected
NV0000969,Female,Divorced,3,Bachelor's Degree,Self-Employed,5-10 years,Technology,120841,0,0,800,Poor (500-579),540,None,0,5,Home Purchase,Home Improvement,50,360,25.0,Urban,Real Estate,Approved
NV0000970,Male,Married,1,Bachelor's Degree,Full-time Employee,1-2 years,Other,26190,42000,0,1000,Very Good (740-799),770,None,3,45,Home Purchase,Major Purchase,150,120,20.0,Rural,Real Estate,Manual Review
NV0000971,Female,Married,1,Associate Degree,Full-time Employee,2-5 years,Construction,61580,80000,5000,200,Good (670-739),705,None,0,45,Auto Loan,Primary Residence,100,360,5.0,Urban,None (Unsecured),Approved
NV0000972,Non-binary,Single,3,Bachelor's Degree,Self-Employed,10+ years,Construction,101735,0,5000,2500,Very Good (740-799),770,None,3,5,Personal Loan,Investment Property,100,360,20.0,Suburban,Real Estate,Approved
NV0000973,Female,Married,1,High School,Full-time Employee,1-2 years,Government,92821,80000,0,2500,Very Good (740-799),770,None,0,85,HELOC,Investment Property,75,360,30.0,Semiurban,Real Estate,Approved
NV0000974,Male,Married,2,Bachelor's Degree,Full-time Employee,5-10 years,Manufacturing,80633,42000,0,1000,Very Good (740-799),770,None,0,85,Auto Loan,Investment Property,200,360,20.0,Rural,None (Unsecured),Approved
NV0000975,Male,Married,0,Bachelor's Degree,Part-time Employee,5-10 years,Education,48371,0,3000,4000,Fair (580-669),625,None,0,65,HELOC,Investment Property,40,240,30.0,Semiurban,Real Estate,Rejected
NV0000976,Male,Single,1,Bachelor's Degree,Self-Employed,2-5 years,Technology,39821,0,3000,0,Good (670-739),705,Discharged 2-7 years ago,1,20,Auto Loan,Debt Consolidation,150,120,25.0,Urban,Investment Portfolio,Rejected
NV0000977,Female,Domestic Partnership,0,Master's Degree,Full-time Employee,10+ years,Legal,150093,58000,0,2500,Good (670-739),705,None,0,5,Personal Loan,Major Purchase,1000,240,20.0,Urban,Real Estate,Approved
NV0000978,Male,Single,0,Master's Degree,Business Owner,5-10 years,Technology,50724,0,3000,1000,No History,300,None,0,20,HELOC,Vacation Home,40,360,10.0,Rural,Investment Portfolio,Rejected
NV0000979,Male,Married,0,Master's Degree,Independent Contractor,2-5 years,Education,121874,80000,0,200,Exceptional (800-850),825,None,0,20,Business Loan,Vacation Home,200,180,10.0,Suburban,Real Estate,Approved
NV0000980,Female,Divorced,0,High School,Full-time Employee,2-5 years,Finance,18940,0,0,0,Good (670-739),705,None,0,5,HELOC,Investment Property,30,480,20.0,Semiurban,Real Estate,Approved
NV0000981,Male,Married,4,Associate Degree,Business Owner,5-10 years,Government,30595,28000,0,500,Fair (580-669),625,None,1,20,HELOC,Vacation Home,30,360,10.0,Suburban,Vehicle,Approved
NV0000982,Female,Single,0,Bachelor's Degree,Independent Contractor,5-10 years,Retail,39220,0,0,3000,Exceptional (800-850),825,None,0,45,Auto Loan,Major Purchase,500,60,20.0,Urban,Investment Portfolio,Rejected
NV0000983,Male,Married,2,Doctoral Degree,Independent Contractor,10+ years,Retail,81324,42000,5000,2500,Good (670-739),705,None,0,5,Home Purchase,Primary Residence,10,360,20.0,Suburban,Investment Portfolio,Approved
NV0000984,Male,Domestic Partnership,2,Master's Degree,Self-Employed,2-5 years,Education,43259,42000,0,1500,Very Good (740-799),770,None,2,20,Auto Loan,Primary Residence,25,360,10.0,Semiurban,Investment Portfolio,Approved
NV0000985,Female,Married,1,Master's Degree,Full-time Employee,2-5 years,Technology,17409,42000,0,0,Poor (500-579),540,None,0,5,Business Loan,Medical,75,180,20.0,Semiurban,Vehicle,Approved
NV0000986,Male,Divorced,0,Associate Degree,Independent Contractor,1-2 years,Retail,32526,0,8000,5000,Very Good (740-799),770,None,1,45,Personal Loan,Vacation Home,50,360,20.0,Semiurban,Vehicle,Rejected
NV0000987,Female,Single,2,Bachelor's Degree,Full-time Employee,<6 months,Education,43855,0,0,500,Very Good (740-799),770,None,1,45,Debt Consolidation,Investment Property,100,360,10.0,Rural,Investment Portfolio,Approved
NV0000988,Male,Married,1,Bachelor's Degree,Retired,<6 months,Other,31219,0,5000,1500,Good (670-739),705,None,3,5,Home Purchase,Home Improvement,25,180,10.0,Rural,Investment Portfolio,Rejected
NV0000989,Male,Married,2,High School,Freelancer,10+ years,Construction,32129,58000,5000,2500,Exceptional (800-850),825,None,0,85,Home Purchase,Major Purchase,15,360,25.0,Semiurban,Investment Portfolio,Approved
NV0000990,Female,Domestic Partnership,2,High School,Self-Employed,5-10 years,Healthcare,94346,28000,0,0,Very Good (740-799),770,None,1,5,Debt Consolidation,Investment Property,40,480,10.0,Semiurban,Vehicle,Approved
NV0000991,Female,Single,4,Doctoral Degree,Full-time Employee,5-10 years,Construction,48036,0,0,1500,Very Good (740-799),770,None,0,20,Debt Consolidation,Debt Consolidation,75,240,5.0,Urban,Real Estate,Approved
NV0000992,Female,Domestic Partnership,1,Associate Degree,Full-time Employee,5-10 years,Technology,56004,28000,8000,0,Very Good (740-799),770,None,1,45,Debt Consolidation,Business Capital,75,360,10.0,Urban,Real Estate,Approved
NV0000993,Male,Married,0,Associate Degree,Full-time Employee,10+ years,Education,271027,58000,0,0,Good (670-739),705,Active/Pending,0,45,Business Loan,Home Improvement,100,240,5.0,Urban,Real Estate,Rejected
NV0000994,Female,Married,2,High School,Part-time Employee,2-5 years,Finance,50160,0,0,2000,Good (670-739),705,None,0,5,Home Purchase,Major Purchase,75,360,20.0,Semiurban,None (Unsecured),Approved
NV0000995,Male,Single,0,Doctoral Degree,Full-time Employee,10+ years,Retail,225901,0,8000,0,Good (670-739),705,None,2,65,HELOC,Debt Consolidation,30,360,3.5,Semiurban,Business Assets,Approved
NV0000996,Male,Domestic Partnership,3,Bachelor's Degree,Self-Employed,2-5 years,Retail,43533,42000,0,800,Good (670-739),705,None,0,65,Home Purchase,Vacation Home,200,180,25.0,Rural,Vehicle,Approved
NV0000997,Non-binary,Single,0,Bachelor's Degree,Full-time Employee,10+ years,Retail,52709,0,0,200,Very Good (740-799),770,None,2,20,Home Purchase,Debt Consolidation,15,360,5.0,Rural,Real Estate,Approved
NV0000998,Male,Married,0,Master's Degree,Unemployed,5-10 years,Education,53658,42000,3000,800,Exceptional (800-850),825,None,2,20,Home Purchase,Vacation Home,25,120,20.0,Urban,Real Estate,Approved
NV0000999,Non-binary,Single,2,Bachelor's Degree,Full-time Employee,1-2 years,Construction,67183,0,3000,0,Fair (580-669),625,None,0,5,Auto Loan,Debt Consolidation,150,120,3.5,Rural,None (Unsecured),Approved
NV0001000,Male,Domestic Partnership,1,Bachelor's Degree,Retired,2-5 years,Finance,67738,42000,0,2000,Fair (580-669),625,Discharged 2-7 years ago,0,20,Home Refinance,Home Improvement,30,360,30.0,Urban,None (Unsecured),Approved
NV0001001,Male,Married,1,High School,Retired,2-5 years,Education,39091,80000,0,0,Very Good (740-799),770,Discharged 2-7 years ago,0,20,Debt Consolidation,Debt Consolidation,75,360,20.0,Rural,Real Estate,Approved
NV0001002,Male,Married,1,Associate Degree,Self-Employed,6-12 months,Technology,123256,42000,0,3000,Very Good (740-799),770,None,4,45,Auto Loan,Investment Property,40,360,25.0,Urban,Business Assets,Manual Review
NV0001003,Female,Single,3,Master's Degree,Business Owner,5-10 years,Government,62869,0,3000,1500,Good (670-739),705,None,0,20,Personal Loan,Vacation Home,75,360,20.0,Rural,Vehicle,Approved
NV0001004,Female,Married,0,Master's Degree,Part-time Employee,2-5 years,Technology,16763,28000,5000,800,Good (670-739),705,None,0,45,HELOC,Primary Residence,40,84,20.0,Semiurban,Real Estate,Approved
NV0001005,Female,Married,3,Bachelor's Degree,Independent Contractor,<6 months,Healthcare,78881,80000,0,3500,Good (670-739),705,None,1,5,Home Purchase,Debt Consolidation,1000,240,25.0,Semiurban,Investment Portfolio,Rejected
NV0001006,Female,Domestic Partnership,0,Bachelor's Degree,Full-time Employee,10+ years,Government,127323,42000,3000,200,Exceptional (800-850),825,None,3,5,Home Purchase,Vacation Home,40,360,3.5,Rural,Investment Portfolio,Approved
NV0001007,Female,Divorced,2,Bachelor's Degree,Full-time Employee,5-10 years,Technology,39839,0,0,200,Fair (580-669),625,None,2,5,Debt Consolidation,Primary Residence,100,180,20.0,Urban,Business Assets,Approved
NV0001008,Female,Single,3,High School,Self-Employed,10+ years,Finance,17438,0,8000,0,Exceptional (800-850),825,None,1,5,Home Refinance,Vacation Home,300,60,5.0,Urban,Real Estate,Rejected
NV0001009,Male,Married,0,Associate Degree,Part-time Employee,5-10 years,Manufacturing,127783,42000,0,500,Good (670-739),705,None,0,20,Debt Consolidation,Business Capital,100,84,20.0,Rural,Real Estate,Approved
NV0001010,Male,Single,1,Associate Degree,Self-Employed,2-5 years,Manufacturing,283553,0,3000,7500,Fair (580-669),625,None,0,45,Auto Loan,Medical,75,360,30.0,Suburban,Real Estate,Approved
NV0001011,Male,Married,0,Associate Degree,Full-time Employee,2-5 years,Manufacturing,26475,15000,8000,0,Good (670-739),705,Discharged 7+ years ago,0,45,Home Refinance,Vacation Home,75,360,25.0,Semiurban,Real Estate,Approved
NV0001012,Prefer not to say,Single,2,Master's Degree,Full-time Employee,5-10 years,Healthcare,219785,0,5000,3000,Exceptional (800-850),825,Discharged 7+ years ago,2,20,Auto Loan,Business Capital,75,120,3.5,Urban,Vehicle,Approved
NV0001013,Non-binary,Married,1,Associate Degree,Full-time Employee,10+ years,Healthcare,55873,28000,3000,1500,No History,300,None,1,45,Personal Loan,Primary Residence,200,180,10.0,Semiurban,Real Estate,Rejected
NV0001014,Male,Married,2,Associate Degree,Full-time Employee,1-2 years,Manufacturing,213265,15000,3000,0,Poor (500-579),540,None,1,20,Personal Loan,Primary Residence,15,360,10.0,Rural,Vehicle,Approved
NV0001015,Female,Married,0,Bachelor's Degree,Full-time Employee,10+ years,Other,82540,80000,8000,5000,Fair (580-669),625,Active/Pending,1,20,Personal Loan,Home Improvement,300,480,3.5,Semiurban,Real Estate,Rejected
NV0001016,Non-binary,Married,0,Master's Degree,Full-time Employee,10+ years,Retail,169228,15000,5000,5000,Very Good (740-799),770,None,0,20,Home Purchase,Major Purchase,100,240,0.0,Suburban,Investment Portfolio,Approved
NV0001017,Male,Married,0,Associate Degree,Full-time Employee,5-10 years,Government,105439,58000,3000,4000,Exceptional (800-850),825,None,0,45,Home Purchase,Medical,250,360,10.0,Semiurban,Investment Portfolio,Approved
NV0001018,Female,Married,0,High School,Freelancer,10+ years,Government,18629,42000,3000,1000,Very Poor (300-499),420,None,0,5,Education Loan,Debt Consolidation,10,360,30.0,Urban,Investment Portfolio,Manual Review
NV0001019,Non-binary,Single,1,Bachelor's Degree,Full-time Employee,2-5 years,Retail,25001,0,0,200,Good (670-739),705,Discharged 7+ years ago,0,5,Home Refinance,Debt Consolidation,300,480,20.0,Urban,Real Estate,Manual Review
NV0001020,Male,Married,3,Master's Degree,Independent Contractor,10+ years,Construction,62641,58000,0,500,Fair (580-669),625,None,1,20,Auto Loan,Medical,20,120,20.0,Semiurban,Real Estate,Approved
NV0001021,Female,Single,2,Bachelor's Degree,Full-time Employee,5-10 years,Other,26508,0,0,1500,Very Good (740-799),770,None,0,85,Home Purchase,Vacation Home,150,480,20.0,Rural,Real Estate,Rejected
NV0001022,Male,Married,1,Master's Degree,Government/Military,<6 months,Manufacturing,54301,28000,0,500,Very Good (740-799),770,Discharged under 2 years,1,45,Home Purchase,Medical,50,360,20.0,Urban,Real Estate,Manual Review
NV0001023,Non-binary,Married,3,Doctoral Degree,Part-time Employee,10+ years,Retail,221353,28000,3000,2000,No History,300,None,1,45,Home Purchase,Investment Property,150,480,30.0,Suburban,Real Estate,Rejected
NV0001024,Prefer not to say,Married,2,Master's Degree,Full-time Employee,2-5 years,Education,39586,80000,0,2500,Good (670-739),705,None,0,45,Auto Loan,Business Capital,100,360,20.0,Urban,Real Estate,Approved
NV0001025,Non-binary,Single,3,Bachelor's Degree,Self-Employed,2-5 years,Government,63074,0,0,200,Exceptional (800-850),825,None,0,20,Home Refinance,Investment Property,25,360,0.0,Semiurban,Investment Portfolio,Approved
NV0001026,Male,Married,1,Bachelor's Degree,Full-time Employee,2-5 years,Education,51375,58000,0,500,Very Good (740-799),770,None,0,45,Home Refinance,Major Purchase,75,360,20.0,Urban,None (Unsecured),Approved
NV0001027,Female,Divorced,0,High School,Self-Employed,1-2 years,Retail,84330,0,0,5000,Good (670-739),705,None,0,65,HELOC,Vacation Home,30,360,30.0,Suburban,Real Estate,Rejected
NV0001028,Female,Married,0,No Formal Education,Full-time Employee,2-5 years,Retail,34011,15000,0,200,Exceptional (800-850),825,None,1,5,Auto Loan,Home Improvement,75,360,10.0,Rural,Business Assets,Approved
NV0001029,Male,Married,2,Bachelor's Degree,Unemployed,10+ years,Technology,40554,15000,8000,500,Good (670-739),705,None,0,20,Personal Loan,Primary Residence,150,360,20.0,Urban,Real Estate,Approved
NV0001030,Female,Married,0,High School,Part-time Employee,<6 months,Technology,128728,0,3000,0,Very Good (740-799),770,None,2,5,Auto Loan,Vacation Home,15,360,3.5,Suburban,Investment Portfolio,Approved
NV0001031,Male,Single,0,Bachelor's Degree,Full-time Employee,1-2 years,Finance,116556,0,0,500,Fair (580-669),625,None,1,20,Home Refinance,Business Capital,75,360,3.5,Urban,Investment Portfolio,Approved
NV0001032,Female,Married,1,Associate Degree,Business Owner,<6 months,Finance,98553,58000,0,500,Very Good (740-799),770,None,0,65,Auto Loan,Debt Consolidation,100,60,25.0,Rural,None (Unsecured),Approved
NV0001033,Male,Married,1,Bachelor's Degree,Full-time Employee,2-5 years,Healthcare,99786,42000,3000,0,No History,300,None,1,20,Home Purchase,Investment Property,30,360,10.0,Suburban,Real Estate,Rejected
NV0001034,Male,Single,1,Bachelor's Degree,Government/Military,5-10 years,Healthcare,54210,0,3000,0,Exceptional (800-850),825,None,1,20,Home Purchase,Business Capital,500,360,10.0,Rural,Real Estate,Approved
NV0001035,Male,Single,0,Bachelor's Degree,Part-time Employee,5-10 years,Manufacturing,106271,0,0,1000,Good (670-739),705,None,1,65,Home Purchase,Investment Property,75,360,10.0,Suburban,Real Estate,Approved
NV0001036,Female,Single,0,Master's Degree,Business Owner,10+ years,Technology,50646,0,0,500,Exceptional (800-850),825,None,0,20,Education Loan,Investment Property,25,360,30.0,Suburban,Vehicle,Approved
NV0001037,Male,Married,1,Associate Degree,Full-time Employee,5-10 years,Manufacturing,25110,58000,0,0,Fair (580-669),625,None,0,20,Home Refinance,Home Improvement,20,360,0.0,Suburban,None (Unsecured),Approved
NV0001038,Female,Widowed,4,Bachelor's Degree,Government/Military,1-2 years,Retail,53226,0,0,3000,No History,300,None,0,65,Education Loan,Debt Consolidation,75,360,25.0,Urban,Business Assets,Rejected
NV0001039,Male,Single,2,Bachelor's Degree,Business Owner,10+ years,Manufacturing,31122,0,0,1000,Fair (580-669),625,None,0,20,Home Refinance,Home Improvement,40,360,10.0,Urban,Investment Portfolio,Approved
NV0001040,Male,Married,3,Bachelor's Degree,Full-time Employee,5-10 years,Retail,56039,42000,5000,200,Good (670-739),705,None,2,45,Home Purchase,Primary Residence,25,480,25.0,Rural,Vehicle,Approved
NV0001041,Male,Single,2,Master's Degree,Full-time Employee,5-10 years,Government,44525,0,5000,3500,Good (670-739),705,None,1,5,Home Refinance,Vacation Home,10,360,30.0,Rural,None (Unsecured),Rejected
NV0001042,Female,Divorced,1,Bachelor's Degree,Full-time Employee,5-10 years,Technology,77393,0,0,200,Fair (580-669),625,None,3,5,Personal Loan,Vacation Home,75,360,10.0,Semiurban,Vehicle,Manual Review
NV0001043,Male,Single,0,Bachelor's Degree,Unemployed,10+ years,Finance,52066,0,5000,200,Poor (500-579),540,None,0,20,Business Loan,Medical,100,84,3.5,Urban,Real Estate,Approved
NV0001044,Female,Married,2,High School,Full-time Employee,5-10 years,Manufacturing,95693,58000,12000,3500,No History,300,None,0,20,Debt Consolidation,Investment Property,20,180,3.5,Suburban,Business Assets,Rejected
NV0001045,Female,Married,2,Doctoral Degree,Part-time Employee,2-5 years,Technology,65150,42000,3000,200,Very Good (740-799),770,None,1,85,Auto Loan,Medical,100,360,20.0,Suburban,Real Estate,Approved
NV0001046,Female,Married,1,Bachelor's Degree,Full-time Employee,5-10 years,Government,164693,58000,3000,3500,No History,300,None,0,85,HELOC,Investment Property,500,360,3.5,Semiurban,Real Estate,Rejected
NV0001047,Male,Married,1,Master's Degree,Full-time Employee,<6 months,Education,23342,28000,8000,2500,Exceptional (800-850),825,None,0,65,Home Refinance,Primary Residence,600,240,5.0,Urban,Real Estate,Rejected
NV0001048,Male,Married,1,High School,Self-Employed,2-5 years,Finance,84737,28000,0,500,Very Good (740-799),770,None,0,20,Education Loan,Business Capital,300,120,5.0,Urban,Investment Portfolio,Approved
NV0001049,Female,Married,0,Associate Degree,Unemployed,2-5 years,Other,81199,58000,0,0,Exceptional (800-850),825,None,0,85,Home Purchase,Home Improvement,200,240,10.0,Urban,Investment Portfolio,Approved
NV0001050,Male,Single,1,Bachelor's Degree,Self-Employed,1-2 years,Legal,226450,0,12000,0,Very Good (740-799),770,Discharged 2-7 years ago,1,45,Auto Loan,Major Purchase,25,360,0.0,Rural,Real Estate,Approved
NV0001051,Female,Single,0,Master's Degree,Freelancer,<6 months,Technology,48052,0,0,0,Fair (580-669),625,None,0,20,HELOC,Major Purchase,20,360,25.0,Suburban,Investment Portfolio,Approved
NV0001052,Male,Married,2,Bachelor's Degree,Self-Employed,6-12 months,Construction,44227,42000,5000,3500,Fair (580-669),625,None,1,45,Education Loan,Major Purchase,50,360,25.0,Urban,Business Assets,Rejected
NV0001053,Non-binary,Single,0,Doctoral Degree,Full-time Employee,5-10 years,Technology,33494,0,5000,500,Fair (580-669),625,None,2,5,Debt Consolidation,Debt Consolidation,100,360,10.0,Semiurban,None (Unsecured),Approved
NV0001054,Female,Single,0,Bachelor's Degree,Full-time Employee,5-10 years,Retail,39532,0,0,0,Good (670-739),705,Active/Pending,0,5,Education Loan,Primary Residence,250,360,20.0,Rural,Vehicle,Rejected
NV0001055,Prefer not to say,Married,1,Bachelor's Degree,Self-Employed,10+ years,Other,63287,80000,0,1000,Good (670-739),705,None,3,65,HELOC,Vacation Home,30,360,20.0,Urban,Business Assets,Approved
NV0001056,Male,Divorced,2,High School,Unemployed,2-5 years,Construction,132695,0,0,200,Fair (580-669),625,None,0,45,Home Purchase,Vacation Home,50,360,20.0,Semiurban,Business Assets,Approved
NV0001057,Female,Married,1,Master's Degree,Government/Military,5-10 years,Manufacturing,42124,42000,0,200,Very Good (740-799),770,None,3,20,Home Refinance,Home Improvement,100,360,20.0,Rural,Real Estate,Approved
NV0001058,Male,Single,0,Associate Degree,Full-time Employee,10+ years,Government,31494,0,0,0,Fair (580-669),625,None,0,20,Auto Loan,Medical,50,240,20.0,Suburban,Real Estate,Approved
NV0001059,Male,Single,1,Master's Degree,Full-time Employee,1-2 years,Construction,44724,0,0,2000,Good (670-739),705,None,1,65,Auto Loan,Primary Residence,50,60,20.0,Semiurban,Vehicle,Rejected
NV0001060,Female,Divorced,0,Master's Degree,Full-time Employee,5-10 years,Manufacturing,23373,0,0,0,Fair (580-669),625,None,0,45,Personal Loan,Debt Consolidation,25,360,20.0,Rural,Real Estate,Approved
NV0001061,Female,Single,3,Doctoral Degree,Retired,5-10 years,Manufacturing,209096,0,0,800,Good (670-739),705,None,1,20,Home Refinance,Primary Residence,800,180,10.0,Urban,Real Estate,Approved
NV0001062,Prefer not to say,Single,3,Bachelor's Degree,Government/Military,6-12 months,Manufacturing,163900,0,0,0,Poor (500-579),540,None,1,5,Home Purchase,Primary Residence,50,60,10.0,Urban,Vehicle,Approved
NV0001063,Female,Married,1,Bachelor's Degree,Freelancer,10+ years,Retail,42729,15000,3000,1000,Very Good (740-799),770,None,0,20,Debt Consolidation,Home Improvement,75,360,5.0,Urban,Real Estate,Approved
NV0001064,Male,Married,0,Master's Degree,Full-time Employee,5-10 years,Construction,40415,58000,8000,500,Very Good (740-799),770,None,3,85,Personal Loan,Business Capital,25,180,20.0,Semiurban,Real Estate,Approved
NV0001065,Male,Married,2,High School,Self-Employed,<6 months,Healthcare,161620,42000,0,0,Fair (580-669),625,None,0,20,Auto Loan,Debt Consolidation,75,360,10.0,Urban,Vehicle,Approved
NV0001066,Female,Single,0,Bachelor's Degree,Part-time Employee,6-12 months,Government,18600,0,0,800,Good (670-739),705,Discharged 2-7 years ago,0,20,Home Purchase,Major Purchase,30,180,20.0,Urban,Investment Portfolio,Rejected
NV0001067,Male,Single,1,High School,Full-time Employee,<6 months,Education,81086,0,12000,1000,Poor (500-579),540,None,1,20,Home Purchase,Vacation Home,25,360,10.0,Rural,Business Assets,Approved
NV0001068,Male,Divorced,0,Bachelor's Degree,Self-Employed,2-5 years,Technology,164722,0,0,200,Very Good (740-799),770,None,1,65,Business Loan,Business Capital,30,480,25.0,Rural,Vehicle,Approved
NV0001069,Male,Single,3,High School,Full-time Employee,2-5 years,Retail,62463,0,0,2500,Very Good (740-799),770,None,0,45,Home Purchase,Investment Property,10,360,0.0,Urban,Vehicle,Approved
NV0001070,Male,Married,0,Associate Degree,Full-time Employee,2-5 years,Finance,18958,58000,0,500,Poor (500-579),540,Discharged 7+ years ago,0,45,Personal Loan,Medical,100,360,20.0,Urban,Real Estate,Approved
NV0001071,Male,Married,1,Bachelor's Degree,Government/Military,1-2 years,Education,31742,80000,0,2000,Good (670-739),705,None,3,20,Personal Loan,Major Purchase,40,360,20.0,Semiurban,Real Estate,Approved
NV0001072,Male,Married,2,Bachelor's Degree,Business Owner,10+ years,Government,226370,15000,0,1000,Good (670-739),705,None,1,5,Home Refinance,Debt Consolidation,300,360,10.0,Urban,Real Estate,Approved
NV0001073,Male,Married,1,Bachelor's Degree,Part-time Employee,2-5 years,Retail,16627,80000,0,3500,Very Good (740-799),770,None,0,65,HELOC,Vacation Home,10,120,10.0,Semiurban,Business Assets,Approved
NV0001074,Male,Single,0,High School,Self-Employed,<6 months,Education,51004,0,0,1000,Very Good (740-799),770,None,0,85,Home Purchase,Major Purchase,10,180,25.0,Rural,Vehicle,Approved
NV0001075,Prefer not to say,Married,4,Bachelor's Degree,Full-time Employee,2-5 years,Technology,94887,0,0,200,Good (670-739),705,None,4,85,Auto Loan,Business Capital,300,360,5.0,Urban,Business Assets,Manual Review
NV0001076,Male,Domestic Partnership,1,Associate Degree,Business Owner,2-5 years,Manufacturing,126112,0,0,3000,Exceptional (800-850),825,None,1,85,Personal Loan,Business Capital,20,360,25.0,Urban,Investment Portfolio,Approved
NV0001077,Male,Divorced,1,Bachelor's Degree,Freelancer,2-5 years,Other,62329,0,3000,2500,Poor (500-579),540,None,3,45,Debt Consolidation,Home Improvement,10,60,25.0,Urban,Real Estate,Rejected
NV0001078,Female,Single,0,Bachelor's Degree,Business Owner,1-2 years,Manufacturing,33215,0,0,5000,Fair (580-669),625,None,0,45,Debt Consolidation,Medical,25,360,20.0,Urban,Vehicle,Rejected
NV0001079,Male,Single,1,Bachelor's Degree,Business Owner,6-12 months,Government,84887,0,0,0,Exceptional (800-850),825,None,1,65,Education Loan,Debt Consolidation,250,84,20.0,Suburban,Vehicle,Manual Review
NV0001080,Non-binary,Divorced,1,Master's Degree,Full-time Employee,5-10 years,Technology,40057,0,5000,1000,Fair (580-669),625,None,1,45,Business Loan,Debt Consolidation,200,360,20.0,Semiurban,Vehicle,Approved
NV0001081,Female,Married,0,Bachelor's Degree,Full-time Employee,10+ years,Education,39719,28000,0,800,Good (670-739),705,None,0,5,Home Purchase,Vacation Home,40,360,20.0,Semiurban,Vehicle,Approved
NV0001082,Male,Divorced,0,Master's Degree,Part-time Employee,2-5 years,Legal,132507,0,0,1500,Exceptional (800-850),825,None,0,20,Home Purchase,Vacation Home,150,480,30.0,Rural,None (Unsecured),Approved
NV0001083,Male,Single,2,Bachelor's Degree,Full-time Employee,2-5 years,Other,31289,0,0,7500,Very Good (740-799),770,None,1,85,Auto Loan,Primary Residence,75,360,5.0,Urban,Business Assets,Rejected
NV0001084,Female,Married,0,Bachelor's Degree,Business Owner,5-10 years,Manufacturing,17811,42000,5000,1000,Very Good (740-799),770,None,0,20,Personal Loan,Business Capital,400,120,3.5,Urban,None (Unsecured),Rejected
NV0001085,Non-binary,Married,0,Bachelor's Degree,Full-time Employee,5-10 years,Healthcare,40124,28000,3000,1500,Fair (580-669),625,None,2,65,Home Purchase,Primary Residence,15,360,5.0,Suburban,Real Estate,Approved
NV0001086,Male,Married,1,High School,Full-time Employee,2-5 years,Education,64223,15000,0,500,Good (670-739),705,None,2,5,Personal Loan,Debt Consolidation,250,180,20.0,Suburban,Real Estate,Approved
NV0001087,Female,Married,2,Bachelor's Degree,Full-time Employee,10+ years,Manufacturing,95700,58000,0,500,Good (670-739),705,None,2,20,Home Purchase,Investment Property,25,360,5.0,Semiurban,Real Estate,Approved
NV0001088,Male,Single,0,Bachelor's Degree,Unemployed,2-5 years,Education,102654,0,0,500,Fair (580-669),625,None,2,20,Home Refinance,Home Improvement,50,240,25.0,Semiurban,Real Estate,Approved
NV0001089,Prefer not to say,Married,1,Associate Degree,Full-time Employee,2-5 years,Other,79985,15000,3000,0,Fair (580-669),625,None,0,5,Home Purchase,Vacation Home,25,240,10.0,Rural,Vehicle,Approved
NV0001090,Male,Single,0,High School,Self-Employed,5-10 years,Government,83687,0,8000,500,Good (670-739),705,None,0,5,Personal Loan,Primary Residence,150,360,25.0,Urban,Investment Portfolio,Approved
NV0001091,Non-binary,Married,0,High School,Part-time Employee,10+ years,Finance,77602,28000,0,200,Fair (580-669),625,None,2,5,Auto Loan,Home Improvement,150,60,5.0,Urban,Vehicle,Rejected
NV0001092,Female,Divorced,0,Doctoral Degree,Full-time Employee,5-10 years,Manufacturing,42037,0,0,800,Very Good (740-799),770,Discharged under 2 years,0,65,Personal Loan,Medical,75,180,10.0,Urban,None (Unsecured),Rejected
NV0001093,Female,Married,2,Bachelor's Degree,Part-time Employee,<6 months,Education,49999,28000,0,800,Poor (500-579),540,Discharged 2-7 years ago,0,5,Education Loan,Major Purchase,150,360,0.0,Semiurban,None (Unsecured),Manual Review
NV0001094,Male,Domestic Partnership,0,High School,Business Owner,2-5 years,Finance,85561,42000,0,2500,Good (670-739),705,None,0,20,Home Purchase,Major Purchase,100,360,5.0,Urban,Real Estate,Approved
NV0001095,Male,Single,0,Bachelor's Degree,Self-Employed,2-5 years,Finance,25087,0,3000,1000,Fair (580-669),625,None,0,5,Auto Loan,Business Capital,200,360,20.0,Semiurban,None (Unsecured),Rejected
NV0001096,Male,Married,1,Bachelor's Degree,Government/Military,2-5 years,Healthcare,39805,28000,0,800,Good (670-739),705,None,1,45,Home Purchase,Debt Consolidation,30,360,30.0,Rural,Vehicle,Approved
NV0001097,Male,Divorced,3,Master's Degree,Full-time Employee,5-10 years,Finance,50109,0,0,200,Very Good (740-799),770,None,0,45,Personal Loan,Vacation Home,50,360,10.0,Semiurban,Vehicle,Approved
NV0001098,Male,Single,0,High School,Full-time Employee,10+ years,Other,60662,0,3000,3000,Good (670-739),705,None,0,45,Home Refinance,Business Capital,20,120,20.0,Urban,Business Assets,Manual Review
NV0001099,Female,Single,1,Associate Degree,Retired,5-10 years,Technology,60089,0,0,0,Very Good (740-799),770,None,3,20,Home Refinance,Major Purchase,50,360,10.0,Semiurban,Real Estate,Approved
NV0001100,Male,Married,0,Master's Degree,Full-time Employee,10+ years,Finance,100414,0,3000,7500,Fair (580-669),625,Discharged 2-7 years ago,1,5,Debt Consolidation,Medical,150,360,0.0,Rural,None (Unsecured),Rejected
NV0001101,Male,Single,1,High School,Self-Employed,1-2 years,Legal,63306,0,0,800,Good (670-739),705,None,2,45,Auto Loan,Vacation Home,150,360,20.0,Urban,Investment Portfolio,Approved
NV0001102,Prefer not to say,Married,1,Associate Degree,Freelancer,10+ years,Education,171872,15000,0,200,Fair (580-669),625,None,1,45,Personal Loan,Primary Residence,150,360,0.0,Urban,None (Unsecured),Approved
NV0001103,Female,Divorced,1,Doctoral Degree,Full-time Employee,5-10 years,Finance,49265,0,8000,500,Good (670-739),705,None,2,5,Home Purchase,Major Purchase,30,60,25.0,Semiurban,None (Unsecured),Approved
NV0001104,Non-binary,Married,0,Bachelor's Degree,Business Owner,2-5 years,Construction,68056,15000,3000,0,Good (670-739),705,None,1,20,Home Purchase,Investment Property,150,84,20.0,Urban,Vehicle,Approved
NV0001105,Prefer not to say,Single,0,Associate Degree,Full-time Employee,5-10 years,Technology,17469,0,0,200,Very Good (740-799),770,None,0,5,Personal Loan,Major Purchase,40,120,10.0,Suburban,Real Estate,Approved
NV0001106,Male,Married,0,High School,Full-time Employee,6-12 months,Retail,40142,0,5000,500,No History,300,None,3,5,Home Purchase,Vacation Home,500,240,20.0,Semiurban,Real Estate,Rejected
NV0001107,Male,Married,0,High School,Full-time Employee,5-10 years,Technology,172022,80000,3000,1000,Fair (580-669),625,None,0,45,Education Loan,Investment Property,40,120,3.5,Urban,Real Estate,Approved
NV0001108,Female,Single,0,Associate Degree,Freelancer,2-5 years,Government,44033,0,5000,0,Fair (580-669),625,None,3,20,Home Refinance,Home Improvement,100,360,20.0,Rural,Real Estate,Approved
NV0001109,Female,Married,2,Master's Degree,Full-time Employee,2-5 years,Retail,42877,42000,3000,1500,Very Good (740-799),770,None,0,5,Auto Loan,Major Purchase,200,180,25.0,Semiurban,Business Assets,Approved
NV0001110,Male,Married,4,Bachelor's Degree,Business Owner,5-10 years,Healthcare,67050,80000,0,3000,Good (670-739),705,None,0,20,Auto Loan,Vacation Home,400,360,25.0,Urban,Real Estate,Approved
NV0001111,Female,Married,4,Master's Degree,Retired,5-10 years,Technology,26965,15000,0,1000,Exceptional (800-850),825,None,0,85,Debt Consolidation,Major Purchase,50,360,5.0,Urban,None (Unsecured),Approved
NV0001112,Male,Single,3,Master's Degree,Self-Employed,1-2 years,Government,65969,0,3000,500,Good (670-739),705,None,0,65,Home Purchase,Major Purchase,40,360,5.0,Rural,Investment Portfolio,Approved
NV0001113,Male,Married,1,Bachelor's Degree,Self-Employed,<6 months,Technology,39324,28000,0,0,Exceptional (800-850),825,None,1,65,Auto Loan,Vacation Home,50,360,20.0,Urban,Real Estate,Approved
NV0001114,Male,Single,2,Associate Degree,Part-time Employee,2-5 years,Finance,48379,0,5000,0,Good (670-739),705,Discharged 7+ years ago,4,20,Debt Consolidation,Investment Property,40,480,30.0,Urban,Vehicle,Rejected
NV0001115,Female,Single,0,Bachelor's Degree,Full-time Employee,2-5 years,Manufacturing,128332,0,0,2000,Good (670-739),705,None,4,45,Personal Loan,Primary Residence,100,360,30.0,Urban,Vehicle,Manual Review
NV0001116,Female,Domestic Partnership,2,Master's Degree,Part-time Employee,10+ years,Manufacturing,82017,15000,3000,1500,Very Good (740-799),770,None,3,20,Home Purchase,Medical,500,480,10.0,Urban,Vehicle,Approved
NV0001117,Male,Married,1,Master's Degree,Self-Employed,10+ years,Government,54064,58000,0,800,Good (670-739),705,None,0,5,Education Loan,Major Purchase,20,120,20.0,Rural,Vehicle,Approved
NV0001118,Female,Single,1,High School,Unemployed,2-5 years,Technology,60931,0,0,0,Poor (500-579),540,None,4,20,Auto Loan,Debt Consolidation,75,360,30.0,Suburban,Real Estate,Rejected
NV0001119,Male,Single,2,Bachelor's Degree,Retired,5-10 years,Government,107118,0,3000,200,Exceptional (800-850),825,Active/Pending,0,20,Home Purchase,Home Improvement,300,360,5.0,Rural,Investment Portfolio,Rejected
NV0001120,Male,Single,0,Bachelor's Degree,Government/Military,2-5 years,Healthcare,100818,0,3000,2500,Fair (580-669),625,None,2,20,Home Refinance,Vacation Home,20,60,25.0,Rural,Vehicle,Approved
NV0001121,Female,Single,0,Master's Degree,Government/Military,5-10 years,Manufacturing,32765,0,0,800,Exceptional (800-850),825,None,0,65,Home Purchase,Major Purchase,75,480,5.0,Suburban,Business Assets,Approved
NV0001122,Non-binary,Single,3,High School,Part-time Employee,1-2 years,Construction,38874,0,0,5000,Exceptional (800-850),825,None,0,5,Home Refinance,Medical,300,480,10.0,Urban,Business Assets,Rejected
NV0001123,Female,Single,0,Bachelor's Degree,Independent Contractor,2-5 years,Retail,45097,0,5000,10000,Exceptional (800-850),825,None,3,20,Home Purchase,Primary Residence,400,360,5.0,Urban,Real Estate,Rejected
NV0001124,Female,Married,1,Master's Degree,Government/Military,5-10 years,Other,32320,58000,8000,2500,Fair (580-669),625,None,3,5,Home Purchase,Vacation Home,75,480,20.0,Semiurban,Real Estate,Approved
NV0001125,Female,Married,3,Bachelor's Degree,Full-time Employee,<6 months,Finance,18182,28000,0,200,Very Good (740-799),770,None,1,20,Auto Loan,Business Capital,10,120,25.0,Semiurban,Investment Portfolio,Approved
NV0001126,Female,Married,1,Bachelor's Degree,Unemployed,5-10 years,Construction,34271,80000,0,200,Poor (500-579),540,None,2,5,Auto Loan,Major Purchase,20,360,20.0,Semiurban,None (Unsecured),Manual Review
NV0001127,Male,Married,1,High School,Full-time Employee,10+ years,Construction,133587,0,0,200,Good (670-739),705,Discharged 2-7 years ago,0,20,Debt Consolidation,Home Improvement,100,180,3.5,Urban,Vehicle,Approved
NV0001128,Male,Single,0,Associate Degree,Self-Employed,2-5 years,Education,62091,0,8000,7500,Exceptional (800-850),825,None,1,20,Personal Loan,Debt Consolidation,20,180,5.0,Urban,Real Estate,Rejected
NV0001129,Male,Divorced,0,Bachelor's Degree,Business Owner,2-5 years,Construction,44896,0,0,500,Fair (580-669),625,None,1,20,Debt Consolidation,Vacation Home,20,360,20.0,Semiurban,Real Estate,Approved
NV0001130,Male,Domestic Partnership,3,Doctoral Degree,Unemployed,10+ years,Retail,83028,58000,0,2000,Exceptional (800-850),825,Discharged 7+ years ago,0,20,Home Purchase,Major Purchase,200,360,20.0,Suburban,Real Estate,Approved
NV0001131,Female,Domestic Partnership,1,Associate Degree,Full-time Employee,5-10 years,Retail,92302,58000,0,5000,Fair (580-669),625,None,0,20,Home Purchase,Investment Property,200,60,20.0,Semiurban,Real Estate,Rejected
NV0001132,Male,Domestic Partnership,1,Bachelor's Degree,Business Owner,1-2 years,Finance,49835,28000,3000,3000,Exceptional (800-850),825,None,0,20,Business Loan,Primary Residence,250,360,0.0,Urban,Vehicle,Approved
NV0001133,Male,Divorced,0,Bachelor's Degree,Self-Employed,2-5 years,Government,51275,0,8000,1000,Very Good (740-799),770,None,1,20,Home Purchase,Debt Consolidation,20,180,20.0,Rural,Investment Portfolio,Approved
NV0001134,Male,Married,0,High School,Full-time Employee,5-10 years,Legal,25331,0,0,200,Fair (580-669),625,None,0,20,Home Purchase,Vacation Home,25,360,25.0,Urban,Real Estate,Approved
NV0001135,Female,Single,4,Bachelor's Degree,Freelancer,2-5 years,Legal,82577,0,0,200,Very Poor (300-499),420,None,0,65,Personal Loan,Major Purchase,250,180,20.0,Urban,Real Estate,Rejected
NV0001136,Male,Married,0,Master's Degree,Self-Employed,1-2 years,Technology,49588,28000,0,800,Very Good (740-799),770,None,0,20,Home Refinance,Debt Consolidation,150,360,20.0,Urban,Real Estate,Approved
NV0001137,Female,Married,1,Master's Degree,Independent Contractor,2-5 years,Technology,54801,28000,0,5000,Fair (580-669),625,None,0,20,Auto Loan,Investment Property,200,180,25.0,Rural,None (Unsecured),Rejected
NV0001138,Male,Married,0,Bachelor's Degree,Full-time Employee,10+ years,Other,54876,42000,0,4000,Exceptional (800-850),825,None,1,85,Education Loan,Vacation Home,800,360,20.0,Suburban,Vehicle,Rejected
NV0001139,Male,Married,2,Bachelor's Degree,Part-time Employee,5-10 years,Retail,81727,58000,8000,200,Fair (580-669),625,None,1,65,Auto Loan,Business Capital,300,240,20.0,Semiurban,None (Unsecured),Approved
NV0001140,Female,Single,3,High School,Self-Employed,10+ years,Technology,69379,0,8000,500,Good (670-739),705,None,0,85,Debt Consolidation,Debt Consolidation,75,360,20.0,Urban,Vehicle,Approved
NV0001141,Female,Married,1,Doctoral Degree,Full-time Employee,5-10 years,Education,54604,15000,12000,1000,Exceptional (800-850),825,None,0,45,Auto Loan,Vacation Home,40,120,5.0,Urban,Real Estate,Approved
NV0001142,Male,Divorced,0,High School,Full-time Employee,10+ years,Technology,17198,0,0,800,Very Good (740-799),770,None,0,20,Debt Consolidation,Business Capital,75,360,20.0,Urban,Real Estate,Manual Review
NV0001143,Female,Married,1,Master's Degree,Unemployed,1-2 years,Healthcare,83823,0,0,0,Exceptional (800-850),825,None,2,20,Personal Loan,Vacation Home,100,240,25.0,Suburban,Investment Portfolio,Approved
NV0001144,Female,Married,2,Associate Degree,Self-Employed,5-10 years,Healthcare,171601,0,5000,500,Very Good (740-799),770,None,0,45,Business Loan,Debt Consolidation,40,360,5.0,Rural,Vehicle,Approved
NV0001145,Male,Single,1,Doctoral Degree,Business Owner,<6 months,Education,94201,0,0,5000,Very Good (740-799),770,None,0,85,Home Purchase,Vacation Home,200,84,25.0,Urban,Investment Portfolio,Rejected
NV0001146,Female,Married,3,Bachelor's Degree,Full-time Employee,5-10 years,Construction,301445,42000,0,5000,Good (670-739),705,None,1,45,Business Loan,Investment Property,15,360,20.0,Rural,Business Assets,Approved
NV0001147,Female,Divorced,2,Master's Degree,Full-time Employee,2-5 years,Healthcare,23099,0,0,1000,No History,300,None,0,65,Personal Loan,Debt Consolidation,200,120,10.0,Semiurban,Investment Portfolio,Rejected
NV0001148,Female,Married,3,Associate Degree,Full-time Employee,2-5 years,Legal,32113,15000,12000,1500,Exceptional (800-850),825,None,2,20,Auto Loan,Major Purchase,10,84,20.0,Suburban,Real Estate,Approved
NV0001149,Female,Married,2,Bachelor's Degree,Full-time Employee,10+ years,Legal,67848,80000,3000,200,Good (670-739),705,None,0,20,Auto Loan,Medical,75,180,10.0,Suburban,Business Assets,Approved
NV0001150,Female,Married,0,Bachelor's Degree,Self-Employed,10+ years,Healthcare,33487,0,0,2000,Good (670-739),705,None,1,65,Education Loan,Debt Consolidation,300,120,25.0,Urban,Vehicle,Rejected
NV0001151,Female,Married,0,Master's Degree,Self-Employed,<6 months,Technology,18675,58000,0,0,Poor (500-579),540,None,0,45,Auto Loan,Investment Property,15,360,20.0,Rural,Real Estate,Approved
NV0001152,Female,Single,0,High School,Part-time Employee,5-10 years,Other,52244,0,5000,200,Good (670-739),705,None,0,85,Home Purchase,Investment Property,75,480,25.0,Semiurban,Vehicle,Approved
NV0001153,Female,Married,3,Doctoral Degree,Full-time Employee,2-5 years,Other,43014,0,5000,0,Good (670-739),705,Discharged 7+ years ago,0,45,Home Refinance,Investment Property,20,60,20.0,Urban,Investment Portfolio,Approved
NV0001154,Female,Married,2,Master's Degree,Part-time Employee,2-5 years,Legal,43343,15000,3000,500,Good (670-739),705,Discharged under 2 years,2,20,Home Purchase,Business Capital,300,360,20.0,Rural,Real Estate,Rejected
NV0001155,Female,Married,2,Associate Degree,Full-time Employee,10+ years,Healthcare,209816,15000,0,3000,Very Good (740-799),770,None,3,20,Home Purchase,Major Purchase,250,360,30.0,Semiurban,Vehicle,Approved
NV0001156,Female,Married,0,Master's Degree,Full-time Employee,2-5 years,Construction,32489,28000,0,7500,Exceptional (800-850),825,None,0,65,Home Purchase,Major Purchase,500,240,3.5,Urban,Real Estate,Rejected
NV0001157,Male,Divorced,0,Bachelor's Degree,Retired,10+ years,Finance,26385,0,3000,1500,Very Good (740-799),770,None,2,20,Home Purchase,Medical,300,240,20.0,Rural,Real Estate,Rejected
NV0001158,Female,Single,2,Bachelor's Degree,Self-Employed,1-2 years,Technology,24251,0,8000,2000,Exceptional (800-850),825,None,1,20,Home Refinance,Medical,150,360,3.5,Rural,Real Estate,Rejected
NV0001159,Female,Domestic Partnership,1,Associate Degree,Independent Contractor,5-10 years,Technology,125464,42000,0,200,Good (670-739),705,None,3,20,Business Loan,Vacation Home,25,60,25.0,Urban,Real Estate,Approved
NV0001160,Male,Single,0,Bachelor's Degree,Full-time Employee,5-10 years,Other,92135,0,0,1000,Very Good (740-799),770,Discharged 7+ years ago,2,20,Business Loan,Vacation Home,30,360,20.0,Urban,Real Estate,Approved
NV0001161,Female,Married,1,Master's Degree,Retired,1-2 years,Healthcare,25749,42000,0,2000,Good (670-739),705,Discharged 2-7 years ago,0,5,Personal Loan,Home Improvement,75,180,30.0,Semiurban,Real Estate,Approved
NV0001162,Male,Single,0,Bachelor's Degree,Independent Contractor,2-5 years,Government,30440,0,0,800,Exceptional (800-850),825,Discharged 7+ years ago,1,45,Personal Loan,Medical,100,360,25.0,Urban,None (Unsecured),Approved
NV0001163,Male,Married,0,Bachelor's Degree,Business Owner,10+ years,Manufacturing,99696,80000,0,0,Poor (500-579),540,None,0,5,Home Purchase,Medical,200,360,0.0,Suburban,Real Estate,Approved
NV0001164,Female,Married,1,Bachelor's Degree,Full-time Employee,5-10 years,Healthcare,40052,15000,5000,2000,Poor (500-579),540,None,0,20,Home Purchase,Vacation Home,25,240,3.5,Urban,Vehicle,Approved
NV0001165,Male,Single,0,Bachelor's Degree,Unemployed,2-5 years,Education,258654,0,0,200,Exceptional (800-850),825,None,0,45,Personal Loan,Investment Property,20,120,20.0,Urban,Real Estate,Approved
NV0001166,Female,Married,4,High School,Freelancer,2-5 years,Healthcare,64825,58000,0,0,Very Good (740-799),770,None,3,20,Home Purchase,Home Improvement,75,120,20.0,Urban,Business Assets,Approved
NV0001167,Female,Divorced,0,Master's Degree,Government/Military,6-12 months,Technology,31615,0,0,800,Good (670-739),705,None,3,65,HELOC,Medical,20,240,3.5,Semiurban,Real Estate,Manual Review
NV0001168,Male,Single,0,Bachelor's Degree,Full-time Employee,1-2 years,Finance,123502,0,5000,0,Exceptional (800-850),825,None,2,20,Home Refinance,Investment Property,150,360,3.5,Rural,Real Estate,Approved
NV0001169,Male,Married,0,Associate Degree,Full-time Employee,2-5 years,Education,40043,15000,5000,1500,Very Good (740-799),770,None,4,85,Home Refinance,Primary Residence,100,120,20.0,Semiurban,Real Estate,Rejected
NV0001170,Male,Married,2,Associate Degree,Full-time Employee,6-12 months,Other,45005,15000,0,1500,Very Good (740-799),770,None,2,5,Home Purchase,Business Capital,200,360,0.0,Urban,None (Unsecured),Approved
NV0001171,Female,Married,1,Bachelor's Degree,Full-time Employee,10+ years,Retail,38663,15000,0,200,Poor (500-579),540,None,0,5,Auto Loan,Medical,15,180,25.0,Suburban,Vehicle,Approved
NV0001172,Prefer not to say,Single,1,Master's Degree,Government/Military,5-10 years,Retail,106264,0,0,5000,Fair (580-669),625,None,0,65,Debt Consolidation,Major Purchase,600,360,25.0,Urban,Real Estate,Rejected
NV0001173,Female,Single,0,Bachelor's Degree,Full-time Employee,10+ years,Government,33212,0,0,3000,Good (670-739),705,None,0,45,Home Purchase,Debt Consolidation,10,360,20.0,Urban,Real Estate,Rejected
NV0001174,Male,Single,0,Master's Degree,Full-time Employee,5-10 years,Other,49271,0,0,0,Good (670-739),705,None,0,5,Personal Loan,Primary Residence,40,180,0.0,Urban,Real Estate,Approved
NV0001175,Female,Single,1,High School,Full-time Employee,10+ years,Construction,17919,0,5000,2000,Poor (500-579),540,None,0,85,Home Purchase,Major Purchase,150,480,0.0,Urban,Real Estate,Rejected
NV0001176,Male,Single,2,Bachelor's Degree,Full-time Employee,2-5 years,Legal,134777,0,0,500,Poor (500-579),540,None,0,20,Personal Loan,Major Purchase,10,180,20.0,Semiurban,Business Assets,Approved
NV0001177,Female,Married,3,No Formal Education,Full-time Employee,5-10 years,Government,42965,42000,12000,2000,Very Poor (300-499),420,None,2,85,Home Refinance,Business Capital,15,360,30.0,Urban,Vehicle,Rejected
NV0001178,Male,Divorced,0,Master's Degree,Freelancer,10+ years,Retail,39495,0,0,2500,Exceptional (800-850),825,None,2,20,Personal Loan,Investment Property,15,360,10.0,Urban,Investment Portfolio,Rejected
NV0001179,Female,Domestic Partnership,1,Associate Degree,Self-Employed,5-10 years,Legal,64559,80000,0,0,Exceptional (800-850),825,None,1,20,Home Refinance,Vacation Home,100,360,10.0,Suburban,Real Estate,Approved
NV0001180,Male,Married,3,Bachelor's Degree,Full-time Employee,<6 months,Construction,99491,58000,0,1500,Good (670-739),705,None,3,20,Home Purchase,Debt Consolidation,300,480,3.5,Urban,Vehicle,Approved
NV0001181,Prefer not to say,Single,1,Associate Degree,Part-time Employee,5-10 years,Other,131045,0,0,3000,Good (670-739),705,None,0,20,Auto Loan,Vacation Home,75,360,20.0,Rural,Real Estate,Approved
NV0001182,Male,Single,2,Bachelor's Degree,Full-time Employee,10+ years,Legal,44796,0,0,500,Exceptional (800-850),825,Discharged 7+ years ago,2,20,Personal Loan,Vacation Home,100,360,20.0,Rural,Real Estate,Approved
NV0001183,Female,Married,0,Master's Degree,Full-time Employee,5-10 years,Other,116644,0,3000,0,Exceptional (800-850),825,None,0,20,Home Refinance,Medical,40,480,3.5,Urban,Investment Portfolio,Approved
NV0001184,Non-binary,Single,3,Master's Degree,Independent Contractor,5-10 years,Construction,50452,0,0,0,Poor (500-579),540,None,0,5,Personal Loan,Debt Consolidation,10,360,20.0,Semiurban,Real Estate,Approved
NV0001185,Male,Married,2,Associate Degree,Business Owner,5-10 years,Manufacturing,24193,42000,0,0,Poor (500-579),540,None,3,20,Personal Loan,Debt Consolidation,10,120,20.0,Semiurban,Investment Portfolio,Manual Review
NV0001186,Non-binary,Married,3,Doctoral Degree,Business Owner,10+ years,Education,134920,58000,8000,0,Very Good (740-799),770,None,0,5,Debt Consolidation,Primary Residence,300,360,20.0,Urban,None (Unsecured),Approved
NV0001187,Female,Married,2,Bachelor's Degree,Business Owner,6-12 months,Legal,65615,28000,8000,500,Poor (500-579),540,None,0,65,Auto Loan,Investment Property,20,360,20.0,Suburban,Real Estate,Approved
NV0001188,Male,Married,0,Bachelor's Degree,Full-time Employee,5-10 years,Legal,84861,0,3000,500,Good (670-739),705,Discharged 7+ years ago,0,20,Personal Loan,Vacation Home,1000,180,25.0,Semiurban,None (Unsecured),Rejected
NV0001189,Male,Domestic Partnership,3,Bachelor's Degree,Unemployed,1-2 years,Other,207514,28000,5000,0,Fair (580-669),625,None,1,45,Auto Loan,Business Capital,25,360,20.0,Suburban,Real Estate,Approved
NV0001190,Female,Married,0,Bachelor's Degree,Freelancer,5-10 years,Other,67316,80000,0,1500,Very Good (740-799),770,Discharged 7+ years ago,4,85,HELOC,Investment Property,150,360,20.0,Suburban,Real Estate,Manual Review
NV0001191,Male,Married,0,Bachelor's Degree,Retired,5-10 years,Legal,17385,58000,0,10000,Exceptional (800-850),825,None,0,45,Home Refinance,Investment Property,500,180,25.0,Urban,Investment Portfolio,Rejected
NV0001192,Female,Divorced,2,Bachelor's Degree,Full-time Employee,1-2 years,Other,170541,0,0,4000,Very Good (740-799),770,None,2,85,Home Purchase,Business Capital,40,360,25.0,Urban,Vehicle,Manual Review
NV0001193,Male,Divorced,2,Bachelor's Degree,Retired,1-2 years,Finance,41698,0,12000,200,Good (670-739),705,None,0,20,Debt Consolidation,Medical,150,360,10.0,Urban,Real Estate,Approved
NV0001194,Female,Married,3,High School,Freelancer,5-10 years,Finance,68158,28000,0,2500,Good (670-739),705,None,0,5,Home Purchase,Home Improvement,40,120,3.5,Suburban,Business Assets,Approved
NV0001195,Male,Married,0,Master's Degree,Government/Military,6-12 months,Manufacturing,30749,28000,0,5000,Exceptional (800-850),825,None,0,20,Home Purchase,Primary Residence,30,360,25.0,Suburban,None (Unsecured),Rejected
NV0001196,Female,Married,2,Bachelor's Degree,Full-time Employee,1-2 years,Manufacturing,43301,28000,0,4000,No History,300,None,1,20,Home Purchase,Vacation Home,25,480,5.0,Semiurban,Real Estate,Rejected
NV0001197,Prefer not to say,Divorced,2,High School,Business Owner,10+ years,Manufacturing,78786,0,0,3500,Very Good (740-799),770,None,0,65,Auto Loan,Major Purchase,250,240,30.0,Urban,None (Unsecured),Rejected
NV0001198,Prefer not to say,Domestic Partnership,0,Master's Degree,Unemployed,2-5 years,Retail,48101,42000,0,2500,Exceptional (800-850),825,None,0,20,Business Loan,Debt Consolidation,30,240,0.0,Urban,Vehicle,Approved
NV0001199,Female,Single,1,Doctoral Degree,Independent Contractor,2-5 years,Retail,78886,0,0,500,Good (670-739),705,None,0,20,Debt Consolidation,Debt Consolidation,30,360,30.0,Suburban,None (Unsecured),Approved
NV0001200,Male,Married,0,Doctoral Degree,Self-Employed,10+ years,Healthcare,126000,42000,0,0,Good (670-739),705,None,0,45,Auto Loan,Investment Property,1000,360,20.0,Suburban,Real Estate,Approved
NV0001201,Female,Married,0,Bachelor's Degree,Retired,1-2 years,Government,39659,0,0,800,Very Good (740-799),770,None,1,20,Education Loan,Business Capital,40,60,20.0,Urban,Business Assets,Approved
NV0001202,Male,Married,4,High School,Part-time Employee,2-5 years,Education,61712,15000,0,0,Fair (580-669),625,None,0,5,Auto Loan,Primary Residence,50,180,10.0,Urban,Real Estate,Approved
NV0001203,Male,Single,2,Bachelor's Degree,Self-Employed,5-10 years,Finance,99437,0,0,10000,Good (670-739),705,None,0,20,Auto Loan,Primary Residence,1000,360,30.0,Urban,None (Unsecured),Rejected
NV0001204,Male,Domestic Partnership,2,High School,Part-time Employee,5-10 years,Construction,97483,42000,3000,500,Good (670-739),705,Discharged 7+ years ago,0,65,Education Loan,Vacation Home,40,360,5.0,Urban,Investment Portfolio,Approved
NV0001205,Male,Married,4,Doctoral Degree,Retired,10+ years,Education,64383,28000,0,5000,Fair (580-669),625,None,0,65,Personal Loan,Vacation Home,40,240,5.0,Suburban,Real Estate,Rejected
NV0001206,Female,Domestic Partnership,0,Associate Degree,Full-time Employee,10+ years,Education,51674,15000,3000,2500,Exceptional (800-850),825,None,1,20,HELOC,Investment Property,250,360,0.0,Semiurban,Real Estate,Approved
NV0001207,Female,Domestic Partnership,2,Associate Degree,Self-Employed,5-10 years,Construction,49005,0,0,800,Good (670-739),705,None,0,20,Auto Loan,Investment Property,40,360,30.0,Rural,Business Assets,Approved
NV0001208,Male,Married,1,Bachelor's Degree,Independent Contractor,1-2 years,Technology,49347,28000,0,0,Poor (500-579),540,Discharged 7+ years ago,0,5,Business Loan,Investment Property,30,360,20.0,Semiurban,Investment Portfolio,Approved
NV0001209,Male,Married,3,Bachelor's Degree,Freelancer,<6 months,Legal,44339,0,5000,200,Exceptional (800-850),825,None,0,20,Debt Consolidation,Home Improvement,50,180,20.0,Urban,Real Estate,Approved
NV0001210,Prefer not to say,Married,0,Master's Degree,Self-Employed,2-5 years,Government,75682,28000,0,1500,Very Good (740-799),770,None,0,45,Debt Consolidation,Primary Residence,150,360,20.0,Urban,Vehicle,Approved
NV0001211,Male,Single,3,Bachelor's Degree,Retired,1-2 years,Healthcare,25663,0,0,3000,Poor (500-579),540,None,2,20,Business Loan,Investment Property,10,360,25.0,Rural,Business Assets,Rejected
NV0001212,Male,Married,0,High School,Retired,5-10 years,Manufacturing,276350,15000,8000,7500,Very Good (740-799),770,None,2,5,Home Refinance,Medical,40,120,20.0,Rural,Real Estate,Approved
NV0001213,Male,Single,0,Associate Degree,Full-time Employee,5-10 years,Construction,107491,0,0,0,Good (670-739),705,None,1,65,Personal Loan,Primary Residence,40,360,20.0,Semiurban,Real Estate,Approved
NV0001214,Female,Married,2,Bachelor's Degree,Full-time Employee,<6 months,Retail,39084,42000,0,0,No History,300,None,0,65,Personal Loan,Major Purchase,30,60,20.0,Urban,None (Unsecured),Rejected
NV0001215,Female,Single,1,High School,Full-time Employee,10+ years,Manufacturing,18951,0,8000,0,Exceptional (800-850),825,None,1,45,Home Refinance,Debt Consolidation,100,360,20.0,Urban,Real Estate,Approved
NV0001216,Male,Single,1,Bachelor's Degree,Full-time Employee,1-2 years,Other,99863,0,0,200,Exceptional (800-850),825,None,2,5,Home Purchase,Debt Consolidation,30,360,5.0,Urban,Real Estate,Approved
NV0001217,Male,Single,1,Bachelor's Degree,Self-Employed,2-5 years,Construction,92085,0,3000,3000,Fair (580-669),625,None,0,5,Home Purchase,Primary Residence,100,360,3.5,Rural,Real Estate,Approved
NV0001218,Female,Single,2,Bachelor's Degree,Retired,5-10 years,Manufacturing,269411,0,0,200,Poor (500-579),540,Discharged 7+ years ago,2,5,Home Purchase,Major Purchase,75,180,0.0,Semiurban,None (Unsecured),Manual Review
NV0001219,Female,Married,0,Doctoral Degree,Government/Military,2-5 years,Legal,41379,0,0,1000,Good (670-739),705,None,1,45,Business Loan,Debt Consolidation,25,360,10.0,Semiurban,Real Estate,Approved
NV0001220,Male,Married,0,Master's Degree,Full-time Employee,2-5 years,Legal,24256,28000,0,800,Good (670-739),705,None,0,5,Home Purchase,Debt Consolidation,30,180,20.0,Suburban,Investment Portfolio,Approved
NV0001221,Non-binary,Married,0,Doctoral Degree,Full-time Employee,6-12 months,Legal,156478,42000,0,500,Fair (580-669),625,None,0,65,Debt Consolidation,Debt Consolidation,25,360,20.0,Semiurban,None (Unsecured),Approved
NV0001222,Male,Single,1,Associate Degree,Self-Employed,2-5 years,Manufacturing,44800,0,5000,1500,Fair (580-669),625,None,1,85,Business Loan,Vacation Home,15,360,30.0,Semiurban,Real Estate,Approved
NV0001223,Male,Single,0,High School,Self-Employed,5-10 years,Legal,97774,0,8000,1000,Very Good (740-799),770,None,0,20,Home Refinance,Major Purchase,100,120,10.0,Urban,Business Assets,Approved
NV0001224,Non-binary,Single,0,Associate Degree,Full-time Employee,10+ years,Finance,24675,0,0,500,Exceptional (800-850),825,Discharged 7+ years ago,1,20,Home Purchase,Business Capital,150,180,20.0,Suburban,Vehicle,Rejected
NV0001225,Male,Single,1,Master's Degree,Government/Military,2-5 years,Retail,104178,0,5000,1500,Good (670-739),705,None,2,45,Auto Loan,Vacation Home,25,360,20.0,Semiurban,Investment Portfolio,Approved
NV0001226,Female,Divorced,0,No Formal Education,Retired,2-5 years,Healthcare,26175,0,0,200,Fair (580-669),625,None,2,65,Auto Loan,Primary Residence,100,360,5.0,Urban,Real Estate,Approved
NV0001227,Male,Single,1,Master's Degree,Full-time Employee,5-10 years,Construction,74676,0,0,1500,Poor (500-579),540,None,0,65,Home Purchase,Primary Residence,800,360,20.0,Rural,Investment Portfolio,Rejected
NV0001228,Male,Married,3,High School,Government/Military,10+ years,Education,67122,28000,12000,5000,Very Poor (300-499),420,None,0,5,Personal Loan,Home Improvement,15,180,30.0,Semiurban,Real Estate,Rejected
NV0001229,Prefer not to say,Single,0,Doctoral Degree,Full-time Employee,1-2 years,Manufacturing,209414,0,0,2000,Poor (500-579),540,None,0,5,Home Purchase,Business Capital,75,360,3.5,Suburban,Real Estate,Approved
NV0001230,Male,Single,1,Bachelor's Degree,Business Owner,2-5 years,Manufacturing,16945,0,0,800,Good (670-739),705,None,1,45,Personal Loan,Vacation Home,150,180,20.0,Suburban,None (Unsecured),Rejected
NV0001231,Female,Married,2,High School,Part-time Employee,5-10 years,Retail,40418,42000,0,2000,Good (670-739),705,None,2,45,Home Purchase,Primary Residence,10,360,0.0,Rural,Real Estate,Approved
NV0001232,Male,Married,1,Bachelor's Degree,Full-time Employee,5-10 years,Technology,23180,15000,0,2500,Fair (580-669),625,None,1,5,Home Purchase,Business Capital,200,480,10.0,Rural,Business Assets,Rejected
NV0001233,Male,Single,2,High School,Retired,6-12 months,Government,156422,0,0,500,Fair (580-669),625,None,0,20,HELOC,Vacation Home,600,360,20.0,Urban,Real Estate,Approved
NV0001234,Male,Single,1,Bachelor's Degree,Part-time Employee,5-10 years,Other,76869,0,3000,2000,Good (670-739),705,None,3,45,Business Loan,Home Improvement,15,60,25.0,Semiurban,Real Estate,Manual Review
NV0001235,Female,Married,1,Bachelor's Degree,Business Owner,1-2 years,Construction,63773,0,5000,800,Exceptional (800-850),825,None,4,5,Auto Loan,Primary Residence,250,480,20.0,Rural,Business Assets,Approved
NV0001236,Male,Single,0,Bachelor's Degree,Full-time Employee,2-5 years,Technology,25321,0,0,3000,Poor (500-579),540,Discharged 2-7 years ago,0,65,Business Loan,Primary Residence,40,120,20.0,Semiurban,Real Estate,Rejected
NV0001237,Female,Single,2,Bachelor's Degree,Full-time Employee,2-5 years,Other,67416,0,0,500,Good (670-739),705,None,0,5,Auto Loan,Primary Residence,20,360,25.0,Semiurban,None (Unsecured),Approved
NV0001238,Male,Divorced,2,Master's Degree,Full-time Employee,10+ years,Government,52876,0,0,5000,Very Good (740-799),770,None,1,45,Auto Loan,Primary Residence,75,360,10.0,Suburban,Vehicle,Rejected
NV0001239,Prefer not to say,Married,0,Bachelor's Degree,Part-time Employee,2-5 years,Education,43198,0,0,1000,Good (670-739),705,Discharged 2-7 years ago,1,45,Home Purchase,Investment Property,15,240,20.0,Urban,Real Estate,Approved
NV0001240,Male,Married,0,Bachelor's Degree,Independent Contractor,1-2 years,Manufacturing,105850,15000,8000,500,Good (670-739),705,None,3,20,Home Purchase,Major Purchase,75,180,20.0,Urban,Investment Portfolio,Approved
NV0001241,Female,Married,4,Master's Degree,Full-time Employee,1-2 years,Legal,26495,28000,8000,800,Very Good (740-799),770,None,0,45,Debt Consolidation,Major Purchase,10,180,25.0,Rural,Real Estate,Approved
NV0001242,Female,Married,1,Master's Degree,Independent Contractor,10+ years,Retail,84617,15000,5000,500,Fair (580-669),625,None,0,45,Business Loan,Vacation Home,150,360,20.0,Suburban,Real Estate,Approved
NV0001243,Female,Married,1,High School,Independent Contractor,1-2 years,Construction,118063,42000,3000,0,Very Good (740-799),770,None,1,65,Home Purchase,Vacation Home,75,360,25.0,Suburban,Investment Portfolio,Approved
NV0001244,Female,Married,3,Bachelor's Degree,Business Owner,2-5 years,Retail,153627,42000,5000,0,Exceptional (800-850),825,None,2,20,Personal Loan,Business Capital,50,360,5.0,Rural,Real Estate,Approved
NV0001245,Female,Married,2,Associate Degree,Part-time Employee,1-2 years,Healthcare,100037,58000,0,500,Very Good (740-799),770,None,2,45,Auto Loan,Business Capital,25,120,20.0,Suburban,Real Estate,Approved
NV0001246,Female,Single,1,High School,Retired,5-10 years,Education,41050,0,0,800,Fair (580-669),625,Discharged 7+ years ago,4,45,Home Purchase,Vacation Home,40,360,20.0,Rural,Business Assets,Rejected
NV0001247,Male,Married,2,Bachelor's Degree,Part-time Employee,2-5 years,Healthcare,75285,42000,0,500,Very Poor (300-499),420,None,0,20,Personal Loan,Home Improvement,25,360,20.0,Urban,Business Assets,Rejected
NV0001248,Male,Married,3,Master's Degree,Part-time Employee,2-5 years,Government,30913,42000,5000,0,Fair (580-669),625,None,2,65,Debt Consolidation,Medical,150,360,20.0,Rural,Vehicle,Approved
NV0001249,Non-binary,Domestic Partnership,1,High School,Full-time Employee,2-5 years,Government,26901,80000,0,1000,Very Poor (300-499),420,None,0,5,Home Refinance,Investment Property,25,360,0.0,Urban,Vehicle,Rejected
NV0001250,Female,Married,1,Master's Degree,Full-time Employee,10+ years,Finance,78040,15000,0,0,Exceptional (800-850),825,None,0,20,Auto Loan,Medical,100,240,5.0,Urban,Investment Portfolio,Approved
NV0001251,Female,Married,1,Master's Degree,Full-time Employee,2-5 years,Government,123378,15000,0,200,Exceptional (800-850),825,Discharged 7+ years ago,0,20,Business Loan,Vacation Home,30,360,10.0,Semiurban,Vehicle,Approved
NV0001252,Male,Single,4,Master's Degree,Independent Contractor,5-10 years,Technology,23025,0,3000,0,Good (670-739),705,Discharged 2-7 years ago,2,5,Home Refinance,Business Capital,100,360,25.0,Urban,Vehicle,Manual Review
NV0001253,Male,Married,2,Associate Degree,Full-time Employee,10+ years,Technology,25877,28000,8000,1000,Very Good (740-799),770,None,4,65,Home Refinance,Business Capital,75,360,25.0,Urban,None (Unsecured),Manual Review
NV0001254,Male,Single,0,Master's Degree,Full-time Employee,10+ years,Legal,64100,0,0,0,Fair (580-669),625,Discharged 2-7 years ago,0,45,Home Purchase,Vacation Home,50,360,3.5,Urban,Real Estate,Approved
NV0001255,Female,Married,3,Bachelor's Degree,Freelancer,2-5 years,Manufacturing,29968,15000,3000,200,Good (670-739),705,None,0,20,Home Purchase,Primary Residence,150,240,30.0,Urban,Vehicle,Approved
NV0001256,Male,Single,1,Bachelor's Degree,Full-time Employee,10+ years,Retail,85997,0,0,800,Very Poor (300-499),420,None,2,45,Auto Loan,Business Capital,50,360,5.0,Urban,None (Unsecured),Rejected
NV0001257,Male,Married,0,High School,Full-time Employee,<6 months,Manufacturing,33420,80000,5000,200,Very Good (740-799),770,None,1,20,Home Purchase,Medical,250,240,10.0,Semiurban,Investment Portfolio,Approved
NV0001258,Male,Single,1,High School,Full-time Employee,2-5 years,Manufacturing,25904,0,0,800,Good (670-739),705,None,3,20,Personal Loan,Business Capital,150,360,5.0,Rural,None (Unsecured),Rejected
NV0001259,Male,Married,1,Master's Degree,Freelancer,10+ years,Technology,69761,58000,0,500,Good (670-739),705,Discharged 7+ years ago,0,5,Personal Loan,Primary Residence,75,120,25.0,Suburban,Real Estate,Approved
NV0001260,Female,Divorced,3,Bachelor's Degree,Full-time Employee,1-2 years,Retail,157631,0,0,3000,Very Good (740-799),770,None,0,20,Home Refinance,Business Capital,300,180,20.0,Suburban,Real Estate,Approved
NV0001261,Male,Single,0,Associate Degree,Part-time Employee,1-2 years,Legal,82797,0,0,2500,Good (670-739),705,None,0,5,Home Refinance,Medical,250,360,10.0,Semiurban,None (Unsecured),Approved
NV0001262,Female,Married,2,Associate Degree,Self-Employed,2-5 years,Education,119124,58000,5000,10000,Good (670-739),705,None,0,45,HELOC,Medical,75,180,20.0,Rural,Real Estate,Rejected
NV0001263,Male,Married,1,Bachelor's Degree,Independent Contractor,5-10 years,Finance,43324,80000,12000,1000,Good (670-739),705,None,0,20,Home Refinance,Primary Residence,15,360,5.0,Urban,Investment Portfolio,Approved
NV0001264,Male,Single,0,High School,Independent Contractor,2-5 years,Technology,147560,0,0,1000,Very Good (740-799),770,None,0,20,Personal Loan,Vacation Home,75,480,10.0,Urban,Real Estate,Approved
NV0001265,Male,Married,4,Master's Degree,Freelancer,5-10 years,Healthcare,48890,15000,0,5000,Exceptional (800-850),825,None,0,20,Home Refinance,Primary Residence,40,360,10.0,Rural,Business Assets,Rejected
NV0001266,Male,Single,1,High School,Full-time Employee,10+ years,Finance,123505,0,3000,500,Good (670-739),705,None,0,5,Business Loan,Vacation Home,75,180,5.0,Rural,Vehicle,Approved
NV0001267,Male,Married,0,Associate Degree,Full-time Employee,5-10 years,Education,59925,80000,0,1000,Very Good (740-799),770,None,3,65,Personal Loan,Medical,100,240,25.0,Suburban,Real Estate,Approved
NV0001268,Male,Married,1,Bachelor's Degree,Full-time Employee,1-2 years,Government,41744,0,0,500,Exceptional (800-850),825,None,0,5,Auto Loan,Home Improvement,100,360,20.0,Rural,Vehicle,Approved
NV0001269,Female,Married,3,Bachelor's Degree,Full-time Employee,10+ years,Manufacturing,42153,15000,0,1000,Very Good (740-799),770,None,0,65,HELOC,Home Improvement,150,240,5.0,Urban,Investment Portfolio,Approved
NV0001270,Male,Married,0,Bachelor's Degree,Full-time Employee,1-2 years,Construction,66264,28000,8000,0,Very Good (740-799),770,None,2,20,Auto Loan,Debt Consolidation,150,360,5.0,Suburban,Real Estate,Approved
NV0001271,Female,Single,0,Bachelor's Degree,Full-time Employee,1-2 years,Legal,23401,0,5000,2500,Very Good (740-799),770,None,1,45,Personal Loan,Business Capital,20,360,0.0,Rural,Investment Portfolio,Rejected
NV0001272,Female,Single,0,Doctoral Degree,Self-Employed,6-12 months,Manufacturing,199282,0,5000,7500,Exceptional (800-850),825,None,1,20,Business Loan,Investment Property,25,360,10.0,Suburban,Vehicle,Manual Review
NV0001273,Female,Married,0,Bachelor's Degree,Independent Contractor,2-5 years,Government,42761,15000,0,0,Good (670-739),705,None,1,85,HELOC,Primary Residence,100,360,20.0,Rural,Real Estate,Approved
NV0001274,Male,Married,2,High School,Full-time Employee,6-12 months,Education,43063,0,5000,2500,Fair (580-669),625,None,2,20,Debt Consolidation,Major Purchase,50,240,5.0,Urban,Business Assets,Rejected
NV0001275,Male,Domestic Partnership,1,Bachelor's Degree,Business Owner,6-12 months,Healthcare,29572,80000,0,200,Good (670-739),705,None,2,20,Home Purchase,Primary Residence,200,360,20.0,Urban,Real Estate,Approved
NV0001276,Male,Domestic Partnership,0,Master's Degree,Full-time Employee,2-5 years,Legal,18116,28000,0,200,Fair (580-669),625,None,1,85,Auto Loan,Investment Property,20,360,10.0,Urban,Real Estate,Approved
NV0001277,Male,Domestic Partnership,0,Associate Degree,Full-time Employee,1-2 years,Legal,83647,58000,5000,2000,Good (670-739),705,None,2,65,Auto Loan,Business Capital,25,120,10.0,Urban,Vehicle,Approved
NV0001278,Prefer not to say,Married,0,High School,Self-Employed,5-10 years,Education,74484,28000,12000,0,Good (670-739),705,None,0,20,Home Purchase,Business Capital,75,180,30.0,Urban,Investment Portfolio,Approved
NV0001279,Male,Married,3,Master's Degree,Full-time Employee,5-10 years,Finance,123263,42000,8000,800,Fair (580-669),625,None,0,85,Home Purchase,Medical,75,360,5.0,Semiurban,None (Unsecured),Approved
NV0001280,Male,Married,0,Bachelor's Degree,Full-time Employee,5-10 years,Other,17500,15000,5000,0,Very Good (740-799),770,None,2,45,HELOC,Investment Property,30,360,10.0,Suburban,Real Estate,Approved
NV0001281,Female,Married,4,Bachelor's Degree,Full-time Employee,1-2 years,Manufacturing,223899,42000,5000,1000,Fair (580-669),625,None,0,5,Personal Loan,Medical,50,360,10.0,Suburban,Real Estate,Approved
NV0001282,Female,Single,1,High School,Retired,1-2 years,Finance,39888,0,3000,800,Very Good (740-799),770,None,3,20,Auto Loan,Debt Consolidation,10,360,5.0,Rural,Real Estate,Approved
NV0001283,Female,Domestic Partnership,0,High School,Business Owner,10+ years,Technology,155350,80000,5000,4000,Very Good (740-799),770,None,0,20,Personal Loan,Investment Property,10,360,5.0,Urban,Business Assets,Approved
NV0001284,Male,Divorced,3,Bachelor's Degree,Full-time Employee,<6 months,Education,26593,0,0,2000,Fair (580-669),625,None,0,20,Home Purchase,Vacation Home,15,360,10.0,Urban,Vehicle,Rejected
NV0001285,Male,Married,1,Associate Degree,Government/Military,10+ years,Technology,97290,15000,0,0,Exceptional (800-850),825,None,3,45,Auto Loan,Primary Residence,100,360,25.0,Rural,Investment Portfolio,Approved
NV0001286,Male,Single,2,Bachelor's Degree,Business Owner,1-2 years,Healthcare,65326,0,5000,500,Very Good (740-799),770,None,0,20,Personal Loan,Investment Property,300,240,20.0,Urban,Real Estate,Approved
NV0001287,Male,Married,4,Bachelor's Degree,Self-Employed,10+ years,Finance,48114,28000,8000,4000,Very Good (740-799),770,Discharged 7+ years ago,3,5,Education Loan,Vacation Home,30,360,20.0,Suburban,Business Assets,Rejected
NV0001288,Male,Domestic Partnership,0,Associate Degree,Freelancer,2-5 years,Construction,26939,42000,0,2000,Very Good (740-799),770,None,3,65,Debt Consolidation,Investment Property,10,360,20.0,Suburban,Vehicle,Manual Review
NV0001289,Male,Divorced,0,Doctoral Degree,Full-time Employee,2-5 years,Other,84159,0,5000,1000,Very Good (740-799),770,None,2,20,HELOC,Major Purchase,150,360,20.0,Semiurban,None (Unsecured),Approved
NV0001290,Male,Single,2,Master's Degree,Full-time Employee,5-10 years,Education,18387,0,0,1000,Good (670-739),705,None,0,85,Debt Consolidation,Vacation Home,250,180,5.0,Rural,Real Estate,Rejected
NV0001291,Male,Single,0,Master's Degree,Self-Employed,5-10 years,Education,60431,0,8000,500,Fair (580-669),625,None,1,85,Debt Consolidation,Home Improvement,20,360,0.0,Urban,Vehicle,Approved
NV0001292,Male,Domestic Partnership,0,High School,Self-Employed,2-5 years,Other,74558,80000,3000,1000,Fair (580-669),625,None,2,85,Home Purchase,Business Capital,40,120,10.0,Rural,Business Assets,Approved
NV0001293,Female,Married,0,High School,Self-Employed,2-5 years,Legal,100719,15000,0,2500,Very Good (740-799),770,None,1,45,Debt Consolidation,Vacation Home,20,180,20.0,Urban,Investment Portfolio,Approved
NV0001294,Female,Married,0,Bachelor's Degree,Self-Employed,5-10 years,Government,386244,28000,5000,0,No History,300,None,1,5,Home Purchase,Debt Consolidation,20,360,0.0,Urban,Real Estate,Rejected
NV0001295,Female,Divorced,2,High School,Retired,<6 months,Healthcare,42825,0,5000,5000,Good (670-739),705,None,4,20,Home Purchase,Medical,100,84,0.0,Rural,None (Unsecured),Rejected
NV0001296,Male,Single,0,No Formal Education,Retired,<6 months,Finance,42659,0,8000,200,Very Good (740-799),770,None,1,5,Home Refinance,Vacation Home,600,360,5.0,Rural,Real Estate,Rejected
NV0001297,Male,Married,1,High School,Government/Military,2-5 years,Education,44275,58000,8000,800,Fair (580-669),625,Discharged 7+ years ago,4,20,Auto Loan,Investment Property,150,360,10.0,Rural,Real Estate,Rejected
NV0001298,Male,Single,1,Bachelor's Degree,Freelancer,6-12 months,Education,96502,0,0,0,Fair (580-669),625,None,0,45,Personal Loan,Home Improvement,800,480,10.0,Semiurban,Vehicle,Approved
NV0001299,Female,Married,1,Bachelor's Degree,Retired,5-10 years,Other,212616,58000,0,1000,Fair (580-669),625,None,0,5,Home Purchase,Business Capital,50,180,3.5,Rural,Vehicle,Approved
NV0001300,Female,Domestic Partnership,0,Bachelor's Degree,Full-time Employee,1-2 years,Construction,292425,15000,5000,500,Exceptional (800-850),825,Discharged 2-7 years ago,0,85,HELOC,Business Capital,300,360,5.0,Rural,Business Assets,Approved
NV0001301,Male,Married,2,High School,Full-time Employee,2-5 years,Other,209689,15000,8000,200,Good (670-739),705,None,0,65,Home Purchase,Home Improvement,25,360,5.0,Suburban,Real Estate,Approved
NV0001302,Non-binary,Widowed,0,Bachelor's Degree,Part-time Employee,1-2 years,Other,168464,0,0,7500,Poor (500-579),540,Active/Pending,2,20,Auto Loan,Vacation Home,20,120,0.0,Suburban,Vehicle,Rejected
NV0001303,Male,Married,2,Associate Degree,Government/Military,2-5 years,Manufacturing,376401,28000,0,800,Good (670-739),705,None,0,20,HELOC,Investment Property,150,360,10.0,Rural,Vehicle,Approved
NV0001304,Male,Married,3,Master's Degree,Self-Employed,6-12 months,Finance,53946,28000,0,800,Good (670-739),705,None,4,20,Home Purchase,Business Capital,40,360,0.0,Rural,Real Estate,Manual Review
NV0001305,Female,Single,1,High School,Business Owner,<6 months,Legal,224884,0,0,800,Good (670-739),705,None,0,65,Personal Loan,Home Improvement,40,180,20.0,Semiurban,None (Unsecured),Approved
NV0001306,Female,Married,1,Master's Degree,Full-time Employee,<6 months,Other,97310,42000,5000,0,Fair (580-669),625,None,0,45,HELOC,Major Purchase,150,360,10.0,Urban,None (Unsecured),Approved
NV0001307,Female,Married,1,Master's Degree,Full-time Employee,10+ years,Construction,31315,28000,0,500,Very Good (740-799),770,None,0,20,Home Purchase,Vacation Home,40,360,10.0,Urban,Vehicle,Approved
NV0001308,Female,Single,1,Associate Degree,Business Owner,1-2 years,Legal,16800,0,0,500,Good (670-739),705,None,0,20,Personal Loan,Vacation Home,100,120,3.5,Suburban,Real Estate,Rejected
NV0001309,Male,Married,3,Master's Degree,Full-time Employee,5-10 years,Retail,32724,58000,8000,800,Exceptional (800-850),825,None,0,20,Home Purchase,Medical,30,360,5.0,Suburban,None (Unsecured),Approved
NV0001310,Female,Married,3,High School,Full-time Employee,6-12 months,Finance,100839,15000,0,3000,Fair (580-669),625,None,0,85,Home Purchase,Business Capital,200,240,5.0,Rural,Real Estate,Approved
NV0001311,Male,Married,0,Doctoral Degree,Full-time Employee,6-12 months,Education,74116,80000,5000,200,Fair (580-669),625,None,1,5,Personal Loan,Business Capital,40,180,30.0,Semiurban,Real Estate,Approved
NV0001312,Female,Married,1,Bachelor's Degree,Full-time Employee,2-5 years,Retail,33291,15000,0,1500,Exceptional (800-850),825,None,0,5,Home Refinance,Business Capital,75,360,25.0,Urban,Real Estate,Approved
NV0001313,Male,Married,3,Associate Degree,Business Owner,2-5 years,Legal,105268,58000,3000,0,Good (670-739),705,None,0,65,Auto Loan,Vacation Home,10,360,0.0,Urban,Real Estate,Approved
NV0001314,Female,Single,4,Bachelor's Degree,Full-time Employee,10+ years,Legal,34084,0,0,500,Very Good (740-799),770,None,2,65,Home Refinance,Home Improvement,200,360,20.0,Semiurban,Business Assets,Approved
NV0001315,Male,Single,1,High School,Self-Employed,10+ years,Finance,125914,0,0,800,Exceptional (800-850),825,None,0,65,Debt Consolidation,Primary Residence,100,84,5.0,Semiurban,Vehicle,Approved
NV0001316,Female,Married,1,No Formal Education,Full-time Employee,5-10 years,Government,124051,28000,0,0,Very Good (740-799),770,None,0,20,Personal Loan,Investment Property,25,360,3.5,Suburban,None (Unsecured),Approved
NV0001317,Male,Married,0,High School,Freelancer,5-10 years,Manufacturing,296850,15000,5000,1000,Exceptional (800-850),825,None,0,45,Home Purchase,Debt Consolidation,25,360,20.0,Urban,Real Estate,Approved
NV0001318,Female,Single,3,Bachelor's Degree,Full-time Employee,2-5 years,Education,31481,0,0,500,Very Good (740-799),770,Discharged 7+ years ago,0,20,HELOC,Debt Consolidation,30,360,3.5,Semiurban,Vehicle,Approved
NV0001319,Male,Domestic Partnership,0,Bachelor's Degree,Independent Contractor,2-5 years,Retail,163979,15000,0,10000,Very Good (740-799),770,None,1,5,Auto Loan,Business Capital,100,360,10.0,Semiurban,None (Unsecured),Rejected
NV0001320,Male,Married,1,Doctoral Degree,Business Owner,10+ years,Other,42775,58000,5000,1500,Fair (580-669),625,None,0,20,Auto Loan,Investment Property,75,240,20.0,Suburban,Business Assets,Approved
NV0001321,Male,Married,0,Associate Degree,Full-time Employee,5-10 years,Healthcare,50936,0,0,200,Fair (580-669),625,None,2,5,Auto Loan,Primary Residence,30,60,20.0,Suburban,Investment Portfolio,Approved
NV0001322,Male,Single,0,Bachelor's Degree,Government/Military,5-10 years,Government,48562,0,8000,0,Good (670-739),705,None,3,20,HELOC,Medical,150,360,30.0,Semiurban,Real Estate,Approved
NV0001323,Female,Married,1,Bachelor's Degree,Self-Employed,1-2 years,Education,73874,0,0,0,Exceptional (800-850),825,None,0,65,Personal Loan,Medical,300,360,20.0,Suburban,Business Assets,Approved
NV0001324,Male,Married,4,Bachelor's Degree,Part-time Employee,<6 months,Healthcare,395407,42000,0,0,Poor (500-579),540,None,4,20,Auto Loan,Medical,10,120,20.0,Semiurban,Real Estate,Rejected
NV0001325,Prefer not to say,Married,0,High School,Full-time Employee,10+ years,Manufacturing,79759,58000,0,1500,Good (670-739),705,None,0,65,Auto Loan,Medical,50,360,10.0,Urban,Vehicle,Approved
NV0001326,Male,Married,1,Associate Degree,Retired,2-5 years,Healthcare,220841,80000,0,3000,Exceptional (800-850),825,None,0,20,Education Loan,Investment Property,100,60,0.0,Semiurban,Investment Portfolio,Approved
NV0001327,Male,Domestic Partnership,0,Associate Degree,Business Owner,2-5 years,Other,41424,0,0,0,Fair (580-669),625,None,0,20,Auto Loan,Vacation Home,100,60,20.0,Urban,Investment Portfolio,Rejected
NV0001328,Female,Married,0,Master's Degree,Full-time Employee,6-12 months,Healthcare,50179,42000,0,500,Very Good (740-799),770,None,0,45,Auto Loan,Major Purchase,10,360,30.0,Rural,Investment Portfolio,Approved
NV0001329,Female,Single,1,Associate Degree,Full-time Employee,10+ years,Government,64605,0,0,500,Good (670-739),705,None,1,45,Home Refinance,Investment Property,25,120,10.0,Suburban,Investment Portfolio,Approved
NV0001330,Male,Married,1,Bachelor's Degree,Freelancer,<6 months,Technology,40239,28000,8000,1500,Good (670-739),705,None,0,20,Debt Consolidation,Investment Property,15,480,30.0,Rural,Real Estate,Approved
NV0001331,Female,Married,0,Associate Degree,Independent Contractor,10+ years,Government,261692,58000,5000,200,Very Good (740-799),770,None,2,65,Education Loan,Major Purchase,75,360,3.5,Urban,Vehicle,Approved
NV0001332,Female,Married,0,Master's Degree,Business Owner,1-2 years,Other,93808,28000,3000,5000,Poor (500-579),540,None,1,5,Auto Loan,Home Improvement,100,360,5.0,Urban,Investment Portfolio,Rejected
NV0001333,Male,Single,0,Doctoral Degree,Part-time Employee,10+ years,Retail,63119,0,0,2000,Very Good (740-799),770,Discharged under 2 years,0,65,HELOC,Debt Consolidation,20,84,3.5,Urban,Real Estate,Rejected
NV0001334,Prefer not to say,Single,0,Bachelor's Degree,Business Owner,5-10 years,Technology,92202,0,3000,5000,Exceptional (800-850),825,None,1,5,Personal Loan,Business Capital,40,240,20.0,Urban,Real Estate,Rejected
NV0001335,Prefer not to say,Divorced,4,Bachelor's Degree,Full-time Employee,1-2 years,Manufacturing,49672,0,0,200,Very Poor (300-499),420,None,3,65,Auto Loan,Debt Consolidation,40,360,20.0,Urban,Real Estate,Rejected
NV0001336,Female,Married,3,Associate Degree,Full-time Employee,2-5 years,Government,18828,0,8000,1000,Poor (500-579),540,None,0,20,Auto Loan,Business Capital,250,360,10.0,Semiurban,Vehicle,Rejected
NV0001337,Male,Divorced,0,High School,Independent Contractor,2-5 years,Technology,62240,0,0,2000,Good (670-739),705,None,0,65,Auto Loan,Vacation Home,25,120,25.0,Rural,None (Unsecured),Approved
NV0001338,Female,Married,1,Associate Degree,Unemployed,1-2 years,Legal,75017,0,3000,2000,Good (670-739),705,None,0,45,Personal Loan,Major Purchase,75,360,20.0,Rural,Real Estate,Approved
NV0001339,Male,Married,3,Bachelor's Degree,Full-time Employee,10+ years,Government,300118,42000,3000,0,Exceptional (800-850),825,None,0,5,HELOC,Medical,200,360,20.0,Urban,Vehicle,Approved
NV0001340,Male,Married,0,Bachelor's Degree,Part-time Employee,2-5 years,Technology,18352,58000,3000,10000,Fair (580-669),625,None,0,65,Home Purchase,Medical,250,360,20.0,Urban,Investment Portfolio,Rejected
NV0001341,Male,Divorced,2,Doctoral Degree,Independent Contractor,2-5 years,Finance,60424,0,8000,4000,Exceptional (800-850),825,None,0,5,Auto Loan,Vacation Home,150,360,3.5,Urban,Real Estate,Rejected
NV0001342,Male,Married,3,Bachelor's Degree,Self-Employed,1-2 years,Retail,23248,58000,0,0,Exceptional (800-850),825,None,1,5,Home Purchase,Home Improvement,30,360,20.0,Urban,None (Unsecured),Approved
NV0001343,Female,Married,0,Bachelor's Degree,Government/Military,2-5 years,Education,32574,42000,5000,1000,Good (670-739),705,None,1,45,Auto Loan,Vacation Home,250,360,5.0,Semiurban,Real Estate,Approved
NV0001344,Female,Single,0,Bachelor's Degree,Business Owner,10+ years,Healthcare,80513,0,0,500,Exceptional (800-850),825,None,0,5,Home Purchase,Major Purchase,200,120,5.0,Urban,None (Unsecured),Approved
NV0001345,Female,Married,4,Bachelor's Degree,Full-time Employee,2-5 years,Technology,29790,28000,0,3500,Exceptional (800-850),825,Discharged 2-7 years ago,0,5,Personal Loan,Major Purchase,150,180,20.0,Rural,Real Estate,Rejected
NV0001346,Male,Married,1,Associate Degree,Unemployed,10+ years,Education,95589,80000,0,2000,Very Good (740-799),770,None,0,20,HELOC,Primary Residence,15,360,25.0,Suburban,Real Estate,Approved
NV0001347,Male,Single,0,Bachelor's Degree,Business Owner,10+ years,Government,69462,0,5000,200,Exceptional (800-850),825,None,0,65,Personal Loan,Home Improvement,10,360,20.0,Semiurban,Real Estate,Approved
NV0001348,Male,Single,0,Bachelor's Degree,Government/Military,1-2 years,Education,32368,0,0,0,Exceptional (800-850),825,None,0,5,HELOC,Major Purchase,150,180,20.0,Rural,Real Estate,Approved
NV0001349,Prefer not to say,Married,1,Bachelor's Degree,Independent Contractor,1-2 years,Legal,64379,15000,0,500,Exceptional (800-850),825,None,3,20,Business Loan,Major Purchase,500,360,20.0,Urban,Business Assets,Approved
NV0001350,Male,Single,2,Doctoral Degree,Government/Military,10+ years,Construction,17280,0,0,0,Very Good (740-799),770,None,0,45,Education Loan,Home Improvement,200,360,5.0,Suburban,Real Estate,Manual Review
NV0001351,Female,Single,2,Bachelor's Degree,Full-time Employee,2-5 years,Construction,150622,0,3000,0,Fair (580-669),625,None,0,65,Home Purchase,Medical,250,240,25.0,Urban,Investment Portfolio,Approved
NV0001352,Female,Married,4,High School,Full-time Employee,<6 months,Retail,17719,58000,8000,1500,Fair (580-669),625,Discharged 2-7 years ago,0,65,Debt Consolidation,Investment Property,75,180,10.0,Urban,Real Estate,Approved
NV0001353,Male,Divorced,0,Bachelor's Degree,Government/Military,1-2 years,Technology,19216,0,0,2000,Good (670-739),705,None,2,45,Home Purchase,Medical,30,360,3.5,Urban,Business Assets,Rejected
NV0001354,Female,Married,1,Bachelor's Degree,Full-time Employee,5-10 years,Legal,74223,42000,0,800,Good (670-739),705,None,2,45,Business Loan,Investment Property,150,360,10.0,Urban,Business Assets,Approved
NV0001355,Male,Single,1,High School,Full-time Employee,5-10 years,Healthcare,301995,0,0,1500,Exceptional (800-850),825,Discharged 7+ years ago,0,20,Auto Loan,Primary Residence,150,360,5.0,Semiurban,Vehicle,Approved
NV0001356,Female,Single,1,Master's Degree,Freelancer,6-12 months,Manufacturing,119156,0,0,0,Exceptional (800-850),825,None,0,5,Personal Loan,Medical,150,180,5.0,Suburban,Real Estate,Approved
NV0001357,Female,Married,0,No Formal Education,Government/Military,6-12 months,Other,41386,58000,8000,500,Very Good (740-799),770,Discharged 2-7 years ago,0,45,Home Purchase,Major Purchase,500,360,5.0,Rural,Investment Portfolio,Approved
NV0001358,Male,Married,4,Doctoral Degree,Full-time Employee,10+ years,Retail,29670,15000,0,2000,Good (670-739),705,None,0,85,Home Purchase,Home Improvement,40,360,5.0,Semiurban,Real Estate,Manual Review
NV0001359,Male,Domestic Partnership,3,Associate Degree,Government/Military,5-10 years,Other,81085,42000,0,500,Fair (580-669),625,Discharged 2-7 years ago,4,45,Auto Loan,Home Improvement,10,360,20.0,Semiurban,Real Estate,Rejected
NV0001360,Female,Married,1,Master's Degree,Independent Contractor,5-10 years,Construction,124671,0,3000,500,Good (670-739),705,None,1,5,Home Purchase,Business Capital,400,60,20.0,Rural,Investment Portfolio,Rejected
NV0001361,Non-binary,Married,1,Bachelor's Degree,Self-Employed,5-10 years,Finance,53387,0,0,200,Very Good (740-799),770,None,1,20,Auto Loan,Investment Property,25,360,20.0,Suburban,None (Unsecured),Approved
NV0001362,Male,Single,0,Bachelor's Degree,Government/Military,2-5 years,Manufacturing,52355,0,3000,1000,Exceptional (800-850),825,None,0,45,HELOC,Medical,150,180,10.0,Rural,None (Unsecured),Approved
NV0001363,Female,Married,1,Bachelor's Degree,Full-time Employee,5-10 years,Manufacturing,24592,80000,5000,2500,Fair (580-669),625,None,0,45,Education Loan,Debt Consolidation,300,120,20.0,Semiurban,Vehicle,Rejected
NV0001364,Female,Single,2,Master's Degree,Full-time Employee,2-5 years,Other,33217,0,0,800,Very Good (740-799),770,None,2,45,Business Loan,Debt Consolidation,40,360,3.5,Rural,Vehicle,Approved
NV0001365,Female,Divorced,1,Bachelor's Degree,Full-time Employee,1-2 years,Finance,60060,0,0,0,Fair (580-669),625,Discharged 2-7 years ago,0,20,Home Purchase,Major Purchase,250,120,20.0,Rural,None (Unsecured),Rejected
NV0001366,Male,Married,4,Bachelor's Degree,Self-Employed,5-10 years,Government,25164,58000,0,3000,Good (670-739),705,None,4,5,Auto Loan,Investment Property,40,480,5.0,Urban,Vehicle,Rejected
NV0001367,Female,Married,1,Bachelor's Degree,Self-Employed,2-5 years,Education,30023,42000,0,0,Fair (580-669),625,None,0,85,Debt Consolidation,Major Purchase,200,60,20.0,Urban,Vehicle,Rejected
NV0001368,Female,Single,0,Bachelor's Degree,Freelancer,10+ years,Retail,31672,0,0,800,Poor (500-579),540,None,0,45,Debt Consolidation,Vacation Home,15,360,10.0,Rural,None (Unsecured),Approved
NV0001369,Male,Single,2,Associate Degree,Freelancer,2-5 years,Legal,54422,0,5000,200,Poor (500-579),540,None,1,5,Personal Loan,Home Improvement,100,120,20.0,Suburban,Real Estate,Approved
NV0001370,Male,Married,0,Master's Degree,Self-Employed,10+ years,Manufacturing,16970,0,5000,4000,Good (670-739),705,None,0,20,Home Purchase,Medical,150,360,25.0,Semiurban,Real Estate,Rejected
NV0001371,Prefer not to say,Single,1,Bachelor's Degree,Freelancer,10+ years,Other,69532,0,0,2000,Good (670-739),705,None,0,65,Home Purchase,Medical,75,84,20.0,Suburban,Investment Portfolio,Approved
NV0001372,Male,Married,0,Bachelor's Degree,Full-time Employee,1-2 years,Education,223053,0,8000,1000,Very Good (740-799),770,Discharged 7+ years ago,0,65,Home Purchase,Major Purchase,150,360,3.5,Urban,Real Estate,Approved
NV0001373,Female,Single,1,High School,Full-time Employee,5-10 years,Construction,17754,0,0,1500,Poor (500-579),540,None,1,20,Personal Loan,Primary Residence,400,360,5.0,Semiurban,Real Estate,Rejected
NV0001374,Male,Married,2,Bachelor's Degree,Government/Military,2-5 years,Legal,73676,15000,3000,1000,Good (670-739),705,None,0,5,Home Refinance,Medical,150,480,25.0,Semiurban,Vehicle,Approved
NV0001375,Male,Domestic Partnership,1,High School,Full-time Employee,10+ years,Other,130794,28000,0,0,Exceptional (800-850),825,None,0,5,Auto Loan,Debt Consolidation,600,360,10.0,Suburban,Vehicle,Approved
NV0001376,Female,Married,2,High School,Full-time Employee,2-5 years,Retail,44559,28000,0,2000,Very Good (740-799),770,None,1,20,Home Refinance,Major Purchase,50,120,30.0,Urban,None (Unsecured),Approved
NV0001377,Male,Married,1,Bachelor's Degree,Independent Contractor,5-10 years,Healthcare,23698,0,5000,800,Exceptional (800-850),825,None,0,45,Auto Loan,Vacation Home,75,84,10.0,Semiurban,Real Estate,Rejected
NV0001378,Male,Single,0,Bachelor's Degree,Full-time Employee,2-5 years,Manufacturing,19198,0,0,1500,Good (670-739),705,None,3,20,Personal Loan,Home Improvement,30,360,30.0,Urban,Real Estate,Rejected
NV0001379,Male,Single,2,Bachelor's Degree,Government/Military,1-2 years,Construction,85300,0,0,0,Good (670-739),705,None,0,45,Debt Consolidation,Business Capital,800,180,30.0,Semiurban,Real Estate,Rejected
NV0001380,Female,Married,0,High School,Full-time Employee,1-2 years,Retail,64701,0,0,0,Very Good (740-799),770,None,1,45,Business Loan,Medical,15,360,20.0,Suburban,Investment Portfolio,Approved
NV0001381,Male,Married,0,Bachelor's Degree,Full-time Employee,2-5 years,Technology,33525,58000,0,1000,Exceptional (800-850),825,None,0,5,HELOC,Business Capital,40,480,0.0,Urban,Investment Portfolio,Approved
NV0001382,Male,Married,1,High School,Full-time Employee,5-10 years,Construction,123898,28000,3000,800,Very Poor (300-499),420,None,1,5,Debt Consolidation,Vacation Home,30,360,10.0,Suburban,Vehicle,Rejected
NV0001383,Prefer not to say,Single,0,No Formal Education,Self-Employed,5-10 years,Legal,101024,0,5000,200,Fair (580-669),625,None,1,20,Personal Loan,Business Capital,40,360,25.0,Suburban,Real Estate,Approved
NV0001384,Male,Single,0,Bachelor's Degree,Full-time Employee,5-10 years,Technology,40789,0,0,200,Fair (580-669),625,None,3,5,Auto Loan,Major Purchase,400,360,25.0,Urban,Investment Portfolio,Rejected
NV0001385,Female,Single,2,Bachelor's Degree,Self-Employed,1-2 years,Construction,94551,0,0,1500,Very Good (740-799),770,None,0,5,Personal Loan,Home Improvement,40,360,5.0,Rural,Vehicle,Approved
NV0001386,Male,Domestic Partnership,1,Bachelor's Degree,Government/Military,2-5 years,Other,43656,58000,0,0,Fair (580-669),625,None,0,45,Home Purchase,Home Improvement,400,360,10.0,Urban,Real Estate,Approved
NV0001387,Female,Single,1,High School,Retired,<6 months,Healthcare,73617,0,3000,800,Good (670-739),705,None,1,45,Home Purchase,Investment Property,50,240,25.0,Urban,Vehicle,Approved
NV0001388,Male,Married,4,No Formal Education,Full-time Employee,5-10 years,Education,25318,28000,0,1000,Very Good (740-799),770,None,0,45,HELOC,Investment Property,250,480,20.0,Rural,Vehicle,Approved
NV0001389,Prefer not to say,Single,1,Associate Degree,Part-time Employee,10+ years,Healthcare,84667,0,3000,500,Exceptional (800-850),825,None,0,45,Home Purchase,Business Capital,75,180,25.0,Rural,None (Unsecured),Approved
NV0001390,Male,Married,3,Bachelor's Degree,Self-Employed,2-5 years,Healthcare,30572,42000,12000,3000,Very Good (740-799),770,None,3,45,HELOC,Primary Residence,40,360,25.0,Semiurban,Business Assets,Manual Review
NV0001391,Male,Married,0,Bachelor's Degree,Retired,<6 months,Other,63262,15000,0,0,Exceptional (800-850),825,None,0,45,Home Purchase,Primary Residence,50,180,25.0,Urban,Investment Portfolio,Approved
NV0001392,Male,Divorced,1,High School,Unemployed,1-2 years,Finance,32447,0,0,3500,No History,300,None,4,20,Debt Consolidation,Medical,50,120,3.5,Suburban,None (Unsecured),Rejected
NV0001393,Male,Divorced,3,Master's Degree,Full-time Employee,5-10 years,Construction,95949,0,3000,2000,Exceptional (800-850),825,None,0,85,HELOC,Business Capital,30,360,3.5,Rural,Investment Portfolio,Approved
NV0001394,Male,Married,1,Bachelor's Degree,Business Owner,5-10 years,Education,26389,58000,0,800,Good (670-739),705,Discharged 2-7 years ago,1,5,Home Purchase,Vacation Home,30,240,0.0,Urban,None (Unsecured),Manual Review
NV0001395,Male,Divorced,2,Associate Degree,Full-time Employee,5-10 years,Government,31317,0,0,4000,Good (670-739),705,None,0,5,Home Purchase,Investment Property,25,360,30.0,Semiurban,Real Estate,Rejected
NV0001396,Female,Widowed,0,High School,Full-time Employee,1-2 years,Other,32417,0,3000,2000,Very Good (740-799),770,None,0,20,Debt Consolidation,Home Improvement,40,360,20.0,Urban,Vehicle,Rejected
NV0001397,Male,Domestic Partnership,0,High School,Full-time Employee,5-10 years,Finance,17211,42000,3000,4000,Good (670-739),705,Discharged 2-7 years ago,4,85,Home Purchase,Investment Property,100,360,0.0,Urban,Investment Portfolio,Rejected
NV0001398,Male,Domestic Partnership,1,Master's Degree,Part-time Employee,5-10 years,Other,92662,58000,0,800,Exceptional (800-850),825,None,0,85,Home Refinance,Business Capital,40,120,10.0,Semiurban,Vehicle,Approved
NV0001399,Female,Single,1,Bachelor's Degree,Part-time Employee,2-5 years,Finance,265381,0,0,800,Fair (580-669),625,None,2,45,HELOC,Home Improvement,150,360,10.0,Semiurban,Real Estate,Approved
NV0001400,Female,Married,3,Associate Degree,Full-time Employee,2-5 years,Healthcare,92739,28000,0,1000,Very Good (740-799),770,Discharged under 2 years,1,45,Home Purchase,Investment Property,800,360,25.0,Urban,Real Estate,Rejected
NV0001401,Male,Single,0,High School,Independent Contractor,1-2 years,Manufacturing,159196,0,8000,0,Good (670-739),705,Discharged under 2 years,0,20,Home Purchase,Home Improvement,40,240,20.0,Rural,Real Estate,Approved
NV0001402,Male,Single,4,Bachelor's Degree,Full-time Employee,2-5 years,Manufacturing,18249,0,5000,4000,Fair (580-669),625,None,3,85,Home Refinance,Business Capital,50,360,20.0,Urban,Real Estate,Rejected
NV0001403,Male,Widowed,3,Bachelor's Degree,Self-Employed,10+ years,Technology,23178,0,5000,1500,Poor (500-579),540,None,0,45,Home Purchase,Vacation Home,25,360,0.0,Semiurban,Real Estate,Rejected
NV0001404,Female,Married,0,Bachelor's Degree,Full-time Employee,2-5 years,Government,60741,15000,3000,1500,Fair (580-669),625,None,2,85,Home Purchase,Investment Property,50,360,25.0,Urban,Vehicle,Approved
NV0001405,Female,Married,0,Bachelor's Degree,Full-time Employee,10+ years,Education,279351,28000,0,4000,Good (670-739),705,Discharged 7+ years ago,0,20,Personal Loan,Debt Consolidation,150,360,5.0,Semiurban,None (Unsecured),Approved
NV0001406,Male,Domestic Partnership,3,Associate Degree,Full-time Employee,5-10 years,Finance,83829,58000,0,10000,Very Good (740-799),770,Discharged 7+ years ago,2,20,Home Purchase,Debt Consolidation,25,120,20.0,Urban,Investment Portfolio,Rejected
NV0001407,Female,Domestic Partnership,4,Bachelor's Degree,Full-time Employee,1-2 years,Construction,53065,0,0,0,Good (670-739),705,None,1,65,Home Purchase,Home Improvement,25,360,0.0,Rural,Business Assets,Approved
NV0001408,Female,Widowed,1,No Formal Education,Self-Employed,5-10 years,Healthcare,29976,0,5000,2000,Fair (580-669),625,None,0,5,Education Loan,Vacation Home,40,360,0.0,Semiurban,None (Unsecured),Rejected
NV0001409,Female,Single,0,High School,Full-time Employee,2-5 years,Legal,33984,0,0,1000,Poor (500-579),540,None,1,85,HELOC,Home Improvement,250,360,0.0,Urban,Vehicle,Rejected
NV0001410,Female,Single,1,Bachelor's Degree,Self-Employed,2-5 years,Construction,55473,0,5000,800,Exceptional (800-850),825,None,0,20,Auto Loan,Vacation Home,100,360,20.0,Urban,Real Estate,Approved
NV0001411,Male,Married,2,Bachelor's Degree,Full-time Employee,6-12 months,Construction,97199,58000,5000,7500,Very Good (740-799),770,None,0,65,Personal Loan,Business Capital,500,360,20.0,Semiurban,Real Estate,Rejected
NV0001412,Male,Single,0,Bachelor's Degree,Independent Contractor,2-5 years,Finance,18334,0,8000,3000,Fair (580-669),625,None,0,20,Personal Loan,Primary Residence,400,360,0.0,Urban,None (Unsecured),Rejected
NV0001413,Male,Single,2,Associate Degree,Business Owner,6-12 months,Education,124846,0,5000,2000,Very Good (740-799),770,None,0,45,Debt Consolidation,Investment Property,20,360,5.0,Semiurban,Real Estate,Approved
NV0001414,Male,Married,0,Master's Degree,Full-time Employee,6-12 months,Healthcare,224851,28000,0,500,Very Good (740-799),770,None,0,20,HELOC,Vacation Home,10,360,25.0,Semiurban,Investment Portfolio,Approved
NV0001415,Male,Married,0,Bachelor's Degree,Part-time Employee,2-5 years,Healthcare,160223,15000,0,1500,Very Good (740-799),770,None,0,45,Home Purchase,Business Capital,50,360,3.5,Rural,Real Estate,Approved
NV0001416,Non-binary,Married,1,Bachelor's Degree,Full-time Employee,2-5 years,Education,171775,28000,0,1000,Good (670-739),705,None,0,20,Home Purchase,Home Improvement,75,360,5.0,Suburban,None (Unsecured),Approved
NV0001417,Male,Married,0,Associate Degree,Self-Employed,10+ years,Manufacturing,17134,58000,0,200,No History,300,None,0,85,Home Refinance,Medical,75,360,10.0,Semiurban,Vehicle,Rejected
NV0001418,Male,Married,0,Associate Degree,Full-time Employee,2-5 years,Retail,273080,0,0,800,Good (670-739),705,None,0,45,Debt Consolidation,Medical,20,120,25.0,Rural,Business Assets,Approved
NV0001419,Male,Single,1,High School,Self-Employed,5-10 years,Technology,54340,0,0,200,Very Good (740-799),770,None,1,20,Personal Loan,Primary Residence,20,120,5.0,Rural,Real Estate,Approved
NV0001420,Non-binary,Single,0,Bachelor's Degree,Self-Employed,2-5 years,Other,167260,0,8000,1000,Exceptional (800-850),825,Discharged 2-7 years ago,1,65,HELOC,Medical,10,360,30.0,Suburban,Real Estate,Approved
NV0001421,Male,Married,0,Associate Degree,Retired,5-10 years,Technology,33188,28000,0,2000,Exceptional (800-850),825,None,0,20,Auto Loan,Home Improvement,250,360,10.0,Urban,Vehicle,Approved
NV0001422,Male,Married,0,Bachelor's Degree,Self-Employed,1-2 years,Manufacturing,54991,0,3000,0,Good (670-739),705,None,2,20,Education Loan,Debt Consolidation,500,120,10.0,Suburban,None (Unsecured),Rejected
NV0001423,Male,Married,4,Bachelor's Degree,Self-Employed,10+ years,Finance,18583,28000,0,2500,Good (670-739),705,None,1,5,Debt Consolidation,Debt Consolidation,20,360,3.5,Suburban,Vehicle,Rejected
NV0001424,Male,Single,1,Bachelor's Degree,Full-time Employee,2-5 years,Finance,18391,0,12000,0,Very Good (740-799),770,Discharged 7+ years ago,1,65,Home Purchase,Investment Property,25,120,20.0,Semiurban,None (Unsecured),Approved
NV0001425,Prefer not to say,Domestic Partnership,1,Bachelor's Degree,Retired,10+ years,Government,208619,80000,0,1000,Fair (580-669),625,None,0,20,Auto Loan,Major Purchase,15,360,5.0,Urban,Business Assets,Approved
NV0001426,Prefer not to say,Married,1,Bachelor's Degree,Freelancer,2-5 years,Technology,124341,0,0,1000,Fair (580-669),625,None,0,20,Auto Loan,Investment Property,300,360,20.0,Suburban,Business Assets,Approved
NV0001427,Male,Married,4,High School,Full-time Employee,6-12 months,Technology,64024,42000,0,2000,Very Good (740-799),770,None,2,65,Auto Loan,Medical,500,360,5.0,Rural,Vehicle,Approved
NV0001428,Non-binary,Married,0,Associate Degree,Government/Military,5-10 years,Other,66250,0,5000,2000,Very Good (740-799),770,None,2,45,Debt Consolidation,Primary Residence,30,360,10.0,Semiurban,Real Estate,Approved
NV0001429,Female,Domestic Partnership,2,Bachelor's Degree,Part-time Employee,<6 months,Finance,98506,42000,0,800,No History,300,Discharged 2-7 years ago,0,5,Business Loan,Medical,30,480,25.0,Rural,Real Estate,Rejected
NV0001430,Female,Married,2,Bachelor's Degree,Freelancer,2-5 years,Construction,39631,0,5000,0,Very Good (740-799),770,None,0,45,Personal Loan,Debt Consolidation,40,360,20.0,Urban,None (Unsecured),Approved
NV0001431,Male,Married,1,Associate Degree,Freelancer,1-2 years,Technology,93704,0,3000,2000,Fair (580-669),625,None,1,65,Personal Loan,Business Capital,75,360,3.5,Urban,None (Unsecured),Approved
NV0001432,Male,Widowed,0,Bachelor's Degree,Full-time Employee,5-10 years,Other,69414,0,0,1000,Good (670-739),705,None,1,5,Auto Loan,Vacation Home,150,360,20.0,Semiurban,Investment Portfolio,Approved
NV0001433,Male,Married,2,Associate Degree,Business Owner,10+ years,Education,73916,0,0,500,Fair (580-669),625,None,2,65,Home Purchase,Debt Consolidation,75,480,20.0,Semiurban,Real Estate,Approved
NV0001434,Female,Married,0,Associate Degree,Full-time Employee,2-5 years,Legal,262324,28000,5000,200,Fair (580-669),625,None,0,20,Personal Loan,Major Purchase,500,360,0.0,Suburban,Real Estate,Approved
NV0001435,Male,Married,1,High School,Full-time Employee,5-10 years,Education,64431,80000,0,0,Good (670-739),705,Discharged 7+ years ago,0,45,Home Purchase,Investment Property,15,360,20.0,Semiurban,None (Unsecured),Approved
NV0001436,Male,Married,2,Master's Degree,Full-time Employee,2-5 years,Other,50027,80000,8000,500,Fair (580-669),625,Discharged 2-7 years ago,0,20,Debt Consolidation,Home Improvement,200,240,5.0,Suburban,Real Estate,Approved
NV0001437,Male,Single,0,Associate Degree,Business Owner,2-5 years,Construction,157589,0,0,800,Poor (500-579),540,None,0,45,Personal Loan,Medical,40,360,20.0,Urban,Business Assets,Approved
NV0001438,Female,Married,3,Associate Degree,Full-time Employee,10+ years,Government,150206,42000,3000,800,Good (670-739),705,None,0,5,Auto Loan,Primary Residence,40,360,20.0,Semiurban,Real Estate,Approved
NV0001439,Male,Divorced,0,Associate Degree,Full-time Employee,10+ years,Finance,376378,0,3000,1000,Very Good (740-799),770,None,2,45,Personal Loan,Major Purchase,150,360,3.5,Urban,Vehicle,Approved
NV0001440,Female,Divorced,3,High School,Business Owner,5-10 years,Government,68126,0,3000,500,Very Good (740-799),770,None,0,5,Personal Loan,Debt Consolidation,400,240,3.5,Semiurban,Business Assets,Approved
NV0001441,Prefer not to say,Married,1,Bachelor's Degree,Full-time Employee,2-5 years,Government,43741,80000,0,4000,Fair (580-669),625,None,2,20,Home Purchase,Vacation Home,150,360,5.0,Suburban,Real Estate,Rejected
NV0001442,Male,Married,0,High School,Full-time Employee,2-5 years,Other,39340,58000,8000,800,Good (670-739),705,None,0,5,Personal Loan,Major Purchase,200,360,30.0,Urban,Real Estate,Approved
NV0001443,Female,Single,0,High School,Full-time Employee,1-2 years,Finance,18483,0,5000,800,Exceptional (800-850),825,None,0,65,Debt Consolidation,Business Capital,200,360,20.0,Suburban,None (Unsecured),Rejected
NV0001444,Male,Widowed,3,Bachelor's Degree,Full-time Employee,2-5 years,Healthcare,101748,0,0,0,Exceptional (800-850),825,None,0,20,Debt Consolidation,Business Capital,40,360,0.0,Urban,Investment Portfolio,Approved
NV0001445,Female,Widowed,0,Bachelor's Degree,Part-time Employee,2-5 years,Legal,33092,0,3000,1000,Good (670-739),705,None,0,20,Auto Loan,Vacation Home,200,120,10.0,Urban,Business Assets,Rejected
NV0001446,Male,Married,0,Bachelor's Degree,Full-time Employee,10+ years,Technology,79672,28000,0,1500,Very Good (740-799),770,None,2,20,Home Purchase,Vacation Home,200,180,5.0,Urban,Business Assets,Approved
NV0001447,Female,Domestic Partnership,0,Bachelor's Degree,Unemployed,10+ years,Government,154111,15000,8000,1000,Good (670-739),705,None,0,45,Home Refinance,Primary Residence,75,60,20.0,Rural,Real Estate,Approved
NV0001448,Female,Married,2,Associate Degree,Business Owner,2-5 years,Education,215499,0,8000,3500,Fair (580-669),625,None,0,20,Home Purchase,Business Capital,75,60,20.0,Urban,Real Estate,Approved
NV0001449,Non-binary,Married,1,Bachelor's Degree,Full-time Employee,<6 months,Healthcare,17629,0,0,2000,Good (670-739),705,Discharged 7+ years ago,0,45,Home Purchase,Vacation Home,200,180,30.0,Rural,Vehicle,Rejected
NV0001450,Female,Single,0,High School,Full-time Employee,10+ years,Healthcare,40111,0,0,3500,Exceptional (800-850),825,None,0,5,Home Refinance,Vacation Home,250,360,5.0,Rural,Real Estate,Rejected
NV0001451,Male,Married,0,Bachelor's Degree,Part-time Employee,1-2 years,Construction,123172,15000,12000,0,Exceptional (800-850),825,Discharged 7+ years ago,1,5,Auto Loan,Business Capital,40,360,20.0,Urban,Vehicle,Approved
NV0001452,Female,Married,0,Bachelor's Degree,Independent Contractor,5-10 years,Government,67738,15000,0,500,Very Good (740-799),770,None,0,20,Personal Loan,Debt Consolidation,200,360,20.0,Semiurban,Business Assets,Approved
NV0001453,Female,Married,0,Associate Degree,Full-time Employee,<6 months,Government,124515,15000,12000,500,Very Good (740-799),770,None,1,85,Home Purchase,Primary Residence,250,360,25.0,Semiurban,Real Estate,Approved
NV0001454,Female,Married,1,Bachelor's Degree,Full-time Employee,2-5 years,Retail,120997,28000,3000,1500,Good (670-739),705,None,1,5,Business Loan,Business Capital,30,360,10.0,Suburban,Investment Portfolio,Approved
NV0001455,Male,Divorced,2,Master's Degree,Government/Military,10+ years,Other,54761,0,0,800,Good (670-739),705,Discharged 2-7 years ago,0,5,Home Purchase,Business Capital,150,480,20.0,Urban,Real Estate,Approved
NV0001456,Non-binary,Single,0,No Formal Education,Full-time Employee,6-12 months,Construction,55175,0,0,2500,Very Good (740-799),770,None,0,5,Business Loan,Home Improvement,25,360,10.0,Urban,Real Estate,Approved
NV0001457,Female,Married,0,Bachelor's Degree,Full-time Employee,2-5 years,Healthcare,51444,80000,0,500,Exceptional (800-850),825,Discharged 7+ years ago,1,45,Education Loan,Business Capital,15,84,10.0,Semiurban,Vehicle,Approved
NV0001458,Female,Married,1,Bachelor's Degree,Government/Military,2-5 years,Healthcare,78396,42000,5000,200,Exceptional (800-850),825,None,1,20,Home Refinance,Home Improvement,100,180,25.0,Rural,Business Assets,Approved
NV0001459,Male,Married,4,Associate Degree,Independent Contractor,10+ years,Retail,52937,58000,0,500,No History,300,None,0,65,Home Purchase,Vacation Home,400,60,30.0,Rural,Real Estate,Rejected
NV0001460,Female,Married,3,Associate Degree,Full-time Employee,10+ years,Technology,92927,80000,0,200,Good (670-739),705,None,0,5,Auto Loan,Major Purchase,10,360,20.0,Suburban,Vehicle,Approved
NV0001461,Male,Single,2,Bachelor's Degree,Independent Contractor,1-2 years,Manufacturing,164897,0,8000,200,Poor (500-579),540,None,0,5,Personal Loan,Business Capital,250,360,10.0,Suburban,Investment Portfolio,Approved
NV0001462,Female,Single,0,Bachelor's Degree,Full-time Employee,6-12 months,Education,43896,0,0,200,Fair (580-669),625,Discharged 2-7 years ago,0,20,Home Purchase,Investment Property,75,240,25.0,Urban,Real Estate,Approved
NV0001463,Male,Married,0,Master's Degree,Business Owner,5-10 years,Manufacturing,275405,28000,0,0,Good (670-739),705,None,0,45,Auto Loan,Primary Residence,300,360,0.0,Semiurban,Vehicle,Approved
NV0001464,Female,Married,0,Bachelor's Degree,Part-time Employee,2-5 years,Government,75835,28000,0,2000,Fair (580-669),625,None,0,45,Home Purchase,Medical,250,360,3.5,Rural,None (Unsecured),Approved
NV0001465,Prefer not to say,Single,0,Bachelor's Degree,Freelancer,5-10 years,Finance,147937,0,0,500,Exceptional (800-850),825,None,0,5,Home Purchase,Investment Property,300,480,20.0,Suburban,Vehicle,Approved
NV0001466,Male,Married,1,Bachelor's Degree,Unemployed,<6 months,Construction,25548,58000,0,0,Good (670-739),705,None,0,85,HELOC,Primary Residence,200,60,5.0,Urban,Real Estate,Rejected
NV0001467,Prefer not to say,Married,2,Master's Degree,Retired,6-12 months,Government,40447,0,0,500,Very Good (740-799),770,None,0,20,Auto Loan,Primary Residence,250,120,30.0,Semiurban,Investment Portfolio,Rejected
NV0001468,Male,Married,3,Bachelor's Degree,Retired,5-10 years,Technology,41757,80000,0,4000,Fair (580-669),625,None,2,45,Personal Loan,Debt Consolidation,25,240,10.0,Suburban,Vehicle,Rejected
NV0001469,Female,Domestic Partnership,3,Bachelor's Degree,Self-Employed,1-2 years,Manufacturing,41236,58000,0,1000,Exceptional (800-850),825,None,0,20,Home Purchase,Business Capital,30,60,10.0,Semiurban,Real Estate,Approved
NV0001470,Female,Single,0,Bachelor's Degree,Full-time Employee,10+ years,Government,30335,0,3000,7500,Fair (580-669),625,None,3,5,Home Purchase,Vacation Home,30,360,20.0,Semiurban,Real Estate,Rejected
NV0001471,Female,Single,2,Master's Degree,Part-time Employee,<6 months,Education,160214,0,3000,1000,Exceptional (800-850),825,None,0,65,Home Purchase,Debt Consolidation,200,84,20.0,Suburban,Real Estate,Approved
NV0001472,Female,Married,0,High School,Independent Contractor,1-2 years,Healthcare,51663,42000,0,5000,Poor (500-579),540,None,1,45,Auto Loan,Business Capital,20,360,20.0,Suburban,Real Estate,Rejected
NV0001473,Female,Married,0,Master's Degree,Government/Military,10+ years,Other,285561,15000,0,200,Very Good (740-799),770,None,0,20,Auto Loan,Major Purchase,25,84,5.0,Urban,Real Estate,Approved
NV0001474,Male,Married,2,Bachelor's Degree,Full-time Employee,2-5 years,Legal,62419,15000,0,500,Good (670-739),705,None,1,20,Auto Loan,Medical,300,180,20.0,Urban,Vehicle,Approved
NV0001475,Male,Domestic Partnership,0,Bachelor's Degree,Retired,5-10 years,Government,23858,58000,0,2000,Good (670-739),705,None,0,20,Personal Loan,Investment Property,150,360,10.0,Semiurban,Real Estate,Approved
NV0001476,Female,Domestic Partnership,1,Bachelor's Degree,Freelancer,1-2 years,Technology,68269,28000,0,7500,Very Good (740-799),770,None,0,45,Personal Loan,Investment Property,300,480,3.5,Suburban,None (Unsecured),Rejected
NV0001477,Female,Divorced,0,Bachelor's Degree,Unemployed,5-10 years,Construction,412940,0,8000,3000,Good (670-739),705,None,3,20,Home Purchase,Home Improvement,20,360,20.0,Suburban,Investment Portfolio,Approved
NV0001478,Female,Married,2,High School,Government/Military,5-10 years,Finance,67830,58000,0,1000,Very Poor (300-499),420,None,0,65,Home Purchase,Major Purchase,50,480,0.0,Rural,None (Unsecured),Rejected
NV0001479,Female,Married,2,Master's Degree,Full-time Employee,2-5 years,Education,16915,0,0,0,Exceptional (800-850),825,None,3,5,Personal Loan,Medical,30,360,30.0,Semiurban,Vehicle,Approved
NV0001480,Male,Married,0,Bachelor's Degree,Full-time Employee,10+ years,Retail,200727,42000,3000,500,Poor (500-579),540,None,0,5,Home Purchase,Major Purchase,10,360,20.0,Urban,Real Estate,Approved
NV0001481,Female,Single,2,Bachelor's Degree,Full-time Employee,5-10 years,Technology,32386,0,3000,0,Good (670-739),705,None,0,20,Personal Loan,Business Capital,30,360,30.0,Rural,Vehicle,Approved
NV0001482,Male,Married,0,High School,Full-time Employee,2-5 years,Manufacturing,84572,28000,12000,500,Fair (580-669),625,None,0,5,Auto Loan,Debt Consolidation,40,240,10.0,Semiurban,Business Assets,Approved
NV0001483,Male,Single,1,Bachelor's Degree,Self-Employed,2-5 years,Other,69077,0,0,200,Very Good (740-799),770,None,1,20,Auto Loan,Business Capital,15,180,30.0,Rural,Real Estate,Approved
NV0001484,Male,Divorced,2,Bachelor's Degree,Freelancer,5-10 years,Manufacturing,44230,0,0,500,Good (670-739),705,None,0,5,Home Refinance,Debt Consolidation,75,360,3.5,Rural,Real Estate,Approved
NV0001485,Male,Married,2,Bachelor's Degree,Government/Military,1-2 years,Healthcare,38931,28000,0,3000,Poor (500-579),540,Discharged under 2 years,3,45,Personal Loan,Major Purchase,40,360,0.0,Semiurban,Real Estate,Rejected
NV0001486,Male,Married,4,Bachelor's Degree,Independent Contractor,2-5 years,Other,220781,28000,0,0,Very Good (740-799),770,None,0,5,Debt Consolidation,Debt Consolidation,10,120,0.0,Suburban,Real Estate,Approved
NV0001487,Male,Married,0,Bachelor's Degree,Full-time Employee,2-5 years,Manufacturing,170216,42000,0,500,Good (670-739),705,None,1,45,Education Loan,Home Improvement,150,84,20.0,Urban,Real Estate,Approved
NV0001488,Female,Single,2,Doctoral Degree,Full-time Employee,2-5 years,Construction,60390,0,8000,200,Exceptional (800-850),825,None,0,20,Home Purchase,Business Capital,150,360,0.0,Rural,Real Estate,Approved
NV0001489,Male,Single,1,Bachelor's Degree,Full-time Employee,5-10 years,Manufacturing,41437,0,3000,500,Exceptional (800-850),825,None,0,85,Auto Loan,Medical,250,360,20.0,Semiurban,Real Estate,Approved
NV0001490,Male,Married,3,Master's Degree,Full-time Employee,2-5 years,Education,25146,15000,0,500,Good (670-739),705,None,0,85,Debt Consolidation,Medical,75,360,10.0,Rural,Investment Portfolio,Approved
NV0001491,Male,Single,0,High School,Self-Employed,10+ years,Education,30631,0,0,200,Fair (580-669),625,None,0,65,Home Refinance,Debt Consolidation,600,360,10.0,Rural,Real Estate,Rejected
NV0001492,Male,Married,2,Bachelor's Degree,Full-time Employee,2-5 years,Legal,65173,80000,8000,5000,Good (670-739),705,None,0,45,Home Purchase,Debt Consolidation,400,360,20.0,Urban,Investment Portfolio,Approved
NV0001493,Male,Divorced,1,Bachelor's Degree,Full-time Employee,2-5 years,Manufacturing,44593,0,0,800,Exceptional (800-850),825,None,0,20,Home Refinance,Medical,75,360,3.5,Urban,Vehicle,Approved
NV0001494,Male,Divorced,0,Bachelor's Degree,Full-time Employee,5-10 years,Construction,19056,0,8000,0,Good (670-739),705,Discharged 7+ years ago,0,45,Home Refinance,Major Purchase,50,360,20.0,Urban,Vehicle,Approved
NV0001495,Female,Married,1,Master's Degree,Independent Contractor,2-5 years,Construction,55659,58000,3000,800,Very Good (740-799),770,None,0,85,Home Purchase,Medical,10,360,20.0,Urban,Real Estate,Approved
NV0001496,Female,Single,0,High School,Part-time Employee,2-5 years,Government,99745,0,12000,200,Good (670-739),705,None,0,5,Business Loan,Major Purchase,150,360,25.0,Rural,Vehicle,Approved
NV0001497,Female,Domestic Partnership,1,High School,Part-time Employee,<6 months,Finance,157710,42000,8000,200,Poor (500-579),540,None,0,20,Auto Loan,Debt Consolidation,75,360,10.0,Urban,Real Estate,Approved
NV0001498,Male,Divorced,3,Master's Degree,Part-time Employee,2-5 years,Other,66724,0,0,500,Fair (580-669),625,None,0,5,Home Purchase,Debt Consolidation,500,360,30.0,Semiurban,Vehicle,Approved
NV0001499,Male,Single,1,Associate Degree,Unemployed,1-2 years,Technology,98668,0,5000,0,Exceptional (800-850),825,None,4,20,HELOC,Business Capital,100,360,20.0,Urban,Vehicle,Manual Review
NV0001500,Female,Married,2,Bachelor's Degree,Full-time Employee,10+ years,Retail,48188,0,0,2000,Poor (500-579),540,None,3,20,Auto Loan,Business Capital,1000,180,30.0,Semiurban,Real Estate,Rejected
NV0001501,Male,Single,1,Bachelor's Degree,Self-Employed,2-5 years,Other,67287,0,0,2500,Good (670-739),705,None,0,20,Personal Loan,Major Purchase,250,360,0.0,Rural,Real Estate,Manual Review
NV0001502,Male,Domestic Partnership,0,Master's Degree,Business Owner,10+ years,Other,96495,42000,0,500,Fair (580-669),625,None,4,20,Home Purchase,Investment Property,500,180,20.0,Urban,Real Estate,Rejected
NV0001503,Male,Widowed,0,High School,Self-Employed,5-10 years,Healthcare,92785,0,0,1500,Exceptional (800-850),825,None,1,85,Business Loan,Vacation Home,40,60,25.0,Rural,Real Estate,Approved
NV0001504,Male,Single,1,High School,Retired,2-5 years,Other,48011,0,0,500,Good (670-739),705,Discharged 2-7 years ago,0,20,Home Refinance,Investment Property,20,360,0.0,Suburban,Real Estate,Approved
NV0001505,Male,Divorced,0,Bachelor's Degree,Full-time Employee,2-5 years,Healthcare,69486,0,0,200,Very Good (740-799),770,None,0,65,Home Purchase,Debt Consolidation,200,360,20.0,Urban,None (Unsecured),Approved
NV0001506,Male,Married,0,Doctoral Degree,Part-time Employee,10+ years,Government,201669,15000,0,500,Very Good (740-799),770,None,3,20,Personal Loan,Primary Residence,200,60,25.0,Rural,Real Estate,Approved
NV0001507,Female,Divorced,1,Bachelor's Degree,Full-time Employee,10+ years,Finance,79333,0,12000,1000,Exceptional (800-850),825,None,1,20,Home Refinance,Primary Residence,25,180,20.0,Urban,Vehicle,Approved
NV0001508,Male,Married,0,Bachelor's Degree,Self-Employed,1-2 years,Construction,85767,58000,0,0,Exceptional (800-850),825,None,2,20,Home Refinance,Home Improvement,200,360,0.0,Urban,Investment Portfolio,Approved
NV0001509,Female,Domestic Partnership,0,Bachelor's Degree,Full-time Employee,2-5 years,Legal,99480,0,0,1500,Exceptional (800-850),825,Discharged 7+ years ago,2,20,Home Purchase,Investment Property,100,360,20.0,Semiurban,Investment Portfolio,Approved
NV0001510,Female,Single,1,Doctoral Degree,Full-time Employee,2-5 years,Construction,23314,0,0,2000,Very Good (740-799),770,None,0,20,HELOC,Major Purchase,20,180,0.0,Urban,None (Unsecured),Rejected
NV0001511,Female,Married,0,Master's Degree,Self-Employed,<6 months,Manufacturing,65540,58000,0,3000,Exceptional (800-850),825,None,0,20,Personal Loan,Business Capital,75,84,25.0,Suburban,None (Unsecured),Approved
NV0001512,Female,Single,3,No Formal Education,Self-Employed,5-10 years,Retail,196163,0,3000,0,Fair (580-669),625,None,0,20,Personal Loan,Home Improvement,500,360,0.0,Urban,Business Assets,Approved
NV0001513,Non-binary,Divorced,3,High School,Full-time Employee,10+ years,Finance,48631,0,5000,0,Exceptional (800-850),825,None,0,45,Home Refinance,Home Improvement,75,360,3.5,Urban,None (Unsecured),Approved
NV0001514,Male,Domestic Partnership,2,High School,Independent Contractor,2-5 years,Finance,44361,28000,0,0,Good (670-739),705,Discharged 2-7 years ago,0,20,Personal Loan,Primary Residence,200,60,5.0,Semiurban,Real Estate,Rejected
NV0001515,Male,Domestic Partnership,0,Bachelor's Degree,Independent Contractor,5-10 years,Government,77304,28000,0,4000,Exceptional (800-850),825,None,0,20,Debt Consolidation,Investment Property,10,240,20.0,Semiurban,Investment Portfolio,Approved
NV0001516,Male,Divorced,2,Master's Degree,Full-time Employee,5-10 years,Retail,32914,0,3000,2500,Very Poor (300-499),420,None,0,45,Personal Loan,Vacation Home,150,360,30.0,Rural,None (Unsecured),Rejected
NV0001517,Female,Single,2,Associate Degree,Part-time Employee,2-5 years,Manufacturing,65092,0,0,3000,Poor (500-579),540,None,0,5,Auto Loan,Medical,500,120,3.5,Urban,Investment Portfolio,Rejected
NV0001518,Female,Married,2,Associate Degree,Business Owner,1-2 years,Manufacturing,30578,28000,0,1000,Very Good (740-799),770,None,0,20,Home Purchase,Major Purchase,75,180,3.5,Suburban,None (Unsecured),Approved
NV0001519,Male,Single,0,Master's Degree,Self-Employed,5-10 years,Legal,65185,0,3000,1000,Good (670-739),705,None,0,5,Home Purchase,Investment Property,40,360,10.0,Suburban,Real Estate,Approved
NV0001520,Non-binary,Single,2,High School,Full-time Employee,10+ years,Technology,74483,0,3000,500,Exceptional (800-850),825,None,0,5,Auto Loan,Business Capital,100,480,25.0,Semiurban,Vehicle,Approved
NV0001521,Male,Single,2,Bachelor's Degree,Full-time Employee,5-10 years,Construction,50728,0,0,3000,Poor (500-579),540,None,0,5,Home Refinance,Home Improvement,400,180,20.0,Rural,None (Unsecured),Rejected
NV0001522,Non-binary,Married,1,Bachelor's Degree,Self-Employed,<6 months,Other,52189,42000,0,3000,Good (670-739),705,None,1,5,Auto Loan,Debt Consolidation,25,360,10.0,Semiurban,Real Estate,Approved
NV0001523,Male,Single,2,Bachelor's Degree,Retired,1-2 years,Retail,40174,0,3000,500,Exceptional (800-850),825,None,3,5,Home Refinance,Home Improvement,50,360,20.0,Urban,Investment Portfolio,Approved
NV0001524,Male,Single,1,Master's Degree,Independent Contractor,6-12 months,Manufacturing,43076,0,0,500,Very Good (740-799),770,None,0,45,HELOC,Investment Property,20,360,5.0,Urban,Real Estate,Approved
NV0001525,Male,Single,1,Bachelor's Degree,Full-time Employee,5-10 years,Manufacturing,60338,0,5000,2000,Exceptional (800-850),825,None,0,5,Auto Loan,Primary Residence,75,84,10.0,Urban,Investment Portfolio,Approved
NV0001526,Male,Single,0,Bachelor's Degree,Part-time Employee,5-10 years,Technology,41897,0,0,0,Very Good (740-799),770,Discharged 7+ years ago,2,20,HELOC,Medical,75,360,10.0,Suburban,None (Unsecured),Approved
NV0001527,Male,Divorced,2,Bachelor's Degree,Government/Military,6-12 months,Finance,103439,0,0,3000,Good (670-739),705,None,0,65,HELOC,Investment Property,500,360,25.0,Urban,Real Estate,Approved
NV0001528,Male,Married,0,Bachelor's Degree,Full-time Employee,10+ years,Manufacturing,98879,28000,0,800,Good (670-739),705,None,1,45,Auto Loan,Vacation Home,50,480,30.0,Rural,Real Estate,Approved
NV0001529,Female,Divorced,1,Bachelor's Degree,Unemployed,2-5 years,Legal,44517,0,8000,800,Very Good (740-799),770,None,0,20,Business Loan,Major Purchase,75,360,20.0,Urban,Real Estate,Approved
NV0001530,Male,Married,0,Associate Degree,Retired,5-10 years,Manufacturing,25528,42000,5000,1500,Exceptional (800-850),825,Discharged 7+ years ago,2,65,Home Purchase,Major Purchase,300,360,10.0,Rural,None (Unsecured),Approved
NV0001531,Male,Single,1,High School,Full-time Employee,10+ years,Manufacturing,19320,0,8000,1500,Very Good (740-799),770,None,3,20,Home Refinance,Debt Consolidation,40,360,20.0,Urban,Investment Portfolio,Rejected
NV0001532,Female,Married,0,High School,Retired,6-12 months,Technology,77236,28000,0,200,Exceptional (800-850),825,None,1,5,Personal Loan,Debt Consolidation,150,240,3.5,Rural,Real Estate,Approved
NV0001533,Female,Married,2,Associate Degree,Full-time Employee,10+ years,Legal,34246,28000,5000,5000,Fair (580-669),625,None,0,85,Home Purchase,Home Improvement,200,360,20.0,Urban,Real Estate,Rejected
NV0001534,Male,Single,2,Bachelor's Degree,Government/Military,6-12 months,Education,18307,0,5000,7500,Exceptional (800-850),825,None,2,65,Home Purchase,Investment Property,40,360,20.0,Suburban,Business Assets,Rejected
NV0001535,Male,Single,0,Master's Degree,Full-time Employee,2-5 years,Healthcare,54039,0,0,1000,Good (670-739),705,None,2,20,Debt Consolidation,Major Purchase,25,360,25.0,Suburban,Business Assets,Approved
NV0001536,Male,Single,0,Bachelor's Degree,Part-time Employee,10+ years,Technology,298016,0,12000,1000,Very Good (740-799),770,Discharged 2-7 years ago,1,45,Home Refinance,Primary Residence,75,360,5.0,Rural,Real Estate,Approved
NV0001537,Male,Single,0,Master's Degree,Independent Contractor,10+ years,Finance,80655,0,5000,1000,Very Good (740-799),770,None,0,45,Auto Loan,Vacation Home,40,360,20.0,Urban,Real Estate,Approved
NV0001538,Female,Married,3,Bachelor's Degree,Freelancer,2-5 years,Finance,132243,28000,12000,800,Good (670-739),705,None,2,5,Personal Loan,Home Improvement,30,360,20.0,Urban,Business Assets,Approved
NV0001539,Male,Married,1,Bachelor's Degree,Full-time Employee,5-10 years,Retail,32213,15000,5000,5000,Good (670-739),705,Discharged 2-7 years ago,0,5,Home Refinance,Investment Property,600,360,5.0,Suburban,Vehicle,Rejected
NV0001540,Male,Single,1,Bachelor's Degree,Self-Employed,5-10 years,Technology,25396,0,5000,200,Very Good (740-799),770,None,0,20,Business Loan,Primary Residence,75,360,20.0,Urban,None (Unsecured),Approved
NV0001541,Female,Single,0,Associate Degree,Full-time Employee,10+ years,Government,17841,0,8000,0,Good (670-739),705,None,0,65,Home Purchase,Investment Property,250,360,30.0,Urban,Vehicle,Approved
NV0001542,Male,Domestic Partnership,2,High School,Full-time Employee,6-12 months,Technology,198093,42000,0,4000,Good (670-739),705,Discharged 2-7 years ago,0,5,Personal Loan,Primary Residence,25,360,25.0,Semiurban,Investment Portfolio,Approved
NV0001543,Female,Single,3,Bachelor's Degree,Full-time Employee,5-10 years,Education,42359,0,5000,200,Very Good (740-799),770,None,1,45,Home Purchase,Business Capital,500,180,20.0,Urban,Vehicle,Rejected
NV0001544,Male,Married,2,No Formal Education,Part-time Employee,2-5 years,Manufacturing,55972,0,0,2000,Good (670-739),705,None,1,5,Auto Loan,Medical,200,120,0.0,Urban,None (Unsecured),Rejected
NV0001545,Prefer not to say,Domestic Partnership,2,High School,Full-time Employee,2-5 years,Technology,54389,58000,3000,200,Good (670-739),705,None,0,20,Home Purchase,Investment Property,200,360,25.0,Semiurban,Real Estate,Approved
NV0001546,Male,Single,0,High School,Full-time Employee,2-5 years,Government,103959,0,5000,5000,Exceptional (800-850),825,None,1,45,Home Purchase,Investment Property,40,120,20.0,Semiurban,Real Estate,Rejected
NV0001547,Female,Single,0,Master's Degree,Full-time Employee,2-5 years,Other,42963,0,3000,2500,Good (670-739),705,None,3,45,Auto Loan,Business Capital,75,360,10.0,Urban,Real Estate,Rejected
NV0001548,Female,Married,0,Associate Degree,Full-time Employee,10+ years,Government,63418,58000,5000,4000,Exceptional (800-850),825,None,0,5,Home Purchase,Medical,100,360,5.0,Semiurban,None (Unsecured),Approved
NV0001549,Male,Married,0,Master's Degree,Part-time Employee,2-5 years,Finance,378855,42000,0,5000,Exceptional (800-850),825,None,0,20,Auto Loan,Major Purchase,200,360,3.5,Semiurban,Vehicle,Approved
NV0001550,Female,Married,0,Bachelor's Degree,Unemployed,10+ years,Education,49708,58000,0,0,Good (670-739),705,None,0,20,Personal Loan,Home Improvement,250,60,0.0,Rural,Real Estate,Rejected
NV0001551,Non-binary,Domestic Partnership,0,Doctoral Degree,Full-time Employee,1-2 years,Manufacturing,59865,58000,0,800,Poor (500-579),540,None,0,5,Home Purchase,Investment Property,15,84,20.0,Urban,Vehicle,Approved
NV0001552,Female,Single,1,Bachelor's Degree,Retired,5-10 years,Government,66804,0,0,1500,Poor (500-579),540,None,0,5,HELOC,Investment Property,400,120,5.0,Rural,Real Estate,Rejected
NV0001553,Female,Married,3,Bachelor's Degree,Business Owner,5-10 years,Education,131237,28000,3000,2500,Exceptional (800-850),825,None,0,45,Debt Consolidation,Home Improvement,500,120,0.0,Semiurban,Real Estate,Approved
NV0001554,Female,Married,1,Bachelor's Degree,Independent Contractor,5-10 years,Other,40447,15000,0,200,Very Good (740-799),770,Discharged 7+ years ago,0,20,Auto Loan,Home Improvement,100,480,10.0,Semiurban,Real Estate,Approved
NV0001555,Male,Single,2,Bachelor's Degree,Independent Contractor,5-10 years,Legal,29910,0,0,4000,Good (670-739),705,None,4,5,Auto Loan,Debt Consolidation,25,240,20.0,Urban,Investment Portfolio,Rejected
NV0001556,Male,Married,2,Bachelor's Degree,Freelancer,2-5 years,Legal,97371,80000,0,200,Exceptional (800-850),825,None,1,20,Home Purchase,Debt Consolidation,250,240,3.5,Urban,Investment Portfolio,Approved
NV0001557,Female,Single,0,Associate Degree,Full-time Employee,10+ years,Legal,50269,0,0,3500,Fair (580-669),625,None,0,65,Personal Loan,Major Purchase,75,84,0.0,Suburban,Business Assets,Rejected
NV0001558,Male,Married,2,Bachelor's Degree,Self-Employed,10+ years,Other,158742,0,3000,1000,Fair (580-669),625,None,0,5,Home Purchase,Home Improvement,250,360,5.0,Urban,None (Unsecured),Approved
NV0001559,Female,Single,0,Bachelor's Degree,Independent Contractor,6-12 months,Manufacturing,76980,0,3000,1000,Poor (500-579),540,None,0,45,Debt Consolidation,Medical,250,360,20.0,Rural,Vehicle,Approved
NV0001560,Female,Married,2,Master's Degree,Self-Employed,10+ years,Healthcare,63333,42000,0,500,Exceptional (800-850),825,Discharged 7+ years ago,0,5,Debt Consolidation,Vacation Home,15,180,0.0,Suburban,Investment Portfolio,Approved
NV0001561,Male,Married,0,Master's Degree,Government/Military,2-5 years,Healthcare,26630,15000,5000,0,Very Good (740-799),770,None,0,5,Business Loan,Major Purchase,100,360,20.0,Semiurban,Real Estate,Approved
NV0001562,Male,Domestic Partnership,4,Bachelor's Degree,Full-time Employee,1-2 years,Education,97357,58000,0,500,Fair (580-669),625,None,0,5,Personal Loan,Primary Residence,75,360,3.5,Semiurban,Real Estate,Approved
NV0001563,Female,Single,0,High School,Independent Contractor,10+ years,Legal,83654,0,3000,800,Good (670-739),705,None,0,20,Home Refinance,Business Capital,500,180,5.0,Urban,Real Estate,Manual Review
NV0001564,Male,Married,0,Master's Degree,Self-Employed,2-5 years,Finance,81610,80000,0,800,Poor (500-579),540,None,0,45,HELOC,Home Improvement,30,360,10.0,Suburban,Vehicle,Approved
NV0001565,Female,Married,3,Bachelor's Degree,Full-time Employee,5-10 years,Manufacturing,40908,0,12000,2000,Exceptional (800-850),825,None,0,20,Auto Loan,Debt Consolidation,25,360,3.5,Rural,Real Estate,Approved
NV0001566,Male,Married,0,Master's Degree,Full-time Employee,1-2 years,Healthcare,220677,80000,0,500,Good (670-739),705,None,2,45,HELOC,Business Capital,300,240,3.5,Rural,Real Estate,Approved
NV0001567,Female,Married,2,Master's Degree,Independent Contractor,<6 months,Technology,42638,58000,5000,500,Good (670-739),705,None,0,20,Auto Loan,Investment Property,20,360,10.0,Semiurban,Investment Portfolio,Approved
NV0001568,Male,Married,2,High School,Government/Military,2-5 years,Retail,29484,0,0,4000,Exceptional (800-850),825,None,0,5,Home Purchase,Home Improvement,150,120,10.0,Suburban,Real Estate,Rejected
NV0001569,Female,Married,2,Master's Degree,Part-time Employee,6-12 months,Construction,260679,28000,0,2000,Good (670-739),705,None,0,20,Personal Loan,Home Improvement,30,360,20.0,Rural,Vehicle,Approved
NV0001570,Male,Domestic Partnership,4,High School,Freelancer,5-10 years,Other,104042,42000,0,0,Good (670-739),705,None,4,45,Home Purchase,Debt Consolidation,75,360,0.0,Urban,Vehicle,Manual Review
NV0001571,Female,Married,4,Bachelor's Degree,Full-time Employee,1-2 years,Other,51555,80000,0,2500,Exceptional (800-850),825,None,2,65,Personal Loan,Debt Consolidation,100,360,25.0,Semiurban,Real Estate,Approved
NV0001572,Male,Married,0,Bachelor's Degree,Full-time Employee,2-5 years,Healthcare,206825,15000,5000,7500,Very Good (740-799),770,None,0,65,Home Purchase,Vacation Home,50,360,25.0,Semiurban,Real Estate,Approved
NV0001573,Female,Domestic Partnership,2,High School,Full-time Employee,6-12 months,Other,23583,0,0,5000,Good (670-739),705,None,3,20,Personal Loan,Major Purchase,600,180,20.0,Urban,Real Estate,Rejected
NV0001574,Female,Widowed,2,Master's Degree,Full-time Employee,1-2 years,Legal,23629,0,3000,3000,Good (670-739),705,None,0,45,Home Purchase,Debt Consolidation,20,120,10.0,Suburban,Real Estate,Rejected
NV0001575,Male,Divorced,2,High School,Full-time Employee,5-10 years,Construction,83811,0,3000,1500,Fair (580-669),625,None,4,5,HELOC,Debt Consolidation,50,360,25.0,Urban,Investment Portfolio,Manual Review
NV0001576,Male,Married,0,High School,Full-time Employee,1-2 years,Finance,33684,80000,0,200,Very Good (740-799),770,None,0,45,Debt Consolidation,Debt Consolidation,50,180,5.0,Semiurban,Business Assets,Approved
NV0001577,Male,Single,2,Bachelor's Degree,Business Owner,5-10 years,Technology,161536,0,0,1500,Very Good (740-799),770,None,0,85,Debt Consolidation,Business Capital,100,84,3.5,Urban,Real Estate,Approved
NV0001578,Female,Married,4,Bachelor's Degree,Business Owner,10+ years,Education,120902,28000,8000,2000,No History,300,None,1,5,Home Purchase,Major Purchase,50,360,0.0,Urban,Real Estate,Rejected
NV0001579,Female,Married,3,Master's Degree,Full-time Employee,5-10 years,Construction,44907,80000,0,200,Poor (500-579),540,None,0,20,Personal Loan,Investment Property,15,180,30.0,Semiurban,Business Assets,Approved
NV0001580,Male,Married,1,Bachelor's Degree,Full-time Employee,5-10 years,Finance,163173,58000,0,200,Exceptional (800-850),825,None,1,45,Home Purchase,Home Improvement,500,240,10.0,Suburban,Real Estate,Approved
NV0001581,Male,Married,0,Bachelor's Degree,Full-time Employee,6-12 months,Other,18854,80000,3000,500,Fair (580-669),625,Discharged under 2 years,0,45,Education Loan,Home Improvement,50,180,25.0,Semiurban,Real Estate,Manual Review
NV0001582,Male,Domestic Partnership,0,Bachelor's Degree,Self-Employed,1-2 years,Healthcare,59834,58000,0,1500,Exceptional (800-850),825,Discharged 2-7 years ago,1,5,Home Refinance,Debt Consolidation,40,120,5.0,Urban,Vehicle,Approved
NV0001583,Female,Married,2,High School,Full-time Employee,10+ years,Government,208330,15000,0,500,Exceptional (800-850),825,None,0,85,Home Purchase,Medical,50,360,25.0,Rural,Investment Portfolio,Approved
NV0001584,Male,Domestic Partnership,2,High School,Full-time Employee,5-10 years,Education,132418,58000,0,1000,Very Good (740-799),770,None,0,45,Debt Consolidation,Medical,25,60,25.0,Urban,Vehicle,Approved
NV0001585,Prefer not to say,Married,1,Bachelor's Degree,Retired,5-10 years,Manufacturing,50654,0,12000,3500,Very Good (740-799),770,None,3,5,Home Purchase,Major Purchase,20,480,30.0,Urban,Investment Portfolio,Rejected
NV0001586,Male,Married,0,Bachelor's Degree,Freelancer,5-10 years,Retail,33159,58000,0,500,Fair (580-669),625,None,2,5,Debt Consolidation,Vacation Home,20,240,20.0,Urban,Real Estate,Approved
NV0001587,Female,Married,1,Bachelor's Degree,Full-time Employee,2-5 years,Healthcare,32807,42000,12000,5000,Fair (580-669),625,None,4,45,Home Purchase,Debt Consolidation,25,360,25.0,Urban,Vehicle,Rejected
NV0001588,Male,Married,1,Master's Degree,Full-time Employee,<6 months,Other,61383,80000,0,800,No History,300,Discharged 2-7 years ago,1,5,Home Purchase,Business Capital,25,360,30.0,Semiurban,Real Estate,Rejected
NV0001589,Male,Single,3,Bachelor's Degree,Full-time Employee,5-10 years,Healthcare,83518,0,0,0,Fair (580-669),625,None,1,5,Home Refinance,Major Purchase,50,180,10.0,Semiurban,Business Assets,Approved
NV0001590,Female,Single,2,High School,Freelancer,5-10 years,Legal,16884,0,8000,0,Very Good (740-799),770,None,0,20,Debt Consolidation,Major Purchase,100,360,10.0,Urban,None (Unsecured),Approved
NV0001591,Female,Divorced,0,Associate Degree,Self-Employed,2-5 years,Other,53896,0,0,500,Fair (580-669),625,None,0,45,Debt Consolidation,Business Capital,100,360,20.0,Rural,Real Estate,Approved
NV0001592,Prefer not to say,Single,1,Master's Degree,Full-time Employee,10+ years,Healthcare,134819,0,0,200,No History,300,None,0,45,Home Refinance,Vacation Home,10,180,10.0,Urban,Real Estate,Rejected
NV0001593,Male,Married,0,Master's Degree,Business Owner,2-5 years,Construction,55810,58000,0,3000,Fair (580-669),625,None,0,20,Home Purchase,Major Purchase,400,480,20.0,Suburban,Real Estate,Approved
NV0001594,Male,Married,4,Master's Degree,Full-time Employee,2-5 years,Construction,33537,58000,12000,2000,Fair (580-669),625,None,2,45,Home Purchase,Business Capital,250,60,0.0,Semiurban,Real Estate,Rejected
NV0001595,Female,Married,0,High School,Full-time Employee,10+ years,Technology,211159,80000,0,3500,Poor (500-579),540,None,0,85,Education Loan,Home Improvement,600,180,20.0,Urban,Real Estate,Approved
NV0001596,Female,Married,1,No Formal Education,Full-time Employee,5-10 years,Technology,43174,42000,5000,1000,Exceptional (800-850),825,None,3,20,HELOC,Vacation Home,40,360,3.5,Suburban,Vehicle,Approved
NV0001597,Male,Single,0,Associate Degree,Part-time Employee,2-5 years,Education,129562,0,0,800,Fair (580-669),625,None,0,45,Auto Loan,Vacation Home,150,180,5.0,Urban,None (Unsecured),Approved
NV0001598,Male,Married,2,High School,Full-time Employee,6-12 months,Healthcare,29483,0,0,200,Fair (580-669),625,None,1,65,Home Purchase,Primary Residence,25,360,5.0,Semiurban,Real Estate,Approved
NV0001599,Male,Married,2,No Formal Education,Full-time Employee,1-2 years,Technology,48691,15000,0,1000,Very Poor (300-499),420,Active/Pending,0,45,Home Refinance,Vacation Home,250,360,25.0,Urban,Real Estate,Rejected
NV0001600,Female,Married,2,Associate Degree,Full-time Employee,5-10 years,Legal,66009,42000,8000,1500,Very Good (740-799),770,None,0,45,Home Purchase,Vacation Home,25,480,5.0,Rural,Real Estate,Approved
NV0001601,Male,Single,0,Bachelor's Degree,Full-time Employee,2-5 years,Finance,59867,0,5000,500,Good (670-739),705,None,3,5,Auto Loan,Business Capital,40,360,25.0,Semiurban,Real Estate,Approved
NV0001602,Male,Married,0,High School,Freelancer,10+ years,Technology,69252,28000,3000,5000,Good (670-739),705,None,0,20,Debt Consolidation,Investment Property,75,480,20.0,Urban,Real Estate,Rejected
NV0001603,Male,Single,0,Bachelor's Degree,Full-time Employee,10+ years,Healthcare,31947,0,0,1500,Very Good (740-799),770,None,0,20,Home Refinance,Home Improvement,100,360,20.0,Urban,Business Assets,Manual Review
NV0001604,Male,Single,2,Master's Degree,Full-time Employee,5-10 years,Construction,62480,0,0,3000,Good (670-739),705,None,0,45,Home Refinance,Debt Consolidation,75,180,5.0,Rural,Real Estate,Rejected
NV0001605,Male,Single,0,Bachelor's Degree,Independent Contractor,2-5 years,Retail,63895,0,3000,1500,Very Good (740-799),770,None,0,85,Home Purchase,Business Capital,20,360,5.0,Urban,None (Unsecured),Approved
NV0001606,Male,Single,1,Bachelor's Degree,Freelancer,5-10 years,Government,33795,0,3000,500,Very Good (740-799),770,None,0,5,Personal Loan,Primary Residence,50,360,20.0,Urban,Vehicle,Approved
NV0001607,Male,Domestic Partnership,3,Associate Degree,Freelancer,2-5 years,Manufacturing,299138,28000,3000,2000,Good (670-739),705,None,1,5,Business Loan,Vacation Home,400,360,0.0,Semiurban,Vehicle,Approved
NV0001608,Female,Single,3,Bachelor's Degree,Part-time Employee,1-2 years,Technology,150175,0,0,200,Good (670-739),705,None,0,5,Home Purchase,Investment Property,300,360,20.0,Suburban,Real Estate,Approved
NV0001609,Male,Divorced,1,Bachelor's Degree,Full-time Employee,<6 months,Manufacturing,167115,0,12000,1000,Good (670-739),705,None,0,45,Debt Consolidation,Investment Property,100,360,30.0,Urban,Investment Portfolio,Approved
NV0001610,Male,Divorced,1,Associate Degree,Business Owner,2-5 years,Government,81001,0,0,500,Good (670-739),705,Discharged 7+ years ago,0,5,Auto Loan,Business Capital,100,360,3.5,Urban,Vehicle,Approved
NV0001611,Female,Married,0,Associate Degree,Independent Contractor,10+ years,Education,32437,58000,0,0,Very Good (740-799),770,Discharged 7+ years ago,2,45,Auto Loan,Major Purchase,20,480,20.0,Suburban,Real Estate,Approved
NV0001612,Female,Single,2,High School,Full-time Employee,1-2 years,Construction,67906,0,8000,800,Exceptional (800-850),825,Discharged under 2 years,2,20,Business Loan,Debt Consolidation,25,360,30.0,Urban,Real Estate,Manual Review
NV0001613,Male,Married,2,Master's Degree,Retired,1-2 years,Construction,119456,42000,3000,500,Exceptional (800-850),825,None,0,20,HELOC,Debt Consolidation,30,180,25.0,Rural,None (Unsecured),Approved
NV0001614,Male,Married,0,Bachelor's Degree,Full-time Employee,10+ years,Government,18089,15000,0,0,Exceptional (800-850),825,Discharged under 2 years,0,5,Debt Consolidation,Medical,75,360,25.0,Suburban,Real Estate,Approved
NV0001615,Male,Married,1,Associate Degree,Unemployed,<6 months,Healthcare,63121,15000,5000,3000,Good (670-739),705,None,0,65,Personal Loan,Home Improvement,150,240,25.0,Suburban,Vehicle,Manual Review
NV0001616,Female,Single,2,Bachelor's Degree,Government/Military,5-10 years,Manufacturing,48626,0,0,800,Fair (580-669),625,None,2,20,HELOC,Medical,50,360,10.0,Urban,Real Estate,Approved
NV0001617,Prefer not to say,Married,3,Bachelor's Degree,Independent Contractor,2-5 years,Manufacturing,29978,0,0,500,Exceptional (800-850),825,None,1,85,Auto Loan,Major Purchase,20,84,25.0,Urban,Real Estate,Approved
NV0001618,Female,Domestic Partnership,0,Master's Degree,Retired,<6 months,Government,48975,80000,3000,1000,Exceptional (800-850),825,None,3,20,Home Purchase,Vacation Home,50,240,30.0,Urban,Real Estate,Approved
NV0001619,Female,Married,1,No Formal Education,Business Owner,10+ years,Manufacturing,285147,0,0,2000,Fair (580-669),625,None,0,5,Auto Loan,Investment Property,25,120,20.0,Suburban,Real Estate,Approved
NV0001620,Female,Single,0,Bachelor's Degree,Full-time Employee,6-12 months,Healthcare,93693,0,0,0,Very Good (740-799),770,None,0,5,Auto Loan,Primary Residence,200,84,10.0,Suburban,Investment Portfolio,Approved
NV0001621,Male,Married,0,Master's Degree,Part-time Employee,2-5 years,Construction,42471,42000,0,1000,Very Poor (300-499),420,None,0,85,Debt Consolidation,Home Improvement,25,360,10.0,Urban,Vehicle,Rejected
NV0001622,Male,Single,3,Bachelor's Degree,Full-time Employee,1-2 years,Education,81130,0,0,800,Fair (580-669),625,None,0,45,Home Purchase,Business Capital,75,360,10.0,Rural,Business Assets,Approved
NV0001623,Female,Single,2,High School,Full-time Employee,6-12 months,Legal,44714,0,0,3500,Very Good (740-799),770,None,0,5,Auto Loan,Vacation Home,150,360,5.0,Suburban,Investment Portfolio,Rejected
NV0001624,Non-binary,Domestic Partnership,2,Bachelor's Degree,Business Owner,<6 months,Construction,81617,28000,8000,1000,Very Good (740-799),770,None,0,45,Home Purchase,Major Purchase,25,360,20.0,Urban,Real Estate,Approved
NV0001625,Male,Single,0,Bachelor's Degree,Full-time Employee,6-12 months,Finance,172431,0,0,0,Good (670-739),705,None,1,20,Auto Loan,Debt Consolidation,15,240,20.0,Urban,Vehicle,Approved
NV0001626,Female,Single,3,Bachelor's Degree,Full-time Employee,6-12 months,Finance,60122,0,0,500,Exceptional (800-850),825,None,0,20,Home Refinance,Major Purchase,75,360,20.0,Urban,Investment Portfolio,Approved
NV0001627,Male,Single,1,Master's Degree,Self-Employed,5-10 years,Construction,103266,0,3000,1500,Exceptional (800-850),825,Discharged under 2 years,2,5,HELOC,Vacation Home,15,360,0.0,Semiurban,Investment Portfolio,Rejected
NV0001628,Male,Domestic Partnership,0,Bachelor's Degree,Government/Military,2-5 years,Healthcare,48060,42000,5000,0,Exceptional (800-850),825,None,0,65,Home Purchase,Major Purchase,100,360,20.0,Suburban,Investment Portfolio,Approved
NV0001629,Male,Married,1,Master's Degree,Full-time Employee,2-5 years,Legal,67385,0,3000,3500,Fair (580-669),625,None,3,5,Personal Loan,Debt Consolidation,200,360,3.5,Suburban,Investment Portfolio,Rejected
NV0001630,Male,Married,0,Master's Degree,Full-time Employee,2-5 years,Education,78538,28000,0,0,Good (670-739),705,None,4,20,Personal Loan,Vacation Home,40,120,3.5,Urban,Real Estate,Manual Review
NV0001631,Female,Married,2,Bachelor's Degree,Full-time Employee,10+ years,Manufacturing,127226,15000,0,0,Exceptional (800-850),825,None,3,20,Personal Loan,Primary Residence,75,360,20.0,Urban,Investment Portfolio,Approved
NV0001632,Male,Single,1,Bachelor's Degree,Independent Contractor,10+ years,Finance,77562,0,5000,0,Good (670-739),705,None,1,5,HELOC,Medical,400,360,10.0,Semiurban,Real Estate,Approved
NV0001633,Female,Married,0,Bachelor's Degree,Full-time Employee,5-10 years,Finance,264727,42000,0,1500,Very Good (740-799),770,None,2,20,Debt Consolidation,Home Improvement,50,360,0.0,Rural,Vehicle,Approved
NV0001634,Female,Married,0,No Formal Education,Independent Contractor,10+ years,Finance,129470,58000,0,800,Good (670-739),705,Active/Pending,0,5,Personal Loan,Major Purchase,1000,360,10.0,Rural,Real Estate,Rejected
NV0001635,Non-binary,Single,0,Bachelor's Degree,Full-time Employee,2-5 years,Other,106473,0,3000,0,Very Good (740-799),770,None,0,20,Personal Loan,Debt Consolidation,20,240,20.0,Semiurban,Business Assets,Approved
NV0001636,Male,Married,0,High School,Full-time Employee,2-5 years,Healthcare,118671,58000,0,3000,Good (670-739),705,None,1,65,Home Purchase,Primary Residence,150,360,20.0,Semiurban,Vehicle,Approved
NV0001637,Male,Divorced,1,Bachelor's Degree,Retired,5-10 years,Construction,44827,0,12000,200,Very Poor (300-499),420,None,1,20,Auto Loan,Investment Property,100,240,10.0,Urban,Investment Portfolio,Rejected
NV0001638,Male,Single,3,Bachelor's Degree,Full-time Employee,5-10 years,Legal,49006,0,5000,500,Exceptional (800-850),825,None,4,20,Personal Loan,Primary Residence,300,120,5.0,Semiurban,Business Assets,Rejected
NV0001639,Prefer not to say,Single,0,High School,Part-time Employee,2-5 years,Construction,67450,0,3000,200,Very Good (740-799),770,None,0,20,Home Purchase,Primary Residence,15,360,20.0,Suburban,None (Unsecured),Approved
NV0001640,Non-binary,Single,0,High School,Full-time Employee,2-5 years,Other,55822,0,5000,4000,Very Good (740-799),770,None,0,20,Home Purchase,Primary Residence,30,360,25.0,Urban,Investment Portfolio,Rejected
NV0001641,Male,Single,1,Bachelor's Degree,Part-time Employee,10+ years,Finance,117947,0,0,2000,Very Good (740-799),770,None,1,45,Home Purchase,Business Capital,20,360,20.0,Semiurban,Real Estate,Approved
NV0001642,Female,Divorced,2,Bachelor's Degree,Self-Employed,10+ years,Government,17813,0,5000,2000,Very Good (740-799),770,None,4,5,Home Purchase,Debt Consolidation,500,360,25.0,Urban,None (Unsecured),Rejected
NV0001643,Male,Married,0,Bachelor's Degree,Full-time Employee,2-5 years,Other,31167,0,3000,0,Fair (580-669),625,None,0,65,Home Purchase,Business Capital,50,360,20.0,Semiurban,Investment Portfolio,Approved
NV0001644,Female,Married,0,Associate Degree,Full-time Employee,5-10 years,Healthcare,157145,28000,0,1000,Poor (500-579),540,None,0,45,Auto Loan,Investment Property,400,60,20.0,Semiurban,Investment Portfolio,Rejected
NV0001645,Male,Married,1,High School,Full-time Employee,1-2 years,Education,18729,28000,8000,1000,Very Good (740-799),770,None,0,45,HELOC,Home Improvement,30,240,25.0,Semiurban,None (Unsecured),Approved
NV0001646,Female,Single,0,Bachelor's Degree,Independent Contractor,6-12 months,Manufacturing,32825,0,5000,500,Good (670-739),705,None,0,5,Personal Loan,Primary Residence,20,360,20.0,Suburban,Real Estate,Approved
NV0001647,Male,Married,0,Bachelor's Degree,Freelancer,2-5 years,Retail,55899,58000,12000,500,Good (670-739),705,None,0,5,HELOC,Debt Consolidation,30,360,25.0,Semiurban,Real Estate,Approved
NV0001648,Female,Married,2,Associate Degree,Self-Employed,2-5 years,Legal,94967,42000,3000,3000,Good (670-739),705,None,0,20,Home Refinance,Debt Consolidation,100,360,10.0,Semiurban,Vehicle,Approved
NV0001649,Female,Married,2,Associate Degree,Self-Employed,<6 months,Other,65449,80000,0,0,Very Good (740-799),770,None,2,65,Business Loan,Home Improvement,250,360,25.0,Urban,Business Assets,Approved
NV0001650,Female,Widowed,1,Bachelor's Degree,Full-time Employee,5-10 years,Education,208290,0,0,1500,Exceptional (800-850),825,None,0,20,Home Purchase,Medical,40,180,20.0,Rural,Vehicle,Approved
NV0001651,Male,Married,2,High School,Full-time Employee,2-5 years,Retail,34144,42000,0,500,Good (670-739),705,None,0,5,Auto Loan,Vacation Home,400,180,25.0,Urban,Investment Portfolio,Approved
NV0001652,Male,Married,2,High School,Full-time Employee,5-10 years,Education,147471,0,0,1500,Very Good (740-799),770,None,1,5,Auto Loan,Investment Property,30,360,0.0,Suburban,Vehicle,Approved
NV0001653,Male,Domestic Partnership,0,High School,Full-time Employee,6-12 months,Construction,45287,0,0,200,Fair (580-669),625,None,3,45,Home Purchase,Investment Property,150,360,20.0,Urban,Investment Portfolio,Approved
NV0001654,Male,Single,0,Master's Degree,Full-time Employee,1-2 years,Construction,41863,0,0,200,Fair (580-669),625,None,4,45,Business Loan,Major Purchase,150,180,25.0,Urban,Business Assets,Rejected
NV0001655,Male,Single,0,Master's Degree,Self-Employed,10+ years,Finance,66305,0,3000,1000,Exceptional (800-850),825,None,0,5,Home Refinance,Primary Residence,30,84,3.5,Urban,Real Estate,Approved
NV0001656,Non-binary,Single,0,Master's Degree,Self-Employed,5-10 years,Technology,24440,0,0,7500,Exceptional (800-850),825,None,3,5,Auto Loan,Vacation Home,10,120,20.0,Suburban,Investment Portfolio,Rejected
NV0001657,Female,Married,2,Bachelor's Degree,Retired,10+ years,Manufacturing,54933,58000,0,7500,Poor (500-579),540,None,0,20,Personal Loan,Medical,40,180,25.0,Urban,Business Assets,Rejected
NV0001658,Male,Married,3,Bachelor's Degree,Full-time Employee,10+ years,Healthcare,52515,42000,0,200,Good (670-739),705,None,1,20,Home Purchase,Investment Property,10,360,5.0,Urban,Vehicle,Approved
NV0001659,Male,Married,4,Bachelor's Degree,Independent Contractor,2-5 years,Healthcare,32833,80000,3000,0,Fair (580-669),625,None,1,45,HELOC,Medical,400,360,10.0,Urban,Real Estate,Approved
NV0001660,Male,Divorced,2,Bachelor's Degree,Freelancer,2-5 years,Finance,163811,0,12000,1000,Exceptional (800-850),825,None,0,45,Home Purchase,Major Purchase,500,360,20.0,Urban,Real Estate,Approved
NV0001661,Female,Married,0,High School,Self-Employed,10+ years,Construction,50868,42000,3000,800,Good (670-739),705,None,0,45,Home Refinance,Primary Residence,150,360,20.0,Urban,Business Assets,Approved
NV0001662,Male,Married,0,Bachelor's Degree,Full-time Employee,10+ years,Finance,261004,28000,0,2000,Good (670-739),705,None,0,5,Home Purchase,Vacation Home,150,360,0.0,Semiurban,Real Estate,Approved
NV0001663,Non-binary,Single,2,Master's Degree,Full-time Employee,5-10 years,Government,167877,0,0,1000,Poor (500-579),540,None,2,45,HELOC,Debt Consolidation,30,120,0.0,Urban,Real Estate,Approved
NV0001664,Male,Single,1,Bachelor's Degree,Full-time Employee,5-10 years,Other,30923,0,5000,1000,Exceptional (800-850),825,None,0,85,Home Refinance,Primary Residence,15,360,3.5,Semiurban,Real Estate,Approved
NV0001665,Prefer not to say,Married,1,Bachelor's Degree,Full-time Employee,5-10 years,Other,68628,28000,0,1500,Very Good (740-799),770,None,1,65,Personal Loan,Vacation Home,200,360,5.0,Urban,Vehicle,Approved
NV0001666,Female,Married,2,Associate Degree,Business Owner,2-5 years,Legal,81390,42000,12000,0,Very Good (740-799),770,None,0,65,HELOC,Home Improvement,75,180,5.0,Semiurban,Investment Portfolio,Approved
NV0001667,Male,Domestic Partnership,2,Bachelor's Degree,Full-time Employee,5-10 years,Construction,122074,0,0,1500,Poor (500-579),540,None,0,20,Home Purchase,Investment Property,150,360,20.0,Semiurban,Business Assets,Approved
NV0001668,Non-binary,Single,2,Bachelor's Degree,Full-time Employee,10+ years,Technology,162412,0,0,800,Poor (500-579),540,None,4,45,Home Purchase,Medical,200,360,20.0,Urban,Real Estate,Manual Review
NV0001669,Male,Single,0,Master's Degree,Business Owner,5-10 years,Government,81862,0,0,3000,No History,300,Discharged 7+ years ago,1,65,Personal Loan,Primary Residence,50,60,20.0,Semiurban,Investment Portfolio,Rejected
NV0001670,Female,Married,2,Bachelor's Degree,Freelancer,<6 months,Government,18595,58000,5000,0,Very Poor (300-499),420,None,3,45,Home Purchase,Major Purchase,20,180,0.0,Urban,Investment Portfolio,Rejected
NV0001671,Male,Single,3,Master's Degree,Part-time Employee,2-5 years,Construction,68352,0,0,500,Exceptional (800-850),825,Discharged under 2 years,0,20,Home Purchase,Debt Consolidation,200,360,20.0,Urban,Real Estate,Approved
NV0001672,Female,Single,0,Bachelor's Degree,Independent Contractor,1-2 years,Other,151289,0,0,5000,Exceptional (800-850),825,None,0,85,Business Loan,Major Purchase,50,360,10.0,Rural,Real Estate,Approved
NV0001673,Female,Married,2,Master's Degree,Full-time Employee,1-2 years,Retail,107106,28000,0,1000,Exceptional (800-850),825,None,0,20,Home Purchase,Medical,250,360,25.0,Semiurban,None (Unsecured),Approved
NV0001674,Female,Single,0,Bachelor's Degree,Full-time Employee,10+ years,Other,157717,0,0,4000,Very Good (740-799),770,None,0,5,Personal Loan,Primary Residence,50,180,20.0,Rural,Investment Portfolio,Approved
NV0001675,Female,Married,3,Bachelor's Degree,Full-time Employee,<6 months,Legal,84613,42000,12000,1500,Fair (580-669),625,None,0,5,Personal Loan,Investment Property,25,360,25.0,Urban,Investment Portfolio,Approved
NV0001676,Male,Single,0,Bachelor's Degree,Self-Employed,1-2 years,Legal,17194,0,0,4000,Poor (500-579),540,None,1,45,Personal Loan,Investment Property,25,180,0.0,Urban,Real Estate,Rejected
NV0001677,Male,Single,1,Master's Degree,Retired,2-5 years,Construction,258900,0,0,500,Exceptional (800-850),825,None,0,20,HELOC,Vacation Home,200,360,20.0,Urban,Business Assets,Approved
NV0001678,Male,Married,0,Doctoral Degree,Full-time Employee,5-10 years,Manufacturing,161877,0,0,0,Good (670-739),705,None,0,5,Home Purchase,Major Purchase,100,240,20.0,Semiurban,Vehicle,Approved
NV0001679,Male,Domestic Partnership,2,High School,Self-Employed,2-5 years,Manufacturing,24298,0,0,2500,Poor (500-579),540,None,0,45,Home Refinance,Major Purchase,50,360,25.0,Semiurban,Business Assets,Rejected
NV0001680,Female,Married,0,High School,Full-time Employee,1-2 years,Technology,26937,80000,0,2500,Good (670-739),705,None,0,45,Home Purchase,Debt Consolidation,75,120,20.0,Urban,None (Unsecured),Approved
NV0001681,Male,Married,0,Doctoral Degree,Self-Employed,1-2 years,Manufacturing,60886,80000,0,1500,Exceptional (800-850),825,None,1,45,Debt Consolidation,Medical,75,180,20.0,Rural,None (Unsecured),Approved
NV0001682,Prefer not to say,Single,1,Bachelor's Degree,Full-time Employee,1-2 years,Education,92756,0,3000,1000,Good (670-739),705,None,0,5,Home Purchase,Vacation Home,30,180,0.0,Urban,None (Unsecured),Approved
NV0001683,Female,Married,3,Bachelor's Degree,Full-time Employee,2-5 years,Education,48214,15000,8000,4000,Very Good (740-799),770,None,0,45,Home Purchase,Debt Consolidation,40,120,20.0,Suburban,Real Estate,Rejected
NV0001684,Female,Single,0,Bachelor's Degree,Freelancer,1-2 years,Healthcare,23867,0,0,200,Good (670-739),705,None,0,5,Auto Loan,Business Capital,30,180,5.0,Urban,None (Unsecured),Approved
NV0001685,Male,Married,0,High School,Self-Employed,10+ years,Education,65823,80000,5000,1500,Very Good (740-799),770,None,3,20,Home Purchase,Primary Residence,40,360,0.0,Rural,Real Estate,Approved
NV0001686,Female,Married,2,Master's Degree,Part-time Employee,2-5 years,Retail,42037,58000,8000,0,Exceptional (800-850),825,Discharged 2-7 years ago,3,20,Auto Loan,Primary Residence,75,360,0.0,Semiurban,None (Unsecured),Rejected
NV0001687,Non-binary,Divorced,1,Master's Degree,Full-time Employee,<6 months,Retail,50752,0,0,0,No History,300,None,1,65,Auto Loan,Business Capital,25,360,30.0,Suburban,Real Estate,Rejected
NV0001688,Male,Married,3,Associate Degree,Full-time Employee,5-10 years,Retail,74736,0,0,800,Good (670-739),705,None,0,20,Home Purchase,Major Purchase,50,360,10.0,Urban,Investment Portfolio,Approved
NV0001689,Female,Single,0,Associate Degree,Full-time Employee,2-5 years,Education,153183,0,5000,3000,Good (670-739),705,None,0,5,Home Refinance,Medical,40,84,25.0,Semiurban,Real Estate,Approved
NV0001690,Female,Single,2,Master's Degree,Government/Military,5-10 years,Technology,61715,0,3000,2000,Very Poor (300-499),420,None,1,20,Education Loan,Vacation Home,30,480,30.0,Urban,Business Assets,Rejected
NV0001691,Male,Domestic Partnership,0,High School,Unemployed,1-2 years,Other,83144,58000,0,7500,Exceptional (800-850),825,None,4,20,Auto Loan,Business Capital,1000,120,30.0,Suburban,Real Estate,Rejected
NV0001692,Male,Married,0,Master's Degree,Part-time Employee,5-10 years,Construction,83583,28000,0,0,Exceptional (800-850),825,None,4,85,Business Loan,Medical,15,360,25.0,Suburban,Vehicle,Manual Review
NV0001693,Male,Married,2,Associate Degree,Full-time Employee,5-10 years,Finance,67880,28000,0,500,Fair (580-669),625,None,2,85,Personal Loan,Home Improvement,100,360,25.0,Urban,Business Assets,Approved
NV0001694,Male,Single,1,Bachelor's Degree,Government/Military,10+ years,Healthcare,45151,0,0,0,Very Good (740-799),770,None,0,5,Home Refinance,Investment Property,25,360,5.0,Rural,Investment Portfolio,Approved
NV0001695,Male,Married,2,Doctoral Degree,Part-time Employee,1-2 years,Legal,55196,58000,3000,0,Fair (580-669),625,None,3,5,Business Loan,Business Capital,250,180,3.5,Semiurban,Real Estate,Manual Review
NV0001696,Male,Single,0,Bachelor's Degree,Self-Employed,2-5 years,Government,41985,0,3000,200,Very Good (740-799),770,Discharged 2-7 years ago,1,5,Home Purchase,Medical,400,240,20.0,Urban,Vehicle,Rejected
NV0001697,Male,Divorced,1,Bachelor's Degree,Full-time Employee,2-5 years,Legal,157822,0,8000,200,Exceptional (800-850),825,None,2,45,Education Loan,Vacation Home,50,60,20.0,Urban,Real Estate,Approved
NV0001698,Male,Married,1,Bachelor's Degree,Business Owner,10+ years,Healthcare,133315,15000,0,800,Good (670-739),705,None,0,5,Personal Loan,Business Capital,250,360,0.0,Suburban,Investment Portfolio,Approved
NV0001699,Prefer not to say,Divorced,4,Bachelor's Degree,Self-Employed,10+ years,Legal,66156,0,0,0,Exceptional (800-850),825,None,0,5,Business Loan,Medical,30,360,20.0,Semiurban,None (Unsecured),Approved
NV0001700,Male,Single,0,Associate Degree,Freelancer,6-12 months,Other,154736,0,3000,800,Fair (580-669),625,None,0,20,Home Purchase,Business Capital,20,360,20.0,Urban,Investment Portfolio,Approved
NV0001701,Prefer not to say,Married,0,No Formal Education,Freelancer,6-12 months,Legal,161650,58000,0,4000,Good (670-739),705,None,0,5,Personal Loan,Vacation Home,40,60,25.0,Urban,Real Estate,Approved
NV0001702,Male,Married,0,Master's Degree,Full-time Employee,2-5 years,Legal,226536,0,5000,2000,Poor (500-579),540,None,0,5,Debt Consolidation,Primary Residence,40,360,20.0,Urban,Real Estate,Approved
NV0001703,Male,Married,1,Bachelor's Degree,Business Owner,6-12 months,Other,33789,15000,3000,3000,Fair (580-669),625,None,2,20,Home Purchase,Investment Property,50,360,20.0,Semiurban,None (Unsecured),Rejected
NV0001704,Male,Domestic Partnership,0,Bachelor's Degree,Freelancer,2-5 years,Other,96500,42000,5000,2500,Exceptional (800-850),825,Discharged 2-7 years ago,0,20,Personal Loan,Medical,40,120,10.0,Urban,Real Estate,Approved
NV0001705,Male,Divorced,3,High School,Full-time Employee,1-2 years,Education,85797,0,5000,500,Fair (580-669),625,None,0,20,Personal Loan,Medical,50,240,20.0,Semiurban,Vehicle,Approved
NV0001706,Male,Divorced,0,High School,Full-time Employee,5-10 years,Other,107703,0,3000,2000,Good (670-739),705,None,0,85,HELOC,Medical,150,360,30.0,Urban,Vehicle,Approved
NV0001707,Female,Married,3,Bachelor's Degree,Full-time Employee,10+ years,Finance,40193,42000,0,2000,Good (670-739),705,None,0,5,Education Loan,Business Capital,30,360,3.5,Urban,Business Assets,Approved
NV0001708,Male,Single,0,Master's Degree,Part-time Employee,10+ years,Manufacturing,85063,0,8000,200,Fair (580-669),625,None,4,20,Personal Loan,Vacation Home,10,120,10.0,Urban,None (Unsecured),Rejected
NV0001709,Female,Single,2,Bachelor's Degree,Full-time Employee,2-5 years,Finance,55188,0,0,3000,Good (670-739),705,None,0,65,Home Refinance,Business Capital,75,84,20.0,Suburban,Real Estate,Rejected
NV0001710,Female,Divorced,3,Master's Degree,Self-Employed,5-10 years,Legal,115795,0,12000,800,Good (670-739),705,None,0,65,Home Purchase,Medical,50,360,10.0,Urban,Investment Portfolio,Approved
NV0001711,Male,Single,0,High School,Full-time Employee,10+ years,Finance,128393,0,0,0,Good (670-739),705,Discharged 7+ years ago,3,20,Auto Loan,Primary Residence,15,120,5.0,Rural,Vehicle,Manual Review
NV0001712,Male,Married,4,Bachelor's Degree,Government/Military,6-12 months,Healthcare,31003,0,0,1500,Very Good (740-799),770,None,2,45,Personal Loan,Primary Residence,20,180,5.0,Urban,Real Estate,Rejected
NV0001713,Female,Married,1,Associate Degree,Full-time Employee,5-10 years,Construction,32894,58000,8000,1500,Exceptional (800-850),825,None,0,5,Home Purchase,Major Purchase,75,360,5.0,Semiurban,Real Estate,Approved
NV0001714,Male,Married,3,Bachelor's Degree,Full-time Employee,2-5 years,Manufacturing,106616,58000,5000,1000,Good (670-739),705,None,1,45,Home Purchase,Business Capital,30,360,10.0,Urban,Vehicle,Approved
NV0001715,Male,Widowed,2,High School,Part-time Employee,1-2 years,Construction,64987,0,5000,200,Very Good (740-799),770,None,1,85,Home Refinance,Major Purchase,300,360,25.0,Rural,Real Estate,Approved
NV0001716,Prefer not to say,Married,0,Doctoral Degree,Part-time Employee,2-5 years,Government,64109,15000,0,800,Exceptional (800-850),825,None,1,20,Debt Consolidation,Vacation Home,25,360,20.0,Suburban,Business Assets,Approved
NV0001717,Male,Married,0,Associate Degree,Full-time Employee,6-12 months,Finance,106744,0,8000,500,Exceptional (800-850),825,None,0,20,Home Refinance,Vacation Home,10,360,5.0,Urban,Real Estate,Approved
NV0001718,Female,Single,0,Doctoral Degree,Full-time Employee,5-10 years,Construction,134482,0,0,7500,Good (670-739),705,None,4,5,Personal Loan,Primary Residence,50,360,10.0,Urban,Real Estate,Rejected
NV0001719,Prefer not to say,Married,0,Bachelor's Degree,Full-time Employee,1-2 years,Other,29758,0,0,3000,Very Good (740-799),770,None,0,45,Home Refinance,Major Purchase,800,480,3.5,Rural,Real Estate,Rejected
NV0001720,Male,Single,0,No Formal Education,Business Owner,2-5 years,Technology,69397,0,8000,2000,Fair (580-669),625,None,0,20,Auto Loan,Medical,100,180,25.0,Urban,Real Estate,Approved
NV0001721,Male,Married,0,Bachelor's Degree,Freelancer,6-12 months,Technology,116655,42000,3000,200,Very Good (740-799),770,None,0,45,Personal Loan,Medical,40,180,10.0,Rural,Vehicle,Approved
NV0001722,Male,Domestic Partnership,1,Doctoral Degree,Part-time Employee,10+ years,Other,155834,42000,0,500,Good (670-739),705,None,0,5,Personal Loan,Business Capital,10,84,30.0,Urban,Real Estate,Approved
NV0001723,Male,Divorced,2,High School,Business Owner,2-5 years,Construction,43764,0,0,500,Very Good (740-799),770,None,3,20,Home Purchase,Vacation Home,75,360,10.0,Rural,Investment Portfolio,Approved
NV0001724,Male,Single,0,Master's Degree,Business Owner,5-10 years,Legal,26108,0,3000,800,Good (670-739),705,None,0,20,Auto Loan,Investment Property,25,360,25.0,Semiurban,None (Unsecured),Approved
NV0001725,Female,Married,0,Master's Degree,Full-time Employee,2-5 years,Other,33156,80000,8000,0,Very Good (740-799),770,None,0,5,HELOC,Primary Residence,100,120,5.0,Urban,Business Assets,Approved
NV0001726,Male,Divorced,2,High School,Unemployed,2-5 years,Manufacturing,194514,0,0,1000,Very Poor (300-499),420,None,0,5,Home Refinance,Primary Residence,100,240,0.0,Rural,Real Estate,Rejected
NV0001727,Male,Single,0,High School,Freelancer,1-2 years,Retail,48946,0,5000,500,Poor (500-579),540,None,0,20,Home Purchase,Vacation Home,30,180,0.0,Semiurban,None (Unsecured),Approved
NV0001728,Prefer not to say,Single,0,Bachelor's Degree,Full-time Employee,5-10 years,Healthcare,55629,0,5000,1000,Fair (580-669),625,None,3,45,Home Purchase,Vacation Home,15,240,20.0,Urban,Real Estate,Approved
NV0001729,Female,Single,0,Doctoral Degree,Full-time Employee,6-12 months,Legal,16794,0,0,0,Poor (500-579),540,None,0,45,Education Loan,Vacation Home,200,480,10.0,Semiurban,Vehicle,Manual Review
NV0001730,Female,Married,3,Bachelor's Degree,Full-time Employee,6-12 months,Manufacturing,16786,0,0,500,Good (670-739),705,None,1,65,Home Purchase,Business Capital,100,360,10.0,Semiurban,Vehicle,Rejected
NV0001731,Male,Single,2,Bachelor's Degree,Full-time Employee,5-10 years,Construction,84296,0,0,2500,Good (670-739),705,None,1,20,Business Loan,Medical,250,60,25.0,Urban,Real Estate,Rejected
NV0001732,Female,Divorced,0,High School,Business Owner,1-2 years,Legal,66469,0,5000,1000,Fair (580-669),625,None,1,65,HELOC,Medical,30,180,5.0,Suburban,None (Unsecured),Approved
NV0001733,Male,Married,2,High School,Part-time Employee,2-5 years,Legal,63457,58000,0,2500,Fair (580-669),625,None,1,45,Personal Loan,Business Capital,100,60,10.0,Rural,Real Estate,Approved
NV0001734,Male,Married,1,Master's Degree,Freelancer,2-5 years,Construction,23662,42000,5000,2000,Poor (500-579),540,None,0,20,Home Refinance,Investment Property,20,360,25.0,Urban,Vehicle,Approved
NV0001735,Male,Single,2,High School,Business Owner,2-5 years,Other,55196,0,3000,3000,Fair (580-669),625,None,2,5,Business Loan,Business Capital,30,360,20.0,Suburban,Real Estate,Rejected
NV0001736,Female,Married,2,Bachelor's Degree,Self-Employed,5-10 years,Construction,134770,80000,3000,0,No History,300,None,1,20,Home Purchase,Primary Residence,100,480,25.0,Urban,Business Assets,Rejected
NV0001737,Male,Married,2,Master's Degree,Independent Contractor,5-10 years,Finance,29695,58000,0,200,Very Good (740-799),770,None,1,85,Debt Consolidation,Home Improvement,250,360,10.0,Semiurban,Business Assets,Approved
NV0001738,Male,Married,0,Associate Degree,Full-time Employee,5-10 years,Finance,161385,28000,0,1000,Fair (580-669),625,None,4,20,Home Purchase,Business Capital,40,360,10.0,Urban,Real Estate,Manual Review
NV0001739,Male,Married,0,Bachelor's Degree,Full-time Employee,5-10 years,Healthcare,24045,28000,3000,5000,Fair (580-669),625,None,2,20,Home Refinance,Investment Property,200,360,3.5,Rural,Investment Portfolio,Rejected
NV0001740,Male,Married,1,High School,Independent Contractor,2-5 years,Technology,33701,42000,5000,1500,Fair (580-669),625,Discharged 7+ years ago,2,5,Debt Consolidation,Investment Property,150,360,25.0,Rural,Investment Portfolio,Approved
NV0001741,Female,Divorced,3,Bachelor's Degree,Full-time Employee,2-5 years,Education,63399,0,0,800,Very Good (740-799),770,None,3,45,Business Loan,Medical,40,180,25.0,Semiurban,Vehicle,Approved
NV0001742,Female,Domestic Partnership,1,High School,Full-time Employee,2-5 years,Healthcare,217211,0,0,0,Fair (580-669),625,None,0,20,Home Refinance,Business Capital,300,360,30.0,Urban,Investment Portfolio,Approved
NV0001743,Female,Married,2,Master's Degree,Government/Military,2-5 years,Healthcare,42265,28000,3000,800,Poor (500-579),540,None,0,20,HELOC,Major Purchase,75,360,10.0,Urban,Vehicle,Approved
NV0001744,Male,Single,4,Associate Degree,Independent Contractor,10+ years,Retail,80531,0,0,800,Very Good (740-799),770,None,0,20,Personal Loan,Primary Residence,100,360,25.0,Semiurban,Real Estate,Approved
NV0001745,Male,Single,0,Bachelor's Degree,Full-time Employee,5-10 years,Education,68723,0,3000,2500,Good (670-739),705,None,0,20,Home Purchase,Medical,75,180,10.0,Urban,Investment Portfolio,Approved
NV0001746,Male,Single,2,Bachelor's Degree,Independent Contractor,1-2 years,Technology,31848,0,0,800,Very Good (740-799),770,None,2,20,Home Purchase,Home Improvement,50,180,20.0,Urban,Vehicle,Approved
NV0001747,Male,Married,2,High School,Freelancer,<6 months,Legal,44322,15000,3000,500,No History,300,None,1,20,Personal Loan,Primary Residence,250,180,25.0,Rural,Vehicle,Rejected
NV0001748,Male,Married,4,Master's Degree,Full-time Employee,<6 months,Education,205411,42000,0,0,Good (670-739),705,None,1,45,Home Purchase,Investment Property,30,60,3.5,Suburban,None (Unsecured),Approved
NV0001749,Female,Married,4,Associate Degree,Full-time Employee,1-2 years,Retail,30334,42000,5000,0,Very Good (740-799),770,None,4,45,Home Purchase,Vacation Home,10,360,5.0,Urban,Real Estate,Approved
NV0001750,Male,Divorced,2,Bachelor's Degree,Retired,6-12 months,Government,79430,0,0,800,Very Good (740-799),770,None,0,45,Education Loan,Primary Residence,300,360,10.0,Urban,Real Estate,Approved
NV0001751,Male,Divorced,0,High School,Full-time Employee,2-5 years,Healthcare,279926,0,0,500,Good (670-739),705,None,1,5,Auto Loan,Business Capital,250,360,20.0,Suburban,Real Estate,Approved
NV0001752,Male,Divorced,2,Bachelor's Degree,Full-time Employee,10+ years,Construction,24913,0,0,1000,Exceptional (800-850),825,None,0,45,Home Purchase,Primary Residence,40,360,10.0,Suburban,Real Estate,Approved
NV0001753,Male,Married,0,High School,Part-time Employee,5-10 years,Healthcare,54565,28000,5000,2000,Good (670-739),705,None,0,5,Education Loan,Vacation Home,25,360,10.0,Semiurban,Real Estate,Approved
NV0001754,Male,Married,2,Bachelor's Degree,Business Owner,1-2 years,Other,32331,42000,0,0,Poor (500-579),540,None,0,5,Personal Loan,Home Improvement,150,480,30.0,Urban,None (Unsecured),Approved
NV0001755,Prefer not to say,Single,3,Associate Degree,Full-time Employee,2-5 years,Retail,33988,0,0,800,Fair (580-669),625,None,2,85,Home Refinance,Home Improvement,15,360,10.0,Rural,Real Estate,Approved
NV0001756,Female,Single,1,Master's Degree,Full-time Employee,2-5 years,Healthcare,25056,0,12000,3000,Exceptional (800-850),825,None,0,45,HELOC,Primary Residence,50,360,5.0,Rural,Investment Portfolio,Rejected
NV0001757,Non-binary,Single,2,Associate Degree,Full-time Employee,5-10 years,Healthcare,76476,0,0,800,No History,300,None,2,20,Personal Loan,Medical,15,240,20.0,Urban,Real Estate,Rejected
NV0001758,Male,Married,1,Master's Degree,Unemployed,10+ years,Education,94071,80000,0,1000,Fair (580-669),625,None,0,65,Auto Loan,Business Capital,100,360,25.0,Semiurban,Investment Portfolio,Approved
NV0001759,Male,Married,1,Master's Degree,Full-time Employee,10+ years,Education,84715,42000,3000,800,Exceptional (800-850),825,None,0,85,Personal Loan,Vacation Home,10,360,0.0,Semiurban,None (Unsecured),Approved
NV0001760,Male,Domestic Partnership,0,Associate Degree,Self-Employed,2-5 years,Construction,195087,28000,3000,500,Exceptional (800-850),825,None,0,45,Personal Loan,Major Purchase,100,360,20.0,Semiurban,Real Estate,Approved
NV0001761,Male,Single,2,Bachelor's Degree,Retired,5-10 years,Manufacturing,30042,0,0,0,Exceptional (800-850),825,None,0,45,Personal Loan,Primary Residence,150,60,0.0,Rural,Business Assets,Rejected
NV0001762,Female,Married,3,High School,Full-time Employee,6-12 months,Other,39067,42000,3000,0,Fair (580-669),625,None,4,45,Business Loan,Vacation Home,75,240,20.0,Semiurban,None (Unsecured),Rejected
NV0001763,Male,Married,3,Bachelor's Degree,Unemployed,2-5 years,Construction,41487,42000,0,200,Exceptional (800-850),825,None,0,5,Auto Loan,Investment Property,25,120,5.0,Rural,Vehicle,Approved
NV0001764,Male,Single,0,Bachelor's Degree,Retired,1-2 years,Government,32166,0,0,2500,Very Good (740-799),770,None,4,5,HELOC,Major Purchase,20,360,10.0,Semiurban,Real Estate,Rejected
NV0001765,Male,Married,3,Bachelor's Degree,Government/Military,2-5 years,Other,29541,58000,0,200,Fair (580-669),625,Discharged 7+ years ago,4,45,Home Refinance,Vacation Home,40,360,20.0,Urban,Investment Portfolio,Rejected
NV0001766,Male,Single,2,Bachelor's Degree,Full-time Employee,5-10 years,Education,65162,0,0,5000,Good (670-739),705,None,4,20,Home Purchase,Medical,50,180,30.0,Rural,Business Assets,Rejected
NV0001767,Female,Married,0,Associate Degree,Independent Contractor,1-2 years,Healthcare,122875,15000,0,2500,Fair (580-669),625,None,0,5,HELOC,Primary Residence,100,360,20.0,Rural,Real Estate,Approved
NV0001768,Male,Married,0,Bachelor's Degree,Business Owner,<6 months,Legal,219194,0,0,1500,Fair (580-669),625,None,3,20,Home Purchase,Debt Consolidation,10,180,30.0,Suburban,Vehicle,Approved
NV0001769,Male,Single,0,High School,Unemployed,<6 months,Healthcare,26319,0,0,2000,Exceptional (800-850),825,None,0,20,Personal Loan,Home Improvement,150,360,20.0,Semiurban,Real Estate,Rejected
NV0001770,Male,Single,3,Bachelor's Degree,Full-time Employee,<6 months,Technology,128699,0,0,0,Poor (500-579),540,None,0,85,Auto Loan,Primary Residence,150,180,0.0,Urban,Real Estate,Approved
NV0001771,Male,Married,2,Bachelor's Degree,Business Owner,<6 months,Construction,124469,42000,0,1000,Very Good (740-799),770,None,0,45,Personal Loan,Vacation Home,50,240,5.0,Suburban,None (Unsecured),Approved
NV0001772,Female,Divorced,2,Bachelor's Degree,Full-time Employee,6-12 months,Other,49638,0,0,5000,Good (670-739),705,None,3,20,Home Purchase,Business Capital,40,360,25.0,Rural,Vehicle,Rejected
NV0001773,Female,Married,0,Associate Degree,Full-time Employee,1-2 years,Legal,26388,58000,0,0,Good (670-739),705,None,0,85,Debt Consolidation,Major Purchase,250,360,20.0,Suburban,Real Estate,Approved
NV0001774,Non-binary,Married,2,Bachelor's Degree,Part-time Employee,1-2 years,Technology,389866,80000,0,500,Exceptional (800-850),825,None,0,65,Auto Loan,Major Purchase,200,84,30.0,Urban,Investment Portfolio,Approved
NV0001775,Female,Married,0,Bachelor's Degree,Freelancer,10+ years,Government,78160,28000,3000,0,Very Poor (300-499),420,None,0,20,HELOC,Vacation Home,800,360,3.5,Urban,Real Estate,Rejected
NV0001776,Male,Divorced,0,High School,Part-time Employee,2-5 years,Healthcare,298637,0,5000,1000,Good (670-739),705,None,0,65,Home Purchase,Business Capital,40,360,5.0,Urban,Real Estate,Approved
NV0001777,Female,Domestic Partnership,2,Bachelor's Degree,Self-Employed,6-12 months,Manufacturing,69946,0,3000,0,Exceptional (800-850),825,None,0,20,Home Purchase,Home Improvement,400,360,10.0,Suburban,Vehicle,Approved
NV0001778,Male,Married,0,Master's Degree,Unemployed,2-5 years,Retail,55312,80000,3000,800,Poor (500-579),540,None,2,5,Auto Loan,Primary Residence,15,360,10.0,Suburban,Vehicle,Manual Review
NV0001779,Male,Married,2,Master's Degree,Full-time Employee,10+ years,Technology,45348,80000,0,2000,Good (670-739),705,None,0,5,Auto Loan,Major Purchase,50,360,5.0,Semiurban,Real Estate,Approved
NV0001780,Female,Divorced,0,Bachelor's Degree,Self-Employed,5-10 years,Healthcare,296527,0,3000,200,Fair (580-669),625,Discharged 7+ years ago,3,45,Home Refinance,Major Purchase,50,360,10.0,Urban,Real Estate,Manual Review
NV0001781,Male,Married,2,Bachelor's Degree,Full-time Employee,2-5 years,Healthcare,43373,28000,3000,2000,Good (670-739),705,None,1,20,Education Loan,Debt Consolidation,50,360,20.0,Urban,Vehicle,Approved
NV0001782,Female,Married,1,High School,Full-time Employee,2-5 years,Other,17406,28000,0,0,Fair (580-669),625,Discharged under 2 years,4,45,Business Loan,Investment Property,100,480,10.0,Semiurban,Business Assets,Rejected
NV0001783,Male,Single,1,Master's Degree,Independent Contractor,5-10 years,Other,69710,0,8000,0,Exceptional (800-850),825,None,0,45,Home Purchase,Debt Consolidation,25,360,0.0,Semiurban,None (Unsecured),Approved
NV0001784,Female,Domestic Partnership,0,High School,Retired,5-10 years,Manufacturing,55133,15000,0,200,Very Good (740-799),770,None,1,5,Debt Consolidation,Investment Property,300,360,20.0,Rural,Real Estate,Approved
NV0001785,Female,Domestic Partnership,0,Doctoral Degree,Self-Employed,5-10 years,Technology,40257,42000,0,2500,Good (670-739),705,None,0,5,Home Refinance,Major Purchase,75,360,20.0,Urban,Vehicle,Approved
NV0001786,Female,Single,3,Bachelor's Degree,Business Owner,10+ years,Education,79861,0,0,3000,Exceptional (800-850),825,None,0,20,Home Refinance,Investment Property,400,180,20.0,Semiurban,None (Unsecured),Rejected
NV0001787,Female,Married,0,Bachelor's Degree,Full-time Employee,10+ years,Other,48422,80000,5000,200,Fair (580-669),625,None,2,5,Personal Loan,Primary Residence,10,360,20.0,Urban,Vehicle,Approved
NV0001788,Female,Married,2,Doctoral Degree,Full-time Employee,5-10 years,Retail,55771,28000,8000,0,Very Good (740-799),770,None,1,45,Home Refinance,Major Purchase,100,360,25.0,Rural,None (Unsecured),Approved
NV0001789,Male,Single,4,High School,Self-Employed,2-5 years,Healthcare,18209,0,8000,3000,Very Good (740-799),770,None,2,20,Business Loan,Major Purchase,50,180,20.0,Semiurban,None (Unsecured),Rejected
NV0001790,Male,Widowed,0,Bachelor's Degree,Full-time Employee,5-10 years,Healthcare,62350,0,0,1500,Exceptional (800-850),825,None,2,20,Auto Loan,Business Capital,75,240,30.0,Suburban,Real Estate,Approved
NV0001791,Male,Single,0,Bachelor's Degree,Full-time Employee,5-10 years,Government,24169,0,3000,0,Fair (580-669),625,None,0,20,Auto Loan,Investment Property,200,360,20.0,Rural,Real Estate,Approved
NV0001792,Female,Single,2,Associate Degree,Self-Employed,<6 months,Government,34460,0,0,1000,Fair (580-669),625,None,1,45,Personal Loan,Vacation Home,25,360,5.0,Semiurban,Real Estate,Approved
NV0001793,Male,Married,4,Bachelor's Degree,Full-time Employee,10+ years,Manufacturing,101849,80000,0,3500,Very Good (740-799),770,None,0,65,Home Purchase,Investment Property,25,84,10.0,Urban,Real Estate,Approved
NV0001794,Female,Married,3,Bachelor's Degree,Full-time Employee,1-2 years,Technology,41466,58000,8000,0,Good (670-739),705,None,0,85,Home Purchase,Investment Property,150,120,20.0,Suburban,None (Unsecured),Approved
NV0001795,Male,Single,1,Master's Degree,Self-Employed,2-5 years,Finance,31999,0,0,0,Very Good (740-799),770,None,1,65,Home Purchase,Home Improvement,75,360,20.0,Urban,None (Unsecured),Approved
NV0001796,Male,Married,2,High School,Self-Employed,10+ years,Legal,60824,0,0,200,Good (670-739),705,None,4,20,Home Refinance,Home Improvement,30,240,20.0,Urban,Real Estate,Approved
NV0001797,Female,Married,0,Doctoral Degree,Retired,1-2 years,Other,29824,42000,0,1500,Exceptional (800-850),825,None,0,5,Home Purchase,Primary Residence,75,360,5.0,Suburban,Vehicle,Approved
NV0001798,Male,Single,4,High School,Independent Contractor,2-5 years,Technology,42622,0,0,200,Good (670-739),705,None,0,45,Home Refinance,Primary Residence,50,360,20.0,Rural,Vehicle,Approved
NV0001799,Male,Single,4,Associate Degree,Full-time Employee,6-12 months,Healthcare,80153,0,0,2500,Good (670-739),705,None,0,65,Home Purchase,Vacation Home,150,360,20.0,Semiurban,Real Estate,Approved
NV0001800,Male,Married,0,Associate Degree,Retired,2-5 years,Construction,97746,58000,0,2000,Poor (500-579),540,None,0,5,Home Purchase,Home Improvement,10,120,20.0,Urban,Investment Portfolio,Approved
NV0001801,Non-binary,Single,0,High School,Freelancer,1-2 years,Government,101057,0,0,1000,Very Good (740-799),770,None,2,20,Personal Loan,Debt Consolidation,100,120,20.0,Suburban,None (Unsecured),Approved
NV0001802,Female,Divorced,0,High School,Full-time Employee,2-5 years,Legal,60555,0,0,0,Fair (580-669),625,None,2,5,Debt Consolidation,Primary Residence,100,360,30.0,Urban,Real Estate,Approved
NV0001803,Male,Domestic Partnership,0,No Formal Education,Full-time Employee,2-5 years,Other,55694,80000,0,7500,Good (670-739),705,None,1,45,Personal Loan,Primary Residence,200,360,10.0,Urban,Real Estate,Rejected
NV0001804,Male,Widowed,2,Associate Degree,Independent Contractor,10+ years,Education,96699,0,8000,800,Poor (500-579),540,None,2,20,Personal Loan,Home Improvement,300,120,3.5,Urban,Real Estate,Rejected
NV0001805,Male,Single,0,High School,Self-Employed,10+ years,Education,29807,0,3000,800,Very Good (740-799),770,None,0,5,Debt Consolidation,Home Improvement,50,360,25.0,Urban,Real Estate,Approved
NV0001806,Female,Divorced,0,High School,Freelancer,6-12 months,Government,30307,0,3000,10000,Very Good (740-799),770,None,0,65,Education Loan,Vacation Home,40,360,5.0,Suburban,Real Estate,Rejected
NV0001807,Female,Married,0,Bachelor's Degree,Business Owner,5-10 years,Technology,74822,15000,3000,3500,Poor (500-579),540,None,0,20,Auto Loan,Business Capital,20,360,20.0,Rural,Vehicle,Manual Review
NV0001808,Male,Married,4,Master's Degree,Independent Contractor,<6 months,Other,49325,0,0,800,Exceptional (800-850),825,None,2,20,Personal Loan,Home Improvement,40,360,3.5,Rural,Vehicle,Approved
NV0001809,Male,Single,2,Associate Degree,Unemployed,<6 months,Legal,98668,0,5000,800,Exceptional (800-850),825,Discharged 7+ years ago,1,20,Home Purchase,Business Capital,15,84,0.0,Suburban,Business Assets,Approved
NV0001810,Male,Single,1,High School,Self-Employed,6-12 months,Healthcare,43599,0,8000,0,Exceptional (800-850),825,None,1,20,Education Loan,Medical,200,180,3.5,Urban,Real Estate,Approved
NV0001811,Female,Married,0,Associate Degree,Full-time Employee,10+ years,Technology,40470,80000,0,4000,Fair (580-669),625,None,0,20,Debt Consolidation,Investment Property,200,180,10.0,Urban,Real Estate,Manual Review
NV0001812,Female,Married,4,High School,Freelancer,10+ years,Government,158359,58000,0,3000,Exceptional (800-850),825,Discharged 2-7 years ago,0,20,Home Refinance,Major Purchase,50,180,3.5,Semiurban,Business Assets,Approved
NV0001813,Male,Single,2,High School,Full-time Employee,1-2 years,Manufacturing,55567,0,3000,500,Poor (500-579),540,None,3,20,Home Purchase,Debt Consolidation,30,360,5.0,Semiurban,Business Assets,Manual Review
NV0001814,Male,Married,0,Bachelor's Degree,Freelancer,1-2 years,Finance,77386,58000,0,2000,Good (670-739),705,Active/Pending,0,45,Personal Loan,Major Purchase,20,360,20.0,Semiurban,Real Estate,Rejected
NV0001815,Male,Single,0,Associate Degree,Unemployed,1-2 years,Technology,26178,0,8000,2000,Exceptional (800-850),825,None,1,45,Personal Loan,Investment Property,250,120,20.0,Urban,Real Estate,Rejected
NV0001816,Prefer not to say,Married,0,Bachelor's Degree,Independent Contractor,2-5 years,Retail,30248,0,3000,200,Very Good (740-799),770,None,0,20,HELOC,Medical,300,360,25.0,Semiurban,Business Assets,Approved
NV0001817,Male,Married,0,Associate Degree,Self-Employed,2-5 years,Other,17073,42000,0,1500,Exceptional (800-850),825,None,0,20,Personal Loan,Medical,30,360,25.0,Urban,Real Estate,Approved
NV0001818,Female,Domestic Partnership,1,Doctoral Degree,Part-time Employee,1-2 years,Education,51635,42000,0,200,Good (670-739),705,None,1,65,Education Loan,Investment Property,100,360,10.0,Urban,Real Estate,Approved
NV0001819,Female,Domestic Partnership,3,Master's Degree,Full-time Employee,5-10 years,Retail,268087,15000,3000,2500,Good (670-739),705,None,0,5,Home Purchase,Major Purchase,30,480,25.0,Urban,Vehicle,Approved
NV0001820,Male,Married,1,Bachelor's Degree,Full-time Employee,2-5 years,Technology,170317,15000,0,0,Good (670-739),705,None,1,5,Auto Loan,Investment Property,25,360,20.0,Urban,Real Estate,Approved
NV0001821,Male,Married,3,Bachelor's Degree,Independent Contractor,10+ years,Technology,74249,15000,8000,1500,Exceptional (800-850),825,None,1,20,Personal Loan,Primary Residence,10,360,20.0,Semiurban,Real Estate,Approved
NV0001822,Male,Married,1,Bachelor's Degree,Business Owner,5-10 years,Retail,162490,42000,0,500,Good (670-739),705,None,0,45,Home Refinance,Medical,100,180,20.0,Urban,Vehicle,Approved
NV0001823,Female,Domestic Partnership,2,Bachelor's Degree,Independent Contractor,2-5 years,Manufacturing,81334,0,12000,0,Fair (580-669),625,None,1,5,Personal Loan,Major Purchase,20,180,5.0,Suburban,Business Assets,Approved
NV0001824,Female,Married,2,Master's Degree,Full-time Employee,5-10 years,Retail,48389,58000,0,0,Fair (580-669),625,None,0,45,Auto Loan,Business Capital,10,360,20.0,Suburban,Business Assets,Approved
NV0001825,Female,Single,0,Bachelor's Degree,Part-time Employee,5-10 years,Healthcare,33190,0,5000,1500,Fair (580-669),625,Discharged 2-7 years ago,0,45,HELOC,Investment Property,20,360,10.0,Semiurban,None (Unsecured),Rejected
NV0001826,Male,Single,0,Master's Degree,Freelancer,2-5 years,Legal,79601,0,0,200,Very Good (740-799),770,None,1,65,Personal Loan,Business Capital,40,180,3.5,Suburban,Real Estate,Approved
NV0001827,Male,Married,2,Doctoral Degree,Part-time Employee,2-5 years,Retail,33142,58000,0,1500,Poor (500-579),540,None,0,5,Debt Consolidation,Primary Residence,150,360,3.5,Suburban,Real Estate,Approved
NV0001828,Prefer not to say,Married,0,Bachelor's Degree,Self-Employed,10+ years,Retail,54720,42000,3000,800,Very Good (740-799),770,None,0,45,Home Refinance,Home Improvement,25,60,3.5,Semiurban,Business Assets,Approved
NV0001829,Female,Domestic Partnership,0,Bachelor's Degree,Freelancer,1-2 years,Other,121457,28000,0,2000,Exceptional (800-850),825,None,3,5,Business Loan,Medical,300,360,25.0,Semiurban,Vehicle,Approved
NV0001830,Male,Single,1,High School,Independent Contractor,<6 months,Legal,24937,0,0,800,Fair (580-669),625,None,0,20,Business Loan,Debt Consolidation,30,360,30.0,Suburban,Real Estate,Approved
NV0001831,Prefer not to say,Married,4,Associate Degree,Full-time Employee,2-5 years,Finance,24043,28000,0,500,Very Poor (300-499),420,None,2,20,Business Loan,Debt Consolidation,40,360,10.0,Rural,Real Estate,Rejected
NV0001832,Female,Domestic Partnership,1,Bachelor's Degree,Government/Military,5-10 years,Retail,30471,58000,0,0,Good (670-739),705,None,2,20,Personal Loan,Investment Property,25,360,5.0,Urban,Real Estate,Approved
NV0001833,Female,Domestic Partnership,2,Associate Degree,Full-time Employee,5-10 years,Retail,59806,42000,0,500,Very Good (740-799),770,None,0,65,Personal Loan,Debt Consolidation,30,480,5.0,Rural,Vehicle,Approved
NV0001834,Female,Married,1,Master's Degree,Unemployed,10+ years,Healthcare,45115,15000,5000,1500,Very Good (740-799),770,None,0,5,Education Loan,Primary Residence,15,240,25.0,Urban,Real Estate,Approved
NV0001835,Female,Married,2,High School,Full-time Employee,2-5 years,Education,64385,42000,0,2000,Good (670-739),705,None,0,20,Home Refinance,Home Improvement,30,480,5.0,Urban,None (Unsecured),Approved
NV0001836,Female,Married,1,Bachelor's Degree,Full-time Employee,6-12 months,Healthcare,38727,15000,0,0,Poor (500-579),540,None,0,5,Home Purchase,Investment Property,250,84,30.0,Urban,Real Estate,Rejected
NV0001837,Male,Divorced,3,Bachelor's Degree,Government/Military,5-10 years,Retail,59892,0,0,1500,Exceptional (800-850),825,None,2,45,Auto Loan,Vacation Home,150,360,20.0,Urban,None (Unsecured),Approved
NV0001838,Male,Single,1,Bachelor's Degree,Full-time Employee,5-10 years,Other,40577,0,8000,200,Fair (580-669),625,None,2,5,Home Purchase,Major Purchase,300,360,25.0,Urban,Business Assets,Approved
NV0001839,Non-binary,Divorced,1,Bachelor's Degree,Business Owner,6-12 months,Healthcare,258224,0,5000,200,Very Good (740-799),770,None,0,65,Auto Loan,Medical,20,360,20.0,Suburban,Vehicle,Approved
NV0001840,Male,Married,2,Master's Degree,Freelancer,1-2 years,Other,63694,58000,0,1000,Fair (580-669),625,None,1,65,Debt Consolidation,Business Capital,50,360,20.0,Urban,Investment Portfolio,Approved
NV0001841,Male,Married,1,Bachelor's Degree,Government/Military,<6 months,Legal,93007,58000,8000,500,Poor (500-579),540,None,4,65,Auto Loan,Debt Consolidation,25,360,20.0,Urban,Investment Portfolio,Rejected
NV0001842,Male,Single,0,Bachelor's Degree,Unemployed,5-10 years,Other,92628,0,5000,1500,Very Good (740-799),770,Discharged under 2 years,0,5,Home Purchase,Debt Consolidation,150,120,25.0,Urban,Real Estate,Manual Review
NV0001843,Male,Married,0,High School,Full-time Employee,10+ years,Manufacturing,66761,15000,0,5000,Very Good (740-799),770,None,2,45,Home Purchase,Investment Property,600,360,25.0,Semiurban,Real Estate,Rejected
NV0001844,Female,Married,0,Bachelor's Degree,Business Owner,5-10 years,Construction,34083,42000,0,0,Fair (580-669),625,None,1,5,Home Purchase,Major Purchase,250,180,20.0,Suburban,Vehicle,Approved
NV0001845,Non-binary,Single,3,Master's Degree,Full-time Employee,10+ years,Legal,64057,0,0,1000,Good (670-739),705,None,0,65,Home Refinance,Major Purchase,10,60,20.0,Urban,Investment Portfolio,Approved
NV0001846,Male,Married,0,Bachelor's Degree,Full-time Employee,6-12 months,Construction,84310,42000,0,4000,Good (670-739),705,Discharged under 2 years,0,45,Personal Loan,Debt Consolidation,40,180,30.0,Urban,Vehicle,Rejected
NV0001847,Male,Divorced,0,Master's Degree,Government/Military,10+ years,Retail,48083,0,3000,200,Good (670-739),705,None,1,20,Home Purchase,Debt Consolidation,10,360,30.0,Semiurban,Vehicle,Approved
NV0001848,Male,Married,2,Bachelor's Degree,Full-time Employee,5-10 years,Retail,26110,0,0,500,Exceptional (800-850),825,None,0,45,Home Refinance,Business Capital,10,360,20.0,Semiurban,Vehicle,Approved
NV0001849,Female,Married,0,High School,Self-Employed,2-5 years,Manufacturing,16740,80000,0,0,Fair (580-669),625,None,0,5,Home Refinance,Vacation Home,15,180,0.0,Urban,Vehicle,Approved
NV0001850,Female,Single,1,High School,Self-Employed,10+ years,Technology,44274,0,0,1500,Exceptional (800-850),825,None,1,20,Debt Consolidation,Major Purchase,30,120,3.5,Urban,Vehicle,Approved
NV0001851,Male,Married,0,Associate Degree,Independent Contractor,1-2 years,Construction,33957,58000,5000,1500,Poor (500-579),540,None,1,20,Home Refinance,Primary Residence,30,360,25.0,Semiurban,Vehicle,Approved
NV0001852,Female,Single,3,Bachelor's Degree,Unemployed,10+ years,Healthcare,167320,0,0,1500,Very Good (740-799),770,None,0,85,Home Purchase,Medical,50,480,0.0,Urban,None (Unsecured),Approved
NV0001853,Female,Married,3,Master's Degree,Full-time Employee,10+ years,Manufacturing,33642,58000,0,1000,Fair (580-669),625,None,0,65,Auto Loan,Investment Property,50,360,5.0,Suburban,Investment Portfolio,Approved
NV0001854,Female,Divorced,3,Associate Degree,Self-Employed,5-10 years,Legal,52511,0,12000,2000,Very Good (740-799),770,None,0,45,Auto Loan,Investment Property,200,360,5.0,Urban,Investment Portfolio,Approved
NV0001855,Non-binary,Married,1,Bachelor's Degree,Government/Military,2-5 years,Finance,96238,58000,0,0,Very Good (740-799),770,None,0,65,Home Purchase,Vacation Home,20,360,20.0,Urban,Vehicle,Approved
NV0001856,Male,Single,2,Bachelor's Degree,Part-time Employee,6-12 months,Healthcare,127864,0,0,5000,Very Good (740-799),770,None,0,20,HELOC,Medical,20,360,20.0,Suburban,Investment Portfolio,Approved
NV0001857,Female,Married,0,Bachelor's Degree,Full-time Employee,2-5 years,Other,64371,42000,3000,200,Fair (580-669),625,None,0,65,Personal Loan,Vacation Home,100,480,5.0,Suburban,Vehicle,Approved
NV0001858,Male,Married,0,Associate Degree,Self-Employed,2-5 years,Retail,29467,28000,8000,0,Good (670-739),705,None,0,20,Home Purchase,Primary Residence,100,360,5.0,Urban,Real Estate,Approved
NV0001859,Female,Married,0,High School,Full-time Employee,5-10 years,Legal,41844,80000,0,5000,Poor (500-579),540,None,0,45,Business Loan,Home Improvement,20,360,20.0,Suburban,None (Unsecured),Rejected
NV0001860,Female,Domestic Partnership,1,Associate Degree,Full-time Employee,5-10 years,Manufacturing,53257,80000,3000,3000,Very Good (740-799),770,None,0,45,Business Loan,Investment Property,250,360,30.0,Rural,Real Estate,Approved
NV0001861,Female,Domestic Partnership,1,High School,Government/Military,10+ years,Construction,47955,42000,8000,2500,Fair (580-669),625,None,0,5,Home Refinance,Major Purchase,40,480,0.0,Urban,Real Estate,Approved
NV0001862,Female,Married,1,Associate Degree,Self-Employed,<6 months,Construction,42815,58000,0,0,Fair (580-669),625,Discharged 7+ years ago,0,20,Auto Loan,Medical,40,120,3.5,Semiurban,Real Estate,Approved
NV0001863,Male,Married,0,High School,Retired,5-10 years,Government,25610,80000,0,2500,Exceptional (800-850),825,None,0,5,Debt Consolidation,Debt Consolidation,50,360,20.0,Urban,Real Estate,Approved
NV0001864,Male,Single,1,Bachelor's Degree,Freelancer,10+ years,Retail,151247,0,3000,1500,Very Good (740-799),770,None,3,85,Business Loan,Medical,40,360,25.0,Urban,Business Assets,Approved
NV0001865,Prefer not to say,Single,2,Associate Degree,Independent Contractor,5-10 years,Healthcare,17801,0,0,2000,Good (670-739),705,None,0,5,Home Refinance,Primary Residence,75,360,20.0,Urban,Vehicle,Rejected
NV0001866,Non-binary,Married,1,No Formal Education,Full-time Employee,6-12 months,Other,55863,28000,0,7500,Very Good (740-799),770,None,1,20,Home Refinance,Business Capital,40,360,20.0,Semiurban,Business Assets,Rejected
NV0001867,Male,Married,2,Associate Degree,Part-time Employee,6-12 months,Other,297211,58000,8000,200,Very Good (740-799),770,Discharged 7+ years ago,3,45,Home Purchase,Investment Property,30,360,25.0,Suburban,Real Estate,Approved
NV0001868,Male,Married,0,Bachelor's Degree,Full-time Employee,<6 months,Retail,78858,28000,0,1000,Good (670-739),705,None,0,5,Personal Loan,Major Purchase,400,180,5.0,Semiurban,Real Estate,Approved
NV0001869,Male,Married,2,Bachelor's Degree,Retired,5-10 years,Government,50750,42000,0,2000,Very Good (740-799),770,None,2,20,Home Purchase,Primary Residence,30,240,3.5,Urban,Real Estate,Approved
NV0001870,Female,Single,1,High School,Full-time Employee,5-10 years,Government,30075,0,0,800,Fair (580-669),625,Discharged under 2 years,0,45,Auto Loan,Business Capital,150,480,20.0,Semiurban,Investment Portfolio,Rejected
NV0001871,Female,Married,0,Master's Degree,Full-time Employee,10+ years,Healthcare,259176,0,3000,0,Poor (500-579),540,None,0,5,Debt Consolidation,Home Improvement,40,360,25.0,Rural,Business Assets,Approved
NV0001872,Male,Single,0,High School,Self-Employed,2-5 years,Government,17416,0,0,0,Good (670-739),705,None,0,45,Debt Consolidation,Major Purchase,50,360,20.0,Rural,Vehicle,Approved
NV0001873,Male,Single,2,Doctoral Degree,Full-time Employee,2-5 years,Manufacturing,85635,0,3000,1500,Good (670-739),705,None,0,20,Personal Loan,Investment Property,30,360,30.0,Urban,Real Estate,Approved
NV0001874,Female,Domestic Partnership,2,Master's Degree,Full-time Employee,5-10 years,Government,171740,0,5000,500,Exceptional (800-850),825,None,0,5,Home Refinance,Medical,200,360,20.0,Semiurban,None (Unsecured),Approved
NV0001875,Female,Single,1,Bachelor's Degree,Self-Employed,10+ years,Construction,18900,0,0,0,Poor (500-579),540,Discharged under 2 years,0,20,Personal Loan,Debt Consolidation,150,360,20.0,Semiurban,Real Estate,Rejected
NV0001876,Male,Married,0,Bachelor's Degree,Full-time Employee,10+ years,Education,97613,42000,12000,500,Very Good (740-799),770,None,1,20,Home Purchase,Major Purchase,10,180,0.0,Rural,Vehicle,Approved
NV0001877,Female,Single,3,Bachelor's Degree,Full-time Employee,5-10 years,Technology,377192,0,8000,200,Good (670-739),705,Discharged 7+ years ago,3,65,Business Loan,Business Capital,15,360,3.5,Urban,Vehicle,Manual Review
NV0001878,Male,Domestic Partnership,2,Bachelor's Degree,Full-time Employee,2-5 years,Construction,81222,42000,0,0,Very Poor (300-499),420,Active/Pending,0,65,Home Refinance,Business Capital,400,360,20.0,Urban,Real Estate,Rejected
NV0001879,Male,Married,1,Bachelor's Degree,Business Owner,5-10 years,Construction,53218,42000,0,0,Good (670-739),705,None,0,20,Auto Loan,Investment Property,300,360,5.0,Semiurban,Real Estate,Approved
NV0001880,Female,Single,1,High School,Self-Employed,10+ years,Finance,158069,0,0,3500,Fair (580-669),625,None,0,20,Personal Loan,Business Capital,75,120,0.0,Suburban,Real Estate,Approved
NV0001881,Female,Married,0,High School,Part-time Employee,2-5 years,Finance,66993,28000,0,0,Good (670-739),705,None,0,20,Home Purchase,Primary Residence,75,180,25.0,Semiurban,None (Unsecured),Approved
NV0001882,Female,Married,2,Bachelor's Degree,Self-Employed,1-2 years,Retail,103946,58000,0,2500,Exceptional (800-850),825,None,1,20,Auto Loan,Home Improvement,250,180,25.0,Suburban,Investment Portfolio,Approved
NV0001883,Female,Divorced,0,Bachelor's Degree,Full-time Employee,1-2 years,Finance,67943,0,0,2000,Fair (580-669),625,None,0,20,Personal Loan,Business Capital,20,360,5.0,Urban,Business Assets,Approved
NV0001884,Female,Single,4,Master's Degree,Retired,<6 months,Retail,18006,0,0,1000,Exceptional (800-850),825,None,0,45,Home Purchase,Major Purchase,100,480,20.0,Semiurban,Vehicle,Rejected
NV0001885,Male,Divorced,1,High School,Full-time Employee,5-10 years,Construction,33493,0,0,200,Fair (580-669),625,None,1,20,Personal Loan,Primary Residence,50,480,0.0,Semiurban,Vehicle,Approved
NV0001886,Male,Divorced,1,Master's Degree,Independent Contractor,6-12 months,Technology,23101,0,0,3500,Exceptional (800-850),825,Discharged 2-7 years ago,2,5,HELOC,Primary Residence,200,180,5.0,Rural,Investment Portfolio,Rejected
NV0001887,Male,Divorced,1,Associate Degree,Government/Military,1-2 years,Healthcare,25721,0,0,800,Poor (500-579),540,None,0,20,Education Loan,Vacation Home,10,240,20.0,Suburban,None (Unsecured),Approved
NV0001888,Male,Married,3,Bachelor's Degree,Freelancer,2-5 years,Healthcare,17238,42000,0,200,Exceptional (800-850),825,None,0,5,Debt Consolidation,Primary Residence,100,60,20.0,Suburban,Real Estate,Approved
NV0001889,Female,Married,2,Associate Degree,Full-time Employee,2-5 years,Education,50090,58000,0,800,Good (670-739),705,Discharged 7+ years ago,0,45,Education Loan,Medical,75,360,0.0,Rural,Real Estate,Approved
NV0001890,Prefer not to say,Married,1,Bachelor's Degree,Full-time Employee,2-5 years,Legal,29907,58000,8000,200,Good (670-739),705,None,0,20,Debt Consolidation,Major Purchase,250,360,10.0,Rural,Investment Portfolio,Approved
NV0001891,Male,Married,2,High School,Business Owner,5-10 years,Healthcare,118847,28000,0,500,Good (670-739),705,None,0,20,Debt Consolidation,Home Improvement,150,360,5.0,Suburban,None (Unsecured),Approved
NV0001892,Male,Married,1,Bachelor's Degree,Full-time Employee,<6 months,Legal,107872,28000,8000,800,Very Good (740-799),770,None,0,20,Home Refinance,Debt Consolidation,300,180,30.0,Semiurban,None (Unsecured),Approved
NV0001893,Female,Married,1,Master's Degree,Freelancer,6-12 months,Government,64120,42000,0,500,Good (670-739),705,None,3,65,Home Refinance,Vacation Home,300,180,20.0,Suburban,Investment Portfolio,Approved
NV0001894,Male,Married,0,Bachelor's Degree,Business Owner,2-5 years,Other,69448,0,3000,1500,Very Good (740-799),770,None,0,5,Home Purchase,Primary Residence,50,180,10.0,Suburban,Real Estate,Approved
NV0001895,Female,Married,1,Bachelor's Degree,Business Owner,2-5 years,Construction,39734,80000,0,4000,Very Good (740-799),770,None,0,65,Debt Consolidation,Major Purchase,20,240,0.0,Semiurban,Real Estate,Approved
NV0001896,Female,Domestic Partnership,0,Master's Degree,Full-time Employee,2-5 years,Technology,61922,28000,5000,500,Very Good (740-799),770,None,0,20,Home Purchase,Medical,100,360,20.0,Rural,None (Unsecured),Approved
NV0001897,Female,Single,3,Bachelor's Degree,Business Owner,6-12 months,Retail,80740,0,0,500,Good (670-739),705,Discharged under 2 years,0,65,Personal Loan,Medical,300,360,20.0,Semiurban,Vehicle,Manual Review
NV0001898,Male,Domestic Partnership,0,Bachelor's Degree,Independent Contractor,10+ years,Legal,97592,80000,12000,2000,Very Good (740-799),770,None,1,45,Business Loan,Medical,15,360,25.0,Urban,Real Estate,Approved
NV0001899,Male,Married,3,Associate Degree,Government/Military,5-10 years,Education,25575,0,0,1000,No History,300,None,0,5,Personal Loan,Investment Property,75,360,5.0,Semiurban,None (Unsecured),Rejected
NV0001900,Female,Domestic Partnership,1,Master's Degree,Full-time Employee,6-12 months,Healthcare,98752,0,0,800,Good (670-739),705,None,0,65,Education Loan,Vacation Home,20,180,30.0,Urban,Real Estate,Approved
NV0001901,Female,Married,2,Bachelor's Degree,Full-time Employee,6-12 months,Manufacturing,104985,42000,0,2500,Exceptional (800-850),825,None,0,45,Auto Loan,Home Improvement,10,180,10.0,Semiurban,Investment Portfolio,Approved
NV0001902,Male,Married,1,Associate Degree,Full-time Employee,10+ years,Healthcare,64288,28000,5000,3500,Good (670-739),705,None,0,5,Home Purchase,Investment Property,150,60,5.0,Suburban,Investment Portfolio,Rejected
NV0001903,Female,Divorced,0,Associate Degree,Full-time Employee,5-10 years,Finance,32370,0,12000,1000,Poor (500-579),540,Discharged 2-7 years ago,0,5,Auto Loan,Business Capital,150,360,10.0,Urban,Real Estate,Manual Review
NV0001904,Male,Single,0,Master's Degree,Self-Employed,2-5 years,Construction,63139,0,0,200,Exceptional (800-850),825,None,0,45,Debt Consolidation,Home Improvement,100,360,20.0,Urban,Real Estate,Approved
NV0001905,Female,Domestic Partnership,0,High School,Retired,5-10 years,Finance,67122,28000,5000,800,Good (670-739),705,None,0,45,Home Purchase,Investment Property,250,360,30.0,Rural,Real Estate,Approved
NV0001906,Male,Married,2,No Formal Education,Full-time Employee,5-10 years,Healthcare,66609,15000,3000,1000,Good (670-739),705,None,0,45,Auto Loan,Debt Consolidation,15,84,20.0,Urban,Investment Portfolio,Approved
NV0001907,Non-binary,Married,1,High School,Government/Military,5-10 years,Manufacturing,51143,58000,0,800,Exceptional (800-850),825,None,0,45,Debt Consolidation,Home Improvement,20,360,20.0,Semiurban,Vehicle,Approved
NV0001908,Male,Married,2,Master's Degree,Full-time Employee,2-5 years,Finance,24104,15000,3000,200,Fair (580-669),625,None,1,45,Home Purchase,Investment Property,300,60,3.5,Semiurban,Real Estate,Rejected
NV0001909,Male,Married,0,Bachelor's Degree,Full-time Employee,2-5 years,Technology,32584,28000,0,800,Very Good (740-799),770,None,1,45,Personal Loan,Business Capital,75,120,3.5,Urban,None (Unsecured),Approved
NV0001910,Male,Married,0,Bachelor's Degree,Full-time Employee,<6 months,Finance,26772,58000,0,800,Very Good (740-799),770,None,1,20,Home Purchase,Medical,30,360,20.0,Urban,Real Estate,Approved
NV0001911,Male,Single,1,Master's Degree,Full-time Employee,10+ years,Manufacturing,39531,0,5000,200,Fair (580-669),625,None,2,20,Home Purchase,Business Capital,150,360,20.0,Suburban,Real Estate,Approved
NV0001912,Female,Single,3,Bachelor's Degree,Retired,5-10 years,Finance,44010,0,0,4000,Good (670-739),705,None,0,65,Personal Loan,Home Improvement,300,360,20.0,Urban,Real Estate,Rejected
NV0001913,Prefer not to say,Single,2,Bachelor's Degree,Full-time Employee,1-2 years,Legal,42288,0,8000,3500,Poor (500-579),540,None,2,5,Auto Loan,Business Capital,150,360,5.0,Semiurban,Real Estate,Rejected
NV0001914,Male,Divorced,1,High School,Self-Employed,10+ years,Government,32130,0,5000,2000,Good (670-739),705,None,0,20,Home Purchase,Vacation Home,200,120,3.5,Suburban,None (Unsecured),Rejected
NV0001915,Male,Divorced,1,High School,Part-time Employee,10+ years,Retail,107386,0,5000,500,Fair (580-669),625,Discharged under 2 years,0,45,Debt Consolidation,Home Improvement,30,180,10.0,Suburban,Real Estate,Manual Review
NV0001916,Female,Married,0,Associate Degree,Retired,10+ years,Healthcare,127117,58000,0,500,Fair (580-669),625,None,0,20,Home Purchase,Major Purchase,30,180,25.0,Urban,Vehicle,Approved
NV0001917,Female,Married,4,Bachelor's Degree,Full-time Employee,10+ years,Legal,44221,58000,0,2000,Exceptional (800-850),825,None,0,5,Home Purchase,Home Improvement,300,120,20.0,Semiurban,None (Unsecured),Manual Review
NV0001918,Female,Married,2,High School,Full-time Employee,10+ years,Retail,42097,80000,0,1500,Fair (580-669),625,None,4,5,HELOC,Investment Property,100,180,10.0,Rural,Investment Portfolio,Manual Review
NV0001919,Male,Married,0,High School,Full-time Employee,1-2 years,Government,119997,58000,12000,1500,Good (670-739),705,None,0,45,Debt Consolidation,Business Capital,30,360,10.0,Rural,Real Estate,Approved
NV0001920,Male,Domestic Partnership,1,Bachelor's Degree,Part-time Employee,10+ years,Legal,82489,0,0,0,Exceptional (800-850),825,None,0,85,Home Refinance,Business Capital,75,180,3.5,Rural,None (Unsecured),Approved
NV0001921,Female,Divorced,0,Bachelor's Degree,Full-time Employee,10+ years,Education,44843,0,0,1500,Good (670-739),705,None,0,20,Home Purchase,Home Improvement,150,360,20.0,Semiurban,Investment Portfolio,Approved
NV0001922,Male,Married,4,Bachelor's Degree,Government/Military,1-2 years,Legal,105459,58000,0,4000,Exceptional (800-850),825,None,0,20,Debt Consolidation,Debt Consolidation,25,360,20.0,Urban,Real Estate,Approved
NV0001923,Female,Married,0,High School,Self-Employed,6-12 months,Technology,39973,58000,0,0,Fair (580-669),625,None,0,20,Home Purchase,Primary Residence,100,240,30.0,Semiurban,Investment Portfolio,Approved
NV0001924,Male,Single,2,High School,Self-Employed,10+ years,Manufacturing,63095,0,0,500,Good (670-739),705,Discharged 7+ years ago,0,20,Personal Loan,Vacation Home,10,360,20.0,Rural,None (Unsecured),Approved
NV0001925,Female,Widowed,0,Doctoral Degree,Self-Employed,2-5 years,Healthcare,401080,0,0,1000,Very Poor (300-499),420,None,0,5,Home Purchase,Major Purchase,30,360,3.5,Rural,Vehicle,Rejected
NV0001926,Male,Single,2,Associate Degree,Full-time Employee,10+ years,Construction,42481,0,0,1500,Exceptional (800-850),825,None,2,20,Auto Loan,Medical,150,360,20.0,Urban,Investment Portfolio,Manual Review
NV0001927,Female,Married,2,Master's Degree,Part-time Employee,<6 months,Retail,199712,0,12000,0,Good (670-739),705,None,0,20,Personal Loan,Investment Property,20,60,20.0,Urban,None (Unsecured),Approved
NV0001928,Male,Married,2,Master's Degree,Unemployed,<6 months,Finance,40185,42000,3000,3500,Very Good (740-799),770,Discharged 7+ years ago,0,5,HELOC,Medical,25,360,0.0,Suburban,Investment Portfolio,Rejected
NV0001929,Female,Married,1,Master's Degree,Government/Military,2-5 years,Healthcare,67691,28000,3000,0,Good (670-739),705,None,1,5,HELOC,Medical,300,84,25.0,Urban,Real Estate,Manual Review
NV0001930,Male,Single,3,High School,Government/Military,1-2 years,Construction,53916,0,0,3000,Fair (580-669),625,None,4,45,Business Loan,Business Capital,150,360,25.0,Urban,Real Estate,Rejected
NV0001931,Female,Divorced,0,Master's Degree,Freelancer,5-10 years,Government,105427,0,5000,0,Fair (580-669),625,None,0,65,Home Purchase,Home Improvement,75,60,20.0,Rural,Vehicle,Approved
NV0001932,Female,Single,0,Master's Degree,Full-time Employee,2-5 years,Legal,26731,0,8000,0,Fair (580-669),625,None,0,65,Home Purchase,Home Improvement,25,360,20.0,Semiurban,Real Estate,Approved
NV0001933,Female,Married,0,Bachelor's Degree,Full-time Employee,6-12 months,Construction,77545,0,12000,2500,Fair (580-669),625,None,4,45,Home Purchase,Home Improvement,40,360,20.0,Urban,None (Unsecured),Rejected
NV0001934,Female,Single,4,Bachelor's Degree,Full-time Employee,1-2 years,Education,105753,0,0,3000,Exceptional (800-850),825,None,0,5,Home Purchase,Business Capital,100,360,20.0,Semiurban,Vehicle,Approved
NV0001935,Female,Married,1,Associate Degree,Full-time Employee,2-5 years,Healthcare,66726,42000,8000,7500,Very Good (740-799),770,None,0,45,Auto Loan,Vacation Home,20,84,0.0,Semiurban,Vehicle,Rejected
NV0001936,Female,Married,2,High School,Full-time Employee,1-2 years,Healthcare,26831,0,0,0,Good (670-739),705,Discharged 2-7 years ago,0,5,HELOC,Major Purchase,75,180,3.5,Semiurban,Investment Portfolio,Approved
NV0001937,Male,Married,2,Bachelor's Degree,Part-time Employee,5-10 years,Healthcare,40468,15000,0,1000,Good (670-739),705,Discharged 7+ years ago,3,45,Auto Loan,Primary Residence,50,360,3.5,Suburban,Vehicle,Manual Review
NV0001938,Female,Single,0,Bachelor's Degree,Independent Contractor,2-5 years,Manufacturing,77051,0,0,0,Exceptional (800-850),825,None,4,45,Debt Consolidation,Debt Consolidation,50,360,20.0,Urban,Real Estate,Approved
NV0001939,Male,Single,0,Bachelor's Degree,Government/Military,6-12 months,Government,165229,0,3000,0,Good (670-739),705,Discharged 7+ years ago,2,45,Business Loan,Major Purchase,20,360,10.0,Rural,Real Estate,Approved
NV0001940,Male,Married,0,Bachelor's Degree,Business Owner,2-5 years,Manufacturing,55564,0,0,200,Very Good (740-799),770,None,0,85,Home Purchase,Debt Consolidation,20,240,20.0,Urban,Vehicle,Approved
NV0001941,Male,Married,1,Bachelor's Degree,Retired,6-12 months,Healthcare,68375,42000,0,0,Very Good (740-799),770,None,0,45,Education Loan,Medical,600,84,20.0,Semiurban,None (Unsecured),Rejected
NV0001942,Male,Divorced,0,Bachelor's Degree,Full-time Employee,6-12 months,Education,33162,0,5000,3500,Fair (580-669),625,None,0,45,Home Purchase,Major Purchase,600,360,10.0,Rural,Investment Portfolio,Rejected
NV0001943,Female,Single,0,Master's Degree,Full-time Employee,1-2 years,Finance,51062,0,0,0,Very Good (740-799),770,None,2,20,Auto Loan,Investment Property,50,180,20.0,Urban,Real Estate,Approved
NV0001944,Female,Married,3,High School,Independent Contractor,10+ years,Education,43463,80000,0,1500,Exceptional (800-850),825,None,3,65,Home Refinance,Primary Residence,200,84,10.0,Semiurban,Real Estate,Manual Review
NV0001945,Female,Single,4,Bachelor's Degree,Full-time Employee,10+ years,Retail,83854,0,0,1500,Exceptional (800-850),825,None,0,5,Debt Consolidation,Primary Residence,100,360,10.0,Urban,Business Assets,Approved
NV0001946,Male,Single,0,High School,Full-time Employee,10+ years,Government,291347,0,0,200,Fair (580-669),625,Discharged 2-7 years ago,1,65,Home Refinance,Vacation Home,20,360,10.0,Urban,None (Unsecured),Manual Review
NV0001947,Male,Married,0,Bachelor's Degree,Full-time Employee,2-5 years,Legal,128536,80000,0,10000,Very Poor (300-499),420,None,0,20,Auto Loan,Business Capital,30,60,30.0,Semiurban,Real Estate,Rejected
NV0001948,Male,Married,0,Master's Degree,Full-time Employee,1-2 years,Healthcare,29681,28000,0,500,Good (670-739),705,None,0,5,Business Loan,Major Purchase,40,120,20.0,Rural,Investment Portfolio,Approved
NV0001949,Male,Single,2,Doctoral Degree,Self-Employed,2-5 years,Construction,66661,0,12000,4000,Very Good (740-799),770,Discharged 7+ years ago,1,65,Auto Loan,Home Improvement,100,360,0.0,Urban,Vehicle,Rejected
NV0001950,Male,Single,2,Associate Degree,Part-time Employee,5-10 years,Finance,24913,0,8000,5000,Poor (500-579),540,None,0,5,Auto Loan,Primary Residence,100,84,30.0,Suburban,Vehicle,Rejected
NV0001951,Male,Single,0,Doctoral Degree,Self-Employed,10+ years,Legal,45101,0,0,5000,Good (670-739),705,None,0,65,Personal Loan,Major Purchase,400,360,20.0,Urban,Business Assets,Rejected
NV0001952,Male,Domestic Partnership,0,High School,Independent Contractor,6-12 months,Other,32548,80000,0,2000,Fair (580-669),625,None,0,20,Home Purchase,Home Improvement,200,240,3.5,Urban,Real Estate,Approved
NV0001953,Female,Divorced,2,Bachelor's Degree,Full-time Employee,<6 months,Education,42727,0,0,200,Fair (580-669),625,None,2,65,Education Loan,Vacation Home,250,84,0.0,Urban,Vehicle,Rejected
NV0001954,Female,Single,1,High School,Full-time Employee,5-10 years,Finance,86323,0,0,0,Very Good (740-799),770,None,2,45,Auto Loan,Medical,300,360,10.0,Urban,Real Estate,Approved
NV0001955,Prefer not to say,Single,0,Master's Degree,Full-time Employee,10+ years,Other,60773,0,0,1000,Good (670-739),705,None,3,45,Home Refinance,Medical,200,360,20.0,Urban,Real Estate,Approved
NV0001956,Non-binary,Domestic Partnership,2,Bachelor's Degree,Full-time Employee,10+ years,Manufacturing,202484,0,0,500,Exceptional (800-850),825,None,1,20,Home Purchase,Major Purchase,40,240,20.0,Rural,Investment Portfolio,Approved
NV0001957,Female,Divorced,0,Bachelor's Degree,Business Owner,5-10 years,Other,32799,0,0,3000,Very Good (740-799),770,None,0,5,Personal Loan,Major Purchase,25,360,5.0,Semiurban,Real Estate,Rejected
NV0001958,Male,Married,0,Master's Degree,Business Owner,10+ years,Legal,50462,28000,0,2000,Fair (580-669),625,None,0,65,Home Purchase,Investment Property,100,60,10.0,Semiurban,Vehicle,Rejected
NV0001959,Female,Single,2,High School,Independent Contractor,2-5 years,Government,40966,0,0,200,Poor (500-579),540,None,4,5,Home Refinance,Major Purchase,150,360,5.0,Suburban,Real Estate,Rejected
NV0001960,Female,Single,2,High School,Full-time Employee,10+ years,Education,34010,0,8000,0,Fair (580-669),625,None,0,20,Home Purchase,Investment Property,40,240,0.0,Semiurban,Investment Portfolio,Approved
NV0001961,Male,Married,1,Master's Degree,Self-Employed,10+ years,Finance,405078,28000,12000,200,Good (670-739),705,None,1,45,Personal Loan,Home Improvement,250,360,20.0,Urban,Real Estate,Approved
NV0001962,Male,Married,3,Associate Degree,Self-Employed,10+ years,Other,48695,58000,8000,1000,Exceptional (800-850),825,Discharged 2-7 years ago,1,20,Home Refinance,Business Capital,600,360,10.0,Urban,Investment Portfolio,Approved
NV0001963,Female,Single,1,High School,Part-time Employee,2-5 years,Education,203644,0,12000,0,Exceptional (800-850),825,None,2,5,HELOC,Medical,75,360,20.0,Urban,Investment Portfolio,Approved
NV0001964,Male,Married,2,Bachelor's Degree,Self-Employed,1-2 years,Finance,48472,28000,0,1500,Very Good (740-799),770,None,0,5,Home Purchase,Business Capital,50,360,30.0,Semiurban,None (Unsecured),Approved
NV0001965,Female,Single,1,Bachelor's Degree,Part-time Employee,2-5 years,Finance,32287,0,3000,1500,Good (670-739),705,Discharged 2-7 years ago,0,5,HELOC,Home Improvement,250,360,3.5,Urban,None (Unsecured),Rejected
NV0001966,Female,Married,3,High School,Self-Employed,2-5 years,Legal,23693,58000,0,200,Good (670-739),705,None,1,65,Business Loan,Medical,10,360,0.0,Semiurban,Real Estate,Approved
NV0001967,Male,Married,3,Associate Degree,Business Owner,10+ years,Education,132142,28000,5000,1000,Exceptional (800-850),825,None,2,5,Home Refinance,Medical,20,360,0.0,Rural,Real Estate,Approved
NV0001968,Male,Single,0,High School,Full-time Employee,6-12 months,Legal,18222,0,5000,1500,No History,300,None,1,85,Debt Consolidation,Primary Residence,250,120,20.0,Rural,Investment Portfolio,Rejected
NV0001969,Male,Married,3,Bachelor's Degree,Business Owner,1-2 years,Other,260260,42000,0,800,Very Good (740-799),770,None,0,5,Business Loan,Vacation Home,150,360,20.0,Rural,Investment Portfolio,Approved
NV0001970,Male,Married,2,Master's Degree,Full-time Employee,5-10 years,Retail,50343,0,0,5000,Fair (580-669),625,None,0,5,Personal Loan,Business Capital,50,360,20.0,Urban,Real Estate,Rejected
NV0001971,Male,Divorced,2,No Formal Education,Full-time Employee,6-12 months,Government,42781,0,0,0,Good (670-739),705,None,1,20,Personal Loan,Investment Property,300,180,20.0,Urban,Real Estate,Rejected
NV0001972,Female,Married,0,Bachelor's Degree,Unemployed,2-5 years,Retail,77894,80000,0,500,Exceptional (800-850),825,None,1,5,Home Refinance,Medical,40,360,10.0,Semiurban,Vehicle,Approved
NV0001973,Male,Single,2,High School,Unemployed,2-5 years,Technology,25052,0,12000,3500,Fair (580-669),625,None,1,45,HELOC,Primary Residence,100,360,10.0,Urban,None (Unsecured),Rejected
NV0001974,Male,Married,3,Master's Degree,Full-time Employee,5-10 years,Healthcare,26637,28000,8000,500,Fair (580-669),625,Discharged 7+ years ago,0,65,Home Purchase,Business Capital,100,360,10.0,Urban,None (Unsecured),Approved
NV0001975,Male,Single,0,Bachelor's Degree,Part-time Employee,1-2 years,Retail,122000,0,0,800,Good (670-739),705,Discharged 7+ years ago,3,5,Home Purchase,Debt Consolidation,25,60,20.0,Semiurban,Real Estate,Approved
NV0001976,Non-binary,Divorced,3,High School,Full-time Employee,10+ years,Manufacturing,50634,0,0,1500,Good (670-739),705,None,0,45,HELOC,Primary Residence,30,360,3.5,Urban,Real Estate,Approved
NV0001977,Male,Married,0,Doctoral Degree,Part-time Employee,2-5 years,Government,68325,28000,0,1500,Exceptional (800-850),825,None,2,20,Personal Loan,Home Improvement,400,360,20.0,Rural,Real Estate,Approved
NV0001978,Male,Married,0,Master's Degree,Government/Military,10+ years,Healthcare,31072,15000,12000,0,Good (670-739),705,None,0,5,Education Loan,Debt Consolidation,25,84,20.0,Urban,Vehicle,Approved
NV0001979,Female,Single,1,Master's Degree,Unemployed,2-5 years,Other,23311,0,8000,800,Poor (500-579),540,None,0,5,Home Purchase,Business Capital,25,360,5.0,Suburban,Business Assets,Approved
NV0001980,Female,Married,1,Bachelor's Degree,Independent Contractor,1-2 years,Legal,49345,28000,0,500,Exceptional (800-850),825,Discharged 7+ years ago,2,65,Business Loan,Primary Residence,50,480,20.0,Rural,Business Assets,Approved
NV0001981,Male,Domestic Partnership,2,Associate Degree,Full-time Employee,1-2 years,Manufacturing,69667,42000,3000,1500,Very Good (740-799),770,Discharged 2-7 years ago,0,5,Personal Loan,Major Purchase,15,360,30.0,Urban,Vehicle,Approved
NV0001982,Female,Domestic Partnership,0,Associate Degree,Self-Employed,<6 months,Healthcare,106932,0,5000,1000,Poor (500-579),540,Discharged 7+ years ago,0,65,Home Purchase,Vacation Home,300,360,0.0,Semiurban,Real Estate,Approved
NV0001983,Male,Single,4,Bachelor's Degree,Full-time Employee,2-5 years,Healthcare,62138,0,0,1500,Very Good (740-799),770,None,0,20,Home Purchase,Investment Property,20,360,5.0,Semiurban,Real Estate,Approved
NV0001984,Male,Single,0,Associate Degree,Retired,6-12 months,Finance,100856,0,8000,1500,Good (670-739),705,None,1,5,Education Loan,Major Purchase,100,60,10.0,Rural,None (Unsecured),Approved
NV0001985,Male,Domestic Partnership,0,Bachelor's Degree,Government/Military,2-5 years,Technology,23549,15000,0,200,Good (670-739),705,Discharged 2-7 years ago,0,20,Personal Loan,Debt Consolidation,40,480,20.0,Semiurban,Real Estate,Approved
NV0001986,Male,Divorced,0,Master's Degree,Self-Employed,5-10 years,Legal,25698,0,0,200,Good (670-739),705,None,0,45,HELOC,Medical,200,360,5.0,Semiurban,Real Estate,Approved
NV0001987,Female,Single,1,Master's Degree,Full-time Employee,1-2 years,Other,30388,0,0,500,Very Good (740-799),770,None,3,45,Debt Consolidation,Vacation Home,100,360,30.0,Semiurban,Investment Portfolio,Approved
NV0001988,Male,Married,3,Bachelor's Degree,Full-time Employee,1-2 years,Education,92796,28000,3000,200,Very Good (740-799),770,None,0,20,Auto Loan,Medical,40,120,20.0,Urban,Investment Portfolio,Approved
NV0001989,Male,Married,2,Master's Degree,Full-time Employee,5-10 years,Retail,105198,28000,0,1500,Exceptional (800-850),825,None,0,65,Home Purchase,Primary Residence,800,180,25.0,Suburban,None (Unsecured),Rejected
NV0001990,Female,Domestic Partnership,2,Master's Degree,Freelancer,10+ years,Government,31106,58000,3000,1500,Fair (580-669),625,Active/Pending,0,5,Business Loan,Major Purchase,15,180,10.0,Urban,Real Estate,Rejected
NV0001991,Female,Single,0,Bachelor's Degree,Part-time Employee,6-12 months,Technology,16872,0,8000,200,Fair (580-669),625,None,4,65,Debt Consolidation,Home Improvement,100,360,25.0,Urban,Vehicle,Rejected
NV0001992,Male,Single,1,Associate Degree,Full-time Employee,1-2 years,Finance,84273,0,5000,3500,Good (670-739),705,None,0,65,Home Purchase,Business Capital,800,180,10.0,Urban,Vehicle,Rejected
NV0001993,Female,Married,1,Associate Degree,Part-time Employee,10+ years,Finance,130247,15000,3000,800,Good (670-739),705,None,1,45,Home Refinance,Home Improvement,150,360,5.0,Suburban,None (Unsecured),Approved
NV0001994,Male,Single,1,Associate Degree,Freelancer,<6 months,Healthcare,102940,0,0,0,Very Good (740-799),770,None,0,45,Education Loan,Vacation Home,150,360,25.0,Semiurban,Business Assets,Approved
NV0001995,Female,Married,0,High School,Full-time Employee,10+ years,Construction,34105,80000,0,200,Exceptional (800-850),825,None,2,20,Education Loan,Home Improvement,10,60,0.0,Rural,Business Assets,Approved
NV0001996,Female,Married,2,Associate Degree,Government/Military,<6 months,Retail,64887,15000,0,1000,Fair (580-669),625,None,1,45,Home Purchase,Investment Property,10,360,30.0,Suburban,Real Estate,Approved
NV0001997,Non-binary,Married,1,Associate Degree,Government/Military,10+ years,Technology,94048,15000,0,500,Good (670-739),705,None,0,20,Debt Consolidation,Business Capital,10,180,20.0,Suburban,Business Assets,Approved
NV0001998,Male,Married,2,Bachelor's Degree,Retired,2-5 years,Healthcare,39052,28000,8000,3000,Very Good (740-799),770,None,0,20,Home Purchase,Medical,1000,360,30.0,Semiurban,Vehicle,Rejected
NV0001999,Male,Married,1,Master's Degree,Full-time Employee,10+ years,Technology,63111,28000,8000,800,Exceptional (800-850),825,None,2,20,Home Purchase,Vacation Home,600,240,20.0,Urban,Real Estate,Approved
NV0002000,Male,Single,0,High School,Full-time Employee,2-5 years,Manufacturing,39223,0,0,4000,Exceptional (800-850),825,None,0,20,Personal Loan,Business Capital,40,240,20.0,Urban,Real Estate,Rejected
